corrected_time_s,distance_m
0.0,225
0.054,225
0.108,225
0.162,225
0.215,225
0.269,225
0.323,225
0.377,225
0.43,225
0.484,225
0.538,225
0.592,225
0.645,225
0.699,225
0.753,225
0.807,225
0.861,225
0.914,226
0.968,225
1.022,226
1.076,225
1.129,225
1.183,226
1.237,226
1.291,225
1.344,225
1.398,226
1.452,226
1.506,225
1.559,225
1.613,225
1.667,225
1.721,226
1.774,226
1.828,226
1.882,226
1.936,226
1.989,225
2.043,226
2.097,226
2.151,226
2.205,225
2.258,225
2.312,226
2.366,226
2.42,226
2.473,226
2.527,226
2.581,226
2.635,226
2.688,225
2.742,225
2.796,226
2.85,225
2.903,225
2.957,225
3.011,225
3.065,225
3.118,225
3.172,225
3.226,226
3.28,225
3.333,225
3.387,225
3.441,225
3.495,225
3.549,225
3.602,226
3.656,225
3.71,226
3.764,225
3.817,225
3.871,225
3.973,225
4.027,226
4.08,225
4.134,226
4.188,226
4.242,225
4.295,225
4.349,226
4.403,226
4.457,225
4.51,226
4.564,226
4.618,225
4.672,226
4.725,225
4.779,225
4.833,226
4.887,226
4.941,225
4.994,226
5.048,225
5.102,225
5.156,226
5.209,225
5.263,226
5.317,226
5.371,226
5.424,225
5.478,225
5.532,226
5.586,225
5.639,226
5.693,225
5.747,225
5.801,225
5.854,225
5.908,226
5.962,225
6.016,225
6.069,225
6.123,225
6.177,225
6.231,225
6.285,225
6.338,225
6.392,225
6.446,226
6.496,159
6.545,152
6.594,147
6.643,141
6.691,136
6.739,131
6.787,126
6.834,121
6.881,116
6.928,112
6.975,109
7.022,107
7.068,105
7.114,104
7.159,100
7.205,96
7.251,91
7.297,87
7.342,82
7.387,79
7.432,75
7.476,71
7.52,68
7.564,65
7.609,64
7.653,63
7.697,62
7.741,62
7.785,62
7.829,62
7.873,62
7.918,61
7.962,60
8.006,59
8.05,58
8.093,57
8.136,57
8.179,57
8.223,58
8.266,59
8.31,60
8.354,62
8.399,64
8.443,66
8.487,67
8.531,68
8.576,70
8.622,105
8.668,104
8.714,107
8.76,100
8.806,108
8.854,116
8.966,136
9.02,225
9.073,224
9.127,224
9.181,224
9.235,225
9.288,224
9.342,225
9.396,225
9.45,225
9.503,225
9.557,225
9.611,225
9.665,225
9.718,225
9.772,226
9.826,226
9.88,225
9.933,225
9.987,225
10.041,225
10.095,225
10.149,225
10.202,225
10.256,225
10.31,226
10.364,225
10.417,225
10.471,225
10.525,225
10.579,225
10.632,225
10.686,225
10.74,225
10.794,225
10.847,225
10.901,225
10.955,225
11.009,226
11.062,225
11.116,225
11.17,225
11.224,225
11.277,225
11.331,225
11.385,225
11.439,225
11.493,225
11.546,225
11.6,225
11.654,225
11.708,225
11.761,225
11.815,225
11.869,225
11.923,225
11.976,225
12.03,225
12.084,225
12.138,225
12.191,225
12.245,225
12.299,225
12.353,225
12.406,225
12.46,225
12.514,225
12.568,225
12.621,226
12.675,225
12.729,225
12.783,225
12.837,226
12.89,225
12.944,225
12.998,225
13.052,225
13.105,225
13.159,225
13.213,225
13.267,226
13.32,225
13.374,225
13.428,225
13.482,225
13.535,225
13.589,225
13.643,226
13.697,225
13.75,225
13.804,226
13.858,226
13.912,225
13.965,225
14.019,225
14.073,226
14.127,226
14.181,226
14.234,226
14.288,226
14.396,225
14.449,225
14.503,226
14.557,226
14.611,225
14.664,225
14.718,225
14.772,225
14.826,226
14.879,226
14.933,226
14.987,226
15.041,225
15.094,226
15.148,225
15.202,225
15.256,226
15.309,225
15.363,226
15.417,225
15.471,225
15.525,225
15.578,225
15.632,225
15.686,226
15.74,225
15.793,226
15.847,226
15.901,225
15.955,225
16.008,225
16.062,226
16.116,226
16.17,225
16.223,225
16.277,225
16.331,225
16.385,225
16.438,225
16.492,225
16.546,226
16.6,226
16.653,225
16.707,225
16.761,225
16.815,226
16.869,225
16.922,226
16.976,226
17.03,226
17.084,226
17.137,226
17.191,225
17.245,225
17.299,225
17.352,225
17.406,226
17.46,226
17.514,225
17.567,225
17.621,225
17.675,225
17.729,225
17.782,225
17.836,225
17.89,225
17.944,225
17.997,225
18.051,225
18.105,225
18.159,225
18.213,225
18.266,225
18.32,225
18.374,225
18.428,225
18.481,225
18.535,225
18.589,225
18.643,225
18.696,225
18.75,225
18.804,226
18.858,225
18.911,225
18.965,226
19.019,226
19.073,226
19.126,226
19.18,226
19.234,226
19.288,225
19.341,225
19.395,226
19.449,226
19.503,225
19.557,225
19.61,225
19.664,225
19.718,225
19.82,225
19.873,226
19.927,226
19.981,226
20.035,226
20.088,225
20.142,226
20.196,226
20.25,225
20.303,226
20.357,225
20.411,225
20.465,226
20.518,226
20.572,226
20.626,226
20.68,226
20.733,226
20.787,226
20.841,226
20.895,226
20.949,226
21.002,225
21.056,225
21.11,226
21.164,226
21.217,225
21.271,225
21.325,225
21.379,225
21.432,226
21.486,225
21.54,225
21.594,225
21.647,225
21.701,225
21.755,225
21.809,225
21.862,225
21.916,225
21.97,225
22.024,225
22.077,225
22.131,226
22.185,225
22.239,225
22.293,226
22.346,226
22.4,225
22.454,226
22.508,225
22.561,226
22.615,225
22.669,225
22.723,225
22.776,226
22.83,225
22.884,226
22.938,225
22.991,226
23.045,226
23.099,226
23.153,226
23.206,225
23.26,226
23.314,226
23.368,226
23.422,226
23.475,226
23.529,226
23.583,226
23.637,226
23.69,226
23.744,226
23.798,225
23.852,225
23.905,226
23.959,225
24.013,226
24.067,225
24.12,226
24.174,225
24.228,225
24.282,225
24.335,225
24.389,226
24.443,225
24.497,225
24.55,225
24.604,225
24.658,225
24.712,226
24.765,226
24.819,225
24.873,225
24.927,226
24.981,225
25.034,225
25.088,226
25.142,226
25.244,225
25.297,226
25.351,226
25.405,226
25.459,226
25.512,225
25.566,226
25.62,225
25.674,225
25.727,226
25.781,225
25.835,226
25.889,226
25.942,226
25.996,226
26.05,225
26.104,226
26.158,226
26.211,226
26.265,226
26.319,225
26.373,225
26.426,225
26.48,225
26.534,226
26.588,225
26.641,225
26.695,226
26.749,226
26.803,226
26.856,226
26.91,225
26.964,226
27.018,225
27.071,226
27.125,225
27.179,225
27.233,225
27.286,226
27.34,225
27.394,225
27.448,225
27.501,225
27.555,225
27.609,225
27.663,226
27.717,226
27.77,225
27.824,226
27.878,225
27.932,226
27.985,226
28.039,225
28.093,226
28.147,226
28.2,225
28.254,225
28.308,226
28.362,226
28.415,226
28.469,225
28.523,225
28.577,226
28.63,226
28.684,226
28.738,225
28.792,225
28.846,226
28.899,226
28.953,226
29.007,226
29.061,226
29.114,226
29.168,225
29.222,226
29.276,226
29.329,226
29.383,225
29.437,226
29.491,225
29.544,225
29.598,226
29.652,226
29.706,226
29.759,226
29.813,226
29.867,226
29.921,225
29.974,225
30.028,225
30.082,226
30.136,226
30.189,225
30.243,225
30.297,226
30.351,226
30.405,226
30.458,225
30.512,225
30.566,226
30.668,225
30.721,225
30.775,225
30.829,225
30.883,226
30.936,225
30.99,225
31.044,225
31.098,225
31.151,225
31.205,225
31.259,225
31.313,225
31.366,225
31.42,225
31.474,225
31.528,226
31.581,225
31.635,225
31.689,225
31.743,226
31.797,225
31.85,226
31.904,226
31.958,225
32.012,226
32.065,225
32.119,226
32.173,226
32.227,226
32.28,225
32.334,225
32.383,134
32.436,225
32.49,226
32.543,225
32.597,226
32.651,225
32.705,225
32.758,225
32.812,226
32.866,225
32.92,226
32.974,226
33.027,225
33.081,225
33.135,225
33.188,225
33.242,225
33.296,225
33.35,225
33.404,225
33.457,225
33.511,225
33.565,225
33.619,225
33.663,70
33.717,225
33.77,225
33.824,225
33.878,225
33.932,225
33.985,225
34.039,225
34.093,225
34.147,226
34.2,226
34.254,227
34.308,227
34.362,231
34.407,74
34.493,74
34.539,88
34.592,227
34.637,81
34.691,227
34.745,227
34.799,227
34.852,227
34.906,227
34.96,228
35.047,228
35.101,230
35.188,230
35.242,227
35.296,229
35.35,227
35.403,228
35.457,227
35.511,229
35.565,227
35.61,75
35.655,80
35.709,227
35.762,226
35.816,226
35.867,183
35.918,183
35.969,183
36.014,76
36.107,75
36.152,76
36.206,225
36.251,74
36.304,225
36.355,183
36.406,182
36.457,183
36.508,183
36.552,66
36.596,62
36.64,60
36.693,225
36.747,225
36.801,225
36.845,56
36.898,225
36.942,50
36.995,225
37.049,225
37.102,225
37.156,226
37.21,226
37.264,226
37.318,227
37.371,227
37.425,228
37.479,228
37.533,231
37.587,230
37.64,228
37.694,228
37.748,233
37.792,65
37.846,236
37.889,58
37.933,55
37.976,56
38.019,56
38.062,56
38.105,56
38.149,56
38.192,56
38.245,235
38.299,234
38.342,51
38.386,68
38.44,235
38.527,235
38.571,50
38.658,50
38.701,49
38.744,48
38.788,50
38.831,50
38.874,48
38.917,48
38.96,48
39.003,48
39.047,47
39.09,49
39.133,50
39.176,49
39.22,49
39.263,47
39.306,49
39.349,50
39.392,49
39.436,53
39.479,52
39.522,50
39.565,50
39.609,57
39.652,57
39.695,60
39.739,56
39.782,56
39.826,53
39.869,49
39.912,49
39.955,48
39.998,49
40.041,49
40.084,49
40.128,49
40.171,49
40.214,50
40.258,55
40.301,54
40.344,56
40.387,48
40.429,25
40.472,48
40.514,22
40.557,50
40.6,51
40.643,50
40.686,50
40.73,49
40.773,48
40.864,46
40.907,48
40.949,29
40.993,47
41.036,49
41.079,49
41.122,47
41.165,48
41.209,47
41.252,47
41.295,49
41.338,49
41.392,233
41.446,233
41.5,234
41.543,49
41.597,233
41.65,232
41.704,231
41.758,233
41.801,56
41.845,56
41.898,228
41.952,228
42.006,231
42.059,227
42.113,228
42.167,229
42.22,229
42.264,56
42.307,57
42.36,227
42.404,56
42.457,226
42.501,56
42.544,56
42.587,49
42.63,50
42.674,50
42.717,56
42.76,56
42.803,51
42.847,56
42.89,51
42.933,56
42.977,64
43.021,56
43.064,56
43.107,56
43.15,49
43.193,51
43.237,56
43.28,56
43.323,57
43.376,227
43.42,56
43.463,50
43.506,56
43.549,51
43.603,225
43.647,64
43.701,225
43.744,56
43.788,67
43.842,225
43.886,56
43.929,56
43.972,56
44.025,226
44.079,225
44.123,59
44.177,225
44.23,225
44.284,225
44.328,59
44.372,59
44.426,226
44.471,70
44.524,225
44.578,225
44.622,61
44.676,225
44.73,225
44.783,225
44.837,225
44.891,225
44.935,65
44.979,62
45.023,60
45.068,65
45.121,225
45.165,59
45.219,225
45.273,225
45.327,225
45.381,225
45.434,225
45.488,225
45.542,225
45.596,225
45.697,225
45.751,225
45.805,225
45.859,225
45.912,225
45.966,225
46.02,225
46.074,225
46.118,68
46.163,70
46.206,64
46.25,63
46.295,65
46.339,64
46.392,225
46.437,71
46.49,225
46.544,225
46.598,225
46.642,62
46.686,65
46.74,226
46.784,62
46.828,63
46.882,225
46.936,225
46.989,225
47.043,225
47.088,75
47.133,65
47.186,225
47.24,225
47.294,225
47.348,225
47.401,225
47.446,69
47.49,65
47.534,63
47.578,63
47.622,60
47.666,63
47.711,64
47.764,225
47.818,225
47.863,73
47.916,225
47.97,225
48.023,226
48.077,226
48.131,226
48.185,225
48.238,225
48.283,71
48.327,72
48.372,72
48.425,225
48.478,226
48.532,226
48.586,225
48.64,225
48.684,70
48.738,226
48.791,225
48.845,225
48.899,225
48.953,225
49.006,225
49.06,225
49.114,225
49.168,225
49.212,66
49.256,65
49.3,63
49.345,63
49.389,66
49.433,64
49.477,67
49.531,226
49.584,225
49.638,225
49.692,225
49.746,225
49.79,66
49.834,59
49.878,59
49.922,60
49.976,225
50.02,60
50.064,59
50.108,57
50.151,57
50.205,225
50.249,59
50.293,59
50.347,225
50.391,64
50.445,225
50.498,225
50.542,60
50.587,64
50.677,36
50.721,58
50.764,56
50.807,56
50.85,56
50.894,56
50.937,57
50.98,59
51.034,228
51.078,60
51.122,63
51.167,62
51.211,62
51.255,66
51.299,63
51.344,71
51.397,225
51.441,66
51.485,65
51.53,64
51.583,225
51.637,225
51.691,225
51.744,225
51.798,225
51.852,226
51.903,184
51.954,184
52.005,183
52.05,78
52.101,183
52.152,185
52.205,225
52.259,226
52.304,68
52.347,63
52.391,62
52.436,62
52.48,60
52.524,58
52.568,58
52.612,57
52.655,61
52.699,58
52.743,57
52.786,58
52.83,58
52.873,56
52.916,56
52.96,58
53.003,56
53.046,56
53.089,56
53.132,55
53.175,54
53.219,54
53.262,54
53.305,55
53.348,56
53.391,52
53.434,52
53.478,54
53.521,51
53.564,52
53.607,56
53.65,43
53.693,42
53.736,39
53.778,37
53.82,33
53.862,28
53.904,26
53.948,49
54.001,226
54.043,16
54.084,16
54.125,16
54.179,226
54.23,184
54.271,17
54.312,9
54.353,6
54.394,9
54.435,9
54.478,43
54.52,16
54.563,43
54.604,16
54.647,43
54.701,226
54.755,226
54.809,226
54.863,227
54.906,50
54.949,40
54.991,38
55.044,226
55.098,226
55.151,226
55.195,49
55.296,226
55.35,225
55.393,45
55.447,225
55.501,225
55.542,16
55.596,227
55.639,44
55.681,16
55.722,10
55.763,16
55.804,11
55.846,16
55.889,52
55.93,9
55.971,9
56.012,9
56.054,9
56.095,9
56.136,9
56.177,7
56.218,9
56.259,9
56.3,10
56.342,11
56.383,13
56.424,11
56.466,10
56.507,9
56.548,11
56.589,10
56.631,9
56.672,17
56.713,9
56.755,12
56.796,16
56.838,23
56.879,17
56.919,7
56.96,13
57.001,9
57.042,9
57.084,9
57.125,9
57.167,16
57.218,186
57.261,50
57.304,56
57.355,184
57.398,40
57.44,42
57.491,184
57.542,184
57.593,185
57.634,16
57.685,184
57.739,225
57.792,225
57.846,225
57.9,225
57.951,184
58.005,225
58.056,184
58.109,225
58.15,4
58.19,4
58.231,4
58.271,3
58.322,185
58.362,4
58.403,4
58.443,4
58.483,5
58.523,4
58.564,3
58.604,4
58.645,5
58.685,4
58.725,3
58.765,4
58.806,2
58.846,2
58.886,3
58.927,4
58.98,226
59.021,4
59.061,4
59.101,2
59.142,3
59.182,3
59.222,3
59.263,9
59.307,57
59.347,5
59.388,5
59.428,4
59.47,43
59.511,5
59.552,8
59.595,49
59.685,39
59.726,6
59.768,47
59.81,16
59.85,6
59.903,225
59.957,226
60.0,45
60.044,49
60.087,49
60.141,225
60.182,16
60.225,44
60.266,8
60.308,42
60.362,226
60.404,16
60.457,225
60.499,12
60.54,16
60.583,43
60.627,52
60.667,9
60.709,6
60.749,6
60.789,9
60.83,6
60.871,9
60.925,226
60.968,49
61.01,16
61.053,49
61.096,56
61.149,225
61.203,225
61.257,225
61.299,16
61.352,225
61.396,51
61.439,50
61.492,226
61.535,43
61.579,43
61.632,225
61.686,225
61.74,225
61.794,225
61.847,225
61.901,226
61.955,226
62.009,226
62.062,225
62.116,226
62.17,226
62.224,226
62.278,226
62.331,226
62.385,226
62.439,225
62.493,225
62.536,44
62.579,40
62.621,40
62.663,40
62.705,40
62.748,42
62.791,42
62.834,42
62.877,42
62.921,42
62.964,41
63.006,42
63.049,41
63.091,41
63.144,226
63.188,44
63.231,44
63.274,44
63.317,44
63.371,225
63.425,225
63.468,50
63.511,45
63.565,225
63.619,225
63.672,225
63.726,225
63.78,225
63.834,225
63.887,225
63.941,225
63.995,225
64.049,225
64.102,226
64.156,225
64.21,225
64.264,225
64.317,225
64.371,225
64.425,225
64.527,225
64.581,225
64.634,225
64.688,225
64.742,225
64.796,225
64.849,225
64.903,225
64.957,225
65.011,225
65.064,225
65.118,225
65.172,225
65.226,225
65.279,225
65.333,225
65.387,225
65.441,225
65.494,225
65.548,225
65.602,225
65.656,225
65.709,225
65.763,225
65.817,225
65.871,225
65.924,225
65.978,225
66.032,225
66.086,226
66.14,226
66.193,225
66.247,225
66.298,185
66.352,225
66.405,225
66.459,225
66.513,226
66.567,225
66.621,225
66.674,225
66.728,225
66.782,225
66.836,225
66.889,225
66.943,225
66.997,225
67.051,225
67.104,225
67.158,225
67.212,225
67.266,225
67.319,225
67.373,225
67.427,225
67.468,9
67.522,225
67.576,225
67.629,225
67.683,225
67.737,225
67.791,225
67.844,225
67.886,16
67.927,16
67.981,225
68.032,185
68.085,225
68.139,225
68.193,225
68.247,225
68.301,225
68.354,225
68.408,225
68.462,225
68.505,50
68.556,184
68.607,183
68.658,185
68.711,225
68.763,185
68.814,185
68.867,225
68.918,186
68.969,184
69.02,184
69.073,225
69.125,184
69.176,183
69.226,184
69.277,183
69.328,183
69.379,184
69.43,183
69.473,44
69.526,225
69.58,225
69.622,18
69.675,226
69.718,43
69.81,56
69.853,53
69.897,57
69.95,225
69.994,56
70.037,66
70.091,225
70.135,56
70.188,225
70.242,225
70.295,226
70.349,225
70.403,226
70.457,226
70.51,225
70.564,225
70.618,225
70.672,225
70.715,46
70.759,61
70.803,56
70.847,73
70.9,225
70.954,225
71.008,225
71.061,225
71.106,70
71.15,69
71.194,70
71.239,70
71.292,225
71.346,225
71.399,225
71.453,225
71.507,225
71.552,70
71.596,69
71.64,70
71.684,71
71.728,69
71.772,70
71.826,225
71.87,69
71.915,71
71.968,225
72.021,225
72.075,225
72.12,70
72.164,70
72.217,225
72.271,225
72.325,225
72.379,225
72.423,72
72.468,73
72.521,225
72.574,225
72.628,225
72.672,48
72.715,49
72.758,56
72.802,56
72.855,225
72.899,65
72.953,226
73.007,226
73.06,227
73.104,59
73.148,56
73.191,49
73.236,72
73.289,225
73.334,75
73.388,225
73.432,59
73.476,60
73.52,63
73.571,182
73.622,183
73.673,183
73.718,87
73.769,184
73.82,183
73.871,183
73.922,183
73.973,183
74.023,182
74.074,183
74.125,183
74.17,80
74.216,94
74.267,184
74.321,226
74.366,84
74.411,84
74.456,82
74.501,81
74.553,184
74.598,83
74.65,208
74.749,185
74.8,185
74.851,184
74.904,225
74.958,225
75.012,226
75.063,183
75.114,183
75.165,184
75.218,225
75.272,225
75.326,225
75.38,226
75.433,225
75.484,179
75.535,176
75.586,174
75.64,227
75.694,229
75.739,76
75.784,74
75.828,73
75.875,133
75.929,238
75.977,128
76.027,161
76.081,231
76.127,102
76.172,86
76.217,88
76.271,227
76.324,226
76.378,226
76.432,226
76.486,226
76.539,226
76.593,225
76.647,226
76.701,226
76.754,225
76.808,226
76.862,226
76.916,226
76.969,225
77.023,226
77.077,226
77.131,225
77.184,226
77.238,226
77.292,226
77.346,225
77.399,226
77.453,225
77.507,226
77.561,226
77.614,226
77.668,225
77.722,225
77.776,226
77.829,225
77.883,225
77.937,226
77.991,225
78.045,225
78.098,225
78.152,225
78.206,226
78.26,225
78.313,225
78.367,226
78.421,225
78.475,225
78.528,225
78.582,226
78.636,225
78.69,225
78.743,225
78.797,225
78.851,225
78.905,225
78.958,226
79.012,225
79.066,226
79.12,225
79.173,225
79.227,226
79.281,226
79.335,226
79.389,226
79.442,226
79.496,226
79.55,226
79.604,225
79.657,226
79.711,226
79.765,226
79.819,226
79.872,226
79.926,226
79.98,225
80.082,226
80.135,226
80.189,226
80.243,226
80.297,225
80.35,225
80.404,225
80.458,226
80.512,226
80.565,225
80.619,225
80.673,225
80.727,225
80.781,226
80.834,226
80.888,226
80.942,225
80.996,225
81.049,225
81.103,225
81.157,225
81.211,225
81.264,225
81.318,225
81.372,226
81.426,225
81.479,226
81.533,225
81.587,225
81.641,225
81.694,225
81.748,225
81.802,225
81.856,226
81.909,225
81.963,225
82.017,226
82.071,226
82.125,226
82.178,226
82.232,225
82.286,226
82.34,226
82.393,225
82.447,225
82.501,225
82.555,226
82.608,225
82.662,225
82.716,226
82.77,225
82.823,225
82.877,225
82.931,226
82.985,225
83.038,226
83.092,226
83.146,226
83.2,225
83.254,226
83.307,225
83.361,226
83.415,226
83.469,226
83.522,226
83.576,226
83.63,226
83.684,225
83.737,225
83.791,225
83.845,226
83.899,225
83.952,225
84.006,225
84.06,225
84.114,226
84.167,225
84.221,225
84.275,225
84.329,225
84.382,226
84.436,225
84.49,226
84.544,225
84.598,226
84.651,225
84.705,225
84.759,225
84.813,225
84.866,225
84.92,226
84.974,225
85.028,226
85.081,225
85.135,225
85.189,225
85.243,226
85.296,226
85.35,225
85.404,226
85.511,225
85.565,226
85.619,225
85.673,225
85.726,225
85.78,225
85.834,225
85.888,226
85.942,226
85.995,226
86.049,226
86.103,225
86.157,225
86.21,225
86.264,225
86.318,225
86.372,225
86.425,226
86.479,226
86.533,226
86.587,225
86.64,226
86.694,226
86.748,226
86.802,226
86.855,226
86.909,226
86.963,226
87.017,226
87.07,225
87.124,225
87.178,225
87.232,225
87.285,225
87.339,225
87.393,225
87.447,225
87.501,225
87.554,225
87.608,225
87.662,225
87.716,225
87.769,225
87.823,225
87.877,226
87.931,225
87.984,225
88.038,225
88.092,225
88.146,226
88.199,226
88.253,226
88.307,226
88.361,226
88.414,226
88.468,225
88.522,226
88.576,225
88.63,226
88.683,225
88.737,225
88.791,225
88.845,226
88.898,225
88.952,225
89.006,225
89.06,226
89.113,226
89.167,225
89.221,225
89.275,226
89.328,225
89.382,226
89.436,226
89.49,225
89.543,225
89.597,226
89.651,225
89.705,225
89.758,225
89.812,225
89.866,225
89.92,225
89.973,225
90.027,225
90.081,225
90.135,225
90.189,225
90.242,225
90.296,225
90.35,225
90.404,225
90.457,225
90.511,225
90.565,225
90.619,225
90.672,225
90.726,225
90.78,225
90.834,225
90.935,225
90.989,225
91.043,225
91.097,225
91.15,225
91.204,224
91.258,225
91.312,225
91.365,225
91.419,225
91.473,225
91.527,225
91.581,225
91.634,225
91.688,226
91.742,225
91.796,225
91.849,225
91.903,225
91.957,225
92.011,225
92.064,225
92.118,225
92.172,225
92.226,225
92.279,225
92.333,225
92.387,225
92.441,225
92.494,225
92.548,225
92.602,225
92.656,225
92.709,225
92.763,225
92.817,225
92.871,225
92.925,225
92.978,225
93.032,225
93.086,225
93.14,225
93.193,225
93.247,225
93.301,225
93.355,225
93.408,225
93.462,225
93.516,225
93.57,225
93.623,225
93.677,225
93.731,225
93.785,225
93.838,225
93.892,225
93.946,225
94.0,225
94.053,225
94.107,225
94.161,225
94.215,226
94.269,225
94.322,225
94.376,225
94.43,225
94.484,225
94.537,225
94.591,225
94.645,225
94.699,225
94.752,226
94.806,225
94.86,225
94.914,225
94.967,225
95.021,225
95.075,225
95.129,225
95.182,225
95.236,225
95.29,225
95.344,225
95.397,225
95.451,225
95.505,225
95.559,225
95.612,225
95.666,225
95.72,225
95.774,225
95.828,226
95.881,225
95.935,225
95.989,225
96.043,225
96.096,225
96.15,225
96.204,225
96.258,225
96.359,225
96.413,225
96.467,225
96.521,225
96.574,225
96.628,225
96.682,225
96.736,225
96.789,225
96.843,225
96.897,225
96.951,225
97.005,225
97.058,226
97.112,226
97.166,225
97.22,226
97.273,226
97.327,225
97.381,225
97.435,225
97.488,226
97.542,226
97.596,225
97.65,225
97.703,225
97.757,225
97.811,225
97.865,225
97.918,226
97.972,225
98.026,225
98.08,225
98.133,225
98.187,225
98.241,225
98.295,225
98.349,225
98.402,225
98.456,225
98.51,225
98.564,225
98.617,225
98.671,225
98.725,226
98.779,226
98.832,226
98.886,225
98.94,226
98.994,225
99.047,226
99.101,226
99.155,225
99.209,225
99.262,225
99.316,225
99.37,225
99.424,225
99.477,225
99.531,225
99.585,226
99.639,225
99.693,225
99.746,225
99.8,225
99.854,225
99.908,225
99.961,225
100.015,225
100.069,225
100.123,225
100.176,226
100.23,225
100.284,225
100.338,225
100.391,225
100.445,225
100.499,225
100.553,225
100.606,225
100.66,225
100.714,226
100.768,226
100.821,225
100.875,225
100.929,225
100.983,225
101.037,225
101.09,226
101.144,225
101.198,225
101.252,225
101.305,225
101.359,225
101.413,226
101.467,226
101.52,226
101.574,226
101.628,225
101.682,225
101.783,225
101.837,225
101.891,226
101.945,225
101.998,225
102.052,225
102.106,225
102.16,225
102.213,225
102.267,225
102.321,225
102.375,225
102.429,225
102.482,225
102.536,225
102.59,225
102.644,225
102.697,225
102.751,225
102.805,225
102.859,225
102.912,225
102.966,225
103.02,225
103.074,225
103.127,225
103.181,225
103.235,225
103.289,225
103.342,225
103.396,225
103.45,226
103.504,226
103.557,226
103.611,225
103.665,225
103.719,225
103.773,225
103.826,225
103.88,226
103.934,225
103.988,225
104.041,226
104.095,225
104.149,225
104.203,225
104.256,225
104.31,225
104.364,226
104.418,226
104.471,226
104.525,225
104.579,226
104.633,226
104.686,226
104.74,226
104.794,226
104.848,226
104.901,225
104.955,225
105.009,225
105.063,225
105.117,225
105.17,226
105.224,225
105.278,225
105.332,225
105.385,225
105.439,226
105.493,225
105.547,225
105.6,226
105.654,226
105.708,226
105.762,225
105.815,225
105.869,225
105.923,225
105.977,225
106.03,225
106.084,225
106.138,225
106.192,225
106.246,226
106.299,225
106.353,225
106.407,226
106.461,225
106.514,225
106.568,225
106.622,225
106.676,225
106.729,226
106.783,226
106.837,226
106.891,225
106.944,225
106.998,226
107.052,225
107.106,225
107.207,225
107.261,225
107.315,225
107.369,225
107.422,226
107.476,226
107.53,226
107.584,226
107.637,225
107.691,225
107.745,225
107.799,226
107.853,226
107.906,225
107.96,226
108.014,226
108.068,225
108.121,226
108.175,225
108.229,225
108.283,225
108.336,226
108.39,225
108.444,225
108.498,225
108.551,225
108.605,226
108.659,226
108.713,226
108.766,225
108.82,226
108.874,226
108.928,226
108.982,226
109.035,225
109.089,225
109.143,225
109.197,226
109.25,226
109.304,226
109.358,226
109.412,225
109.465,225
109.519,226
109.573,226
109.627,226
109.68,225
109.734,225
109.788,225
109.842,226
109.895,225
109.949,226
110.003,225
110.057,225
110.11,226
110.164,226
110.218,225
110.272,225
110.326,226
110.379,226
110.433,225
110.487,225
110.541,225
110.594,225
110.648,225
110.702,226
110.756,226
110.809,226
110.863,226
110.917,226
110.971,225
111.024,225
111.078,226
111.132,226
111.186,226
111.239,225
111.293,226
111.347,226
111.401,226
111.454,226
111.508,225
111.562,225
111.616,225
111.67,226
111.723,226
111.777,225
111.831,226
111.885,226
111.938,225
111.992,225
112.046,226
112.1,225
112.153,226
112.207,226
112.261,226
112.315,225
112.368,226
112.422,226
112.476,225
112.53,225
112.631,225
112.685,225
112.739,225
112.793,225
112.846,226
112.9,226
112.954,225
113.008,226
113.061,225
113.115,226
113.169,226
113.223,226
113.277,226
113.33,226
113.384,225
113.438,226
113.492,226
113.545,226
113.599,225
113.653,225
113.707,225
113.76,225
113.814,225
113.868,225
113.922,225
113.975,225
114.029,225
114.083,225
114.137,225
114.19,225
114.244,225
114.298,225
114.352,225
114.405,225
114.459,226
114.513,225
114.567,225
114.621,225
114.674,225
114.728,225
114.782,225
114.836,225
114.889,225
114.943,225
114.997,225
115.051,225
115.104,225
115.158,225
115.212,225
115.266,225
115.319,225
115.373,225
115.427,225
115.481,225
115.534,225
115.588,225
115.642,226
115.696,226
115.749,225
115.803,225
115.857,225
115.911,225
115.965,225
116.018,226
116.072,226
116.126,225
116.18,226
116.233,226
116.287,225
116.341,225
116.395,225
116.448,225
116.502,225
116.556,225
116.61,226
116.663,226
116.717,226
116.771,225
116.825,225
116.878,225
116.932,225
116.986,225
117.04,225
117.094,226
117.147,226
117.201,226
117.255,226
117.309,226
117.362,225
117.416,226
117.47,226
117.524,225
117.577,226
117.631,226
117.685,226
117.739,225
117.792,225
117.846,225
117.9,225
117.954,225
118.061,226
118.115,225
118.169,225
118.222,225
118.276,226
118.33,225
118.384,225
118.438,226
118.491,225
118.545,226
118.599,225
118.653,225
118.706,226
118.76,226
118.814,226
118.868,225
118.921,226
118.975,225
119.029,225
119.083,226
119.136,226
119.19,226
119.244,225
119.298,225
119.351,225
119.405,225
119.459,225
119.513,226
119.566,226
119.62,226
119.674,225
119.728,225
119.781,225
119.835,225
119.889,225
119.943,225
119.997,225
120.05,225
120.104,225
120.158,226
120.212,225
120.265,225
120.319,226
120.373,226
120.427,225
120.48,225
120.534,226
120.588,225
120.642,225
120.695,226
120.749,225
120.803,225
120.857,226
120.91,226
120.964,226
121.018,225
121.072,225
121.125,225
121.179,225
121.233,225
121.287,225
121.341,225
121.394,225
121.448,225
121.502,225
121.556,226
121.609,225
121.663,226
121.717,226
121.771,225
121.824,226
121.878,225
121.932,226
121.986,226
122.039,226
122.093,226
122.147,226
122.201,226
122.254,226
122.308,226
122.362,226
122.416,226
122.47,226
122.523,226
122.577,226
122.631,226
122.685,226
122.738,226
122.792,226
122.846,225
122.9,225
122.953,226
123.007,225
123.061,226
123.115,226
123.168,226
123.222,226
123.276,225
123.33,226
123.383,226
123.485,226
123.539,226
123.593,226
123.646,226
123.7,226
123.754,226
123.808,225
123.862,226
123.915,225
123.969,225
124.023,225
124.077,226
124.13,225
124.184,225
124.238,225
124.292,225
124.345,225
124.399,226
124.453,226
124.507,226
124.56,226
124.614,226
124.668,226
124.722,226
124.775,226
124.829,226
124.883,226
124.937,226
124.99,226
125.044,226
125.098,225
125.152,226
125.205,226
125.259,226
125.313,226
125.367,226
125.421,226
125.474,226
125.528,226
125.582,226
125.636,226
125.689,226
125.743,226
125.797,226
125.851,226
125.904,225
125.958,225
126.012,225
126.066,226
126.119,226
126.173,225
126.227,226
126.281,226
126.334,225
126.388,225
126.442,226
126.496,226
126.549,225
126.603,225
126.657,226
126.711,225
126.765,225
126.818,226
126.872,226
126.926,226
126.98,225
127.033,225
127.087,226
127.141,225
127.195,226
127.248,226
127.302,225
127.356,226
127.41,226
127.463,226
127.517,226
127.571,225
127.625,226
127.678,226
127.732,226
127.786,226
127.84,226
127.893,225
127.947,226
128.001,226
128.055,226
128.109,226
128.162,226
128.216,226
128.27,226
128.324,226
128.377,226
128.431,226
128.485,226
128.539,226
128.592,226
128.646,226
128.7,226
128.754,226
128.807,226
128.909,226
128.963,226
129.017,226
129.07,226
129.124,226
129.178,226
129.232,226
129.286,226
129.339,226
129.39,165
129.438,134
129.485,130
129.534,144
129.582,132
129.63,129
129.674,63
129.718,59
129.762,56
129.806,56
129.849,56
129.892,58
129.979,58
130.066,58
130.154,58
130.207,226
130.261,225
130.308,114
130.362,225
130.415,226
130.469,225
130.522,215
130.576,226
130.629,226
130.683,226
130.737,226
130.791,226
130.845,226
130.898,226
130.952,226
131.006,226
131.06,226
131.113,226
131.167,226
131.221,225
131.275,226
131.328,226
131.382,226
131.436,226
131.49,226
131.543,226
131.597,226
131.651,226
131.705,226
131.758,226
131.812,225
131.866,225
131.92,225
131.974,226
132.027,226
132.081,226
132.135,226
132.189,226
132.242,226
132.296,226
132.35,225
132.404,225
132.457,226
132.511,226
132.565,226
132.619,225
132.672,226
132.726,226
132.78,226
132.834,226
132.887,226
132.941,226
132.995,226
133.049,226
133.102,226
133.156,225
133.21,226
133.264,226
133.317,225
133.371,225
133.425,226
133.479,226
133.533,226
133.586,225
133.64,226
133.694,226
133.748,226
133.801,226
133.855,226
133.909,225
133.963,226
134.016,226
134.07,225
134.124,225
134.178,226
134.231,226
134.333,226
134.387,225
134.441,225
134.494,226
134.548,226
134.602,225
134.656,225
134.709,225
134.763,225
134.817,225
134.871,226
134.925,225
134.978,225
135.032,226
135.086,226
135.14,226
135.193,226
135.247,226
135.301,226
135.355,226
135.408,225
135.462,226
135.516,225
135.57,225
135.623,225
135.677,226
135.731,226
135.785,226
135.838,225
135.892,225
135.946,226
136.0,225
136.053,225
136.107,226
136.161,225
136.215,225
136.269,226
136.322,225
136.376,226
136.43,225
136.484,225
136.537,226
136.591,225
136.645,226
136.699,225
136.752,225
136.806,226
136.86,226
136.914,225
136.967,226
137.021,225
137.075,226
137.129,225
137.182,226
137.236,226
137.29,225
137.344,225
137.398,226
137.451,225
137.505,225
137.559,226
137.613,225
137.666,226
137.72,225
137.774,226
137.828,225
137.881,226
137.935,226
137.989,226
138.043,225
138.096,226
138.15,225
138.204,226
138.258,226
138.311,226
138.365,226
138.419,226
138.473,226
138.526,226
138.58,226
138.634,225
138.688,226
138.742,226
138.795,226
138.849,226
138.903,225
138.957,225
139.01,226
139.064,226
139.118,226
139.172,226
139.225,225
139.279,226
139.333,225
139.387,226
139.44,226
139.494,226
139.548,226
139.602,226
139.655,226
139.757,226
139.811,225
139.865,225
139.918,226
139.972,226
140.026,226
140.08,225
140.134,226
140.187,226
140.241,226
140.295,226
140.349,225
140.402,225
140.456,225
140.51,226
140.564,225
140.617,226
140.671,226
140.725,226
140.779,226
140.832,226
140.886,226
140.94,226
140.994,226
141.047,226
141.101,225
141.155,226
141.209,226
141.262,226
141.316,226
141.37,226
141.424,225
141.478,226
141.531,225
141.585,226
141.639,226
141.693,225
141.746,226
141.8,226
141.854,226
141.908,226
141.961,226
142.015,225
142.069,226
142.123,225
142.176,226
142.23,226
142.284,225
142.338,226
142.391,225
142.445,225
142.499,225
142.553,225
142.606,225
142.66,226
142.714,226
142.768,225
142.821,225
142.875,226
142.929,226
142.983,225
143.037,225
143.09,225
143.144,225
143.198,225
143.252,225
143.305,226
143.359,226
143.413,225
143.467,226
143.52,225
143.574,225
143.628,226
143.682,226
143.735,226
143.789,225
143.843,225
143.897,225
143.95,225
144.004,225
144.058,225
144.112,226
144.165,225
144.219,226
144.273,225
144.327,225
144.381,226
144.434,226
144.488,226
144.542,226
144.596,226
144.649,225
144.703,226
144.757,225
144.811,226
144.864,225
144.918,226
144.972,225
145.026,226
145.079,225
145.181,225
145.235,226
145.289,226
145.342,226
145.396,225
145.45,225
145.504,226
145.558,226
145.611,226
145.665,226
145.719,225
145.773,225
145.826,225
145.88,225
145.934,225
145.988,226
146.041,225
146.095,225
146.149,226
146.203,226
146.256,226
146.31,226
146.364,226
146.418,226
146.471,225
146.525,226
146.579,225
146.633,226
146.686,226
146.74,226
146.794,225
146.848,226
146.902,226
146.955,225
147.009,225
147.063,226
147.117,225
147.17,225
147.224,226
147.278,226
147.332,226
147.385,225
147.439,226
147.493,225
147.547,225
147.6,226
147.654,226
147.708,226
147.762,226
147.815,226
147.869,225
147.923,226
147.977,226
148.03,225
148.084,225
148.138,226
148.192,226
148.246,226
148.299,225
148.353,226
148.407,225
148.461,226
148.514,226
148.568,226
148.622,226
148.676,226
148.729,226
148.783,225
148.837,226
148.891,226
148.944,226
148.998,226
149.052,226
149.106,225
149.159,225
149.213,225
149.267,225
149.321,225
149.374,225
149.428,226
149.482,226
149.536,225
149.589,225
149.643,225
149.697,226
149.751,226
149.805,226
149.858,226
149.912,226
149.966,225
150.02,226
150.073,226
150.127,226
150.181,225
150.235,226
150.288,226
150.342,225
150.396,225
150.45,226
150.503,225
150.605,225
150.659,226
150.713,225
150.766,225
150.82,225
150.874,225
150.928,226
150.981,225
151.035,225
151.089,225
151.143,225
151.197,225
151.25,225
151.304,225
151.358,226
151.412,225
151.465,226
151.519,225
151.573,226
151.627,226
151.68,225
151.734,225
151.788,226
151.842,226
151.895,226
151.949,225
152.003,226
152.057,226
152.11,226
152.164,226
152.218,226
152.272,225
152.325,225
152.379,225
152.433,225
152.487,225
152.541,226
152.594,226
152.648,225
152.702,226
152.756,225
152.809,226
152.863,225
152.917,225
152.971,226
153.024,226
153.078,226
153.132,225
153.186,225
153.239,225
153.293,225
153.347,225
153.401,225
153.454,225
153.508,225
153.562,226
153.616,225
153.669,225
153.723,225
153.777,225
153.831,225
153.885,225
153.938,225
153.992,225
154.046,225
154.1,225
154.153,225
154.207,225
154.261,225
154.315,225
154.368,225
154.422,225
154.476,225
154.53,225
154.583,225
154.637,225
154.691,226
154.745,225
154.798,225
154.852,226
154.906,225
154.96,226
155.013,225
155.067,225
155.121,225
155.175,225
155.229,225
155.282,225
155.336,225
155.39,225
155.444,226
155.497,226
155.551,226
155.605,225
155.659,225
155.712,225
155.766,225
155.82,225
155.874,225
155.927,225
156.035,225
156.089,225
156.142,225
156.196,225
156.25,225
156.304,225
156.357,225
156.411,226
156.465,225
156.519,225
156.573,225
156.626,225
156.68,225
156.734,225
156.788,225
156.841,225
156.895,225
156.949,225
157.003,225
157.056,225
157.11,225
157.164,225
157.218,226
157.271,225
157.325,225
157.379,226
157.433,225
157.486,225
157.54,225
157.594,225
157.648,225
157.701,225
157.755,225
157.809,225
157.863,225
157.917,225
157.97,225
158.024,226
158.078,225
158.132,225
158.185,226
158.239,225
158.293,225
158.347,225
158.4,225
158.454,225
158.508,225
158.562,225
158.615,225
158.669,225
158.723,225
158.777,225
158.83,225
158.884,225
158.938,225
158.992,225
159.045,225
159.099,225
159.153,225
159.207,225
159.261,225
159.314,225
159.368,225
159.422,225
159.476,225
159.529,225
159.583,225
159.637,225
159.691,225
159.744,225
159.798,225
159.852,225
159.906,225
159.959,225
160.013,225
160.067,225
160.121,226
160.174,225
160.228,225
160.282,225
160.336,225
160.389,225
160.443,225
160.497,225
160.551,225
160.605,225
160.658,225
160.712,225
160.766,226
160.82,226
160.873,225
160.927,225
160.981,225
161.035,225
161.088,225
161.142,225
161.196,225
161.25,225
161.303,225
161.357,226
161.459,225
161.513,225
161.566,225
161.62,226
161.674,226
161.728,225
161.781,225
161.835,225
161.889,226
161.943,226
161.997,225
162.05,225
162.104,225
162.158,225
162.212,225
162.265,225
162.319,225
162.373,225
162.427,225
162.48,226
162.534,226
162.588,226
162.642,226
162.695,226
162.749,225
162.803,225
162.857,225
162.91,226
162.964,225
163.018,226
163.072,226
163.125,225
163.179,226
163.233,225
163.287,226
163.341,226
163.394,226
163.448,226
163.502,225
163.556,226
163.609,226
163.663,226
163.717,225
163.771,226
163.824,226
163.878,225
163.932,226
163.986,225
164.039,226
164.093,225
164.147,226
164.201,225
164.254,225
164.308,226
164.362,225
164.416,226
164.469,225
164.523,226
164.577,225
164.631,226
164.685,225
164.738,226
164.792,226
164.846,226
164.9,225
164.953,225
165.007,225
165.061,225
165.115,225
165.168,227
165.222,225
165.276,225
165.33,225
165.383,226
165.437,225
165.491,226
165.545,225
165.598,226
165.652,226
165.706,226
165.76,226
165.813,225
165.867,226
165.921,226
165.975,226
166.029,226
166.082,226
166.136,225
166.19,226
166.244,225
166.297,225
166.351,225
166.405,225
166.459,225
166.512,226
166.566,225
166.62,226
166.674,225
166.727,225
166.781,225
166.936,226
166.99,226
167.043,226
167.097,226
167.151,226
167.205,226
167.258,225
167.312,226
167.366,226
167.42,225
167.473,225
167.527,225
167.581,225
167.635,225
167.688,225
167.742,225
167.796,226
167.85,226
167.903,226
167.957,225
168.011,225
168.065,225
168.118,225
168.172,225
168.226,225
168.28,225
168.333,225
168.387,225
168.441,225
168.495,225
168.549,226
168.602,226
168.656,226
168.71,225
168.764,226
168.817,225
168.871,225
168.925,225
168.979,226
169.032,225
169.086,225
169.14,225
169.194,225
169.247,226
169.301,226
169.355,226
169.409,226
169.462,225
169.516,226
169.57,225
169.624,225
169.677,225
169.731,225
169.785,226
169.839,226
169.893,226
169.946,225
170.0,226
170.054,226
170.108,226
170.161,226
170.215,225
170.269,226
170.323,225
170.376,225
170.43,226
170.484,226
170.538,225
170.591,226
170.645,225
170.699,226
170.753,225
170.806,226
170.86,225
170.914,225
170.968,225
171.021,225
171.075,225
171.129,225
171.183,225
171.237,225
171.29,225
171.344,225
171.398,226
171.452,225
171.505,225
171.559,225
171.613,225
171.667,225
171.72,225
171.774,225
171.828,225
171.882,225
171.935,225
171.989,226
172.043,225
172.097,225
172.15,225
172.204,225
172.258,225
172.36,226
172.414,226
172.467,225
172.521,225
172.575,225
172.629,225
172.682,225
172.736,226
172.79,226
172.844,226
172.897,225
172.951,226
173.005,226
173.059,226
173.112,226
173.166,226
173.22,226
173.274,225
173.327,225
173.381,225
173.435,225
173.489,226
173.542,226
173.596,225
173.65,226
173.704,226
173.757,226
173.811,225
173.865,226
173.919,226
173.973,225
174.026,226
174.08,226
174.134,225
174.188,225
174.241,225
174.295,225
174.349,226
174.403,225
174.456,226
174.51,226
174.564,226
174.618,226
174.671,225
174.725,226
174.779,225
174.833,226
174.886,225
174.94,225
174.994,225
175.048,226
175.101,225
175.155,225
175.209,226
175.263,225
175.317,226
175.37,226
175.424,226
175.478,226
175.532,226
175.585,225
175.639,226
175.693,225
175.747,226
175.8,225
175.854,226
175.908,226
175.962,226
176.015,226
176.069,226
176.123,225
176.177,225
176.23,226
176.284,226
176.338,226
176.392,226
176.445,225
176.499,226
176.553,226
176.607,225
176.661,226
176.714,226
176.768,225
176.822,226
176.876,225
176.929,226
176.983,226
177.037,225
177.091,226
177.144,226
177.198,225
177.252,226
177.306,226
177.359,226
177.413,226
177.467,225
177.521,226
177.574,225
177.628,226
177.682,226
177.784,226
177.838,226
177.891,226
177.945,226
177.999,226
178.053,225
178.106,226
178.16,226
178.214,226
178.268,225
178.321,226
178.375,226
178.429,226
178.483,226
178.536,226
178.59,226
178.644,226
178.698,225
178.751,225
178.805,225
178.859,226
178.913,226
178.966,225
179.02,226
179.074,226
179.128,226
179.181,225
179.235,226
179.289,225
179.343,226
179.397,226
179.45,225
179.504,225
179.558,225
179.612,225
179.665,225
179.719,226
179.773,226
179.827,225
179.88,225
179.934,226
179.988,226
180.042,225
180.095,225
180.149,226
180.203,226
180.257,226
180.31,225
180.364,226
180.418,225
180.472,225
180.525,225
180.579,225
180.633,225
180.687,225
180.741,226
180.794,226
180.848,225
180.902,226
180.956,225
181.009,225
181.063,225
181.117,225
181.171,225
181.224,225
181.278,225
181.332,225
181.386,225
181.439,225
181.493,225
181.547,226
181.601,226
181.654,226
181.708,225
181.762,226
181.816,225
181.869,225
181.923,225
181.977,225
182.031,225
182.085,225
182.138,225
182.192,225
182.246,226
182.3,225
182.353,226
182.407,225
182.461,225
182.515,225
182.568,225
182.622,226
182.676,225
182.73,225
182.783,225
182.837,225
182.891,225
182.945,226
182.998,225
183.052,225
183.106,225
183.208,225
183.261,225
183.315,225
183.369,225
183.423,225
183.477,225
183.53,225
183.584,225
183.638,225
183.692,225
183.745,225
183.799,225
183.853,225
183.907,225
183.96,225
184.014,225
184.068,225
184.122,225
184.175,225
184.229,225
184.283,225
184.337,225
184.39,225
184.444,226
184.498,225
184.552,225
184.605,225
184.659,225
184.713,225
184.767,225
184.821,225
184.874,225
184.928,225
184.982,225
185.036,225
185.089,225
185.143,225
185.197,225
185.251,225
185.304,225
185.358,225
185.412,225
185.466,225
185.519,225
185.573,225
185.627,225
185.681,226
185.734,225
185.788,225
185.842,225
185.896,225
185.949,225
186.003,226
186.057,225
186.111,225
186.165,225
186.218,225
186.272,225
186.326,226
186.38,225
186.433,225
186.487,225
186.541,226
186.595,226
186.648,225
186.702,225
186.756,225
186.81,225
186.863,225
186.917,225
186.971,226
187.025,225
187.078,225
187.132,225
187.186,225
187.24,225
187.293,225
187.347,225
187.401,226
187.455,226
187.509,225
187.562,225
187.616,226
187.67,225
187.724,226
187.777,225
187.831,225
187.885,225
187.939,225
187.992,225
188.046,225
188.1,225
188.154,225
188.207,226
188.261,225
188.315,226
188.369,226
188.422,226
188.476,226
188.53,225
188.632,225
188.685,225
188.739,225
188.793,225
188.847,226
188.901,225
188.954,226
189.008,225
189.062,225
189.116,225
189.169,225
189.223,225
189.277,225
189.331,226
189.384,225
189.438,226
189.492,225
189.546,225
189.599,225
189.653,225
189.707,225
189.761,225
189.814,225
189.868,225
189.922,225
189.976,225
190.029,226
190.083,226
190.137,226
190.191,225
190.245,225
190.298,225
190.352,225
190.406,226
190.46,225
190.513,225
190.567,225
190.621,225
190.675,225
190.728,225
190.782,226
190.836,225
190.89,226
190.943,225
190.997,225
191.051,225
191.105,225
191.158,225
191.212,226
191.266,225
191.32,225
191.373,225
191.427,226
191.481,225
191.535,225
191.589,226
191.642,225
191.696,226
191.75,225
191.804,225
191.857,225
191.911,225
191.965,225
192.019,225
192.072,225
192.126,226
192.18,225
192.234,225
192.287,225
192.341,225
192.395,225
192.449,226
192.502,225
192.556,225
192.61,225
192.664,225
192.717,225
192.771,225
192.825,225
192.879,225
192.933,225
192.986,225
193.04,225
193.094,225
193.148,225
193.201,225
193.255,226
193.309,225
193.363,225
193.416,226
193.47,226
193.524,225
193.578,225
193.631,225
193.685,225
193.739,226
193.793,225
193.846,226
193.9,225
193.954,225
194.061,225
194.115,225
194.169,225
194.223,225
194.277,225
194.33,226
194.384,225
194.438,225
194.492,225
194.545,225
194.599,225
194.653,226
194.707,225
194.76,225
194.814,225
194.868,225
194.922,225
194.975,225
195.029,225
195.083,225
195.137,225
195.19,225
195.244,225
195.298,225
195.352,225
195.405,225
195.459,225
195.513,225
195.567,225
195.621,225
195.674,225
195.728,225
195.782,225
195.836,225
195.889,225
195.943,225
195.997,225
196.051,225
196.104,225
196.158,225
196.212,225
196.266,225
196.319,225
196.373,225
196.427,225
196.481,225
196.534,225
196.588,225
196.642,225
196.696,225
196.749,225
196.803,225
196.857,226
196.911,225
196.965,225
197.018,225
197.072,225
197.126,225
197.18,225
197.233,225
197.287,225
197.341,225
197.395,225
197.448,225
197.502,225
197.556,225
197.61,225
197.663,225
197.717,225
197.771,225
197.825,225
197.878,225
197.932,225
197.986,225
198.04,225
198.093,225
198.147,225
198.201,225
198.255,225
198.309,226
198.362,225
198.416,225
198.47,225
198.524,225
198.577,225
198.631,225
198.685,225
198.739,225
198.792,225
198.846,225
198.9,225
198.954,225
199.007,225
199.061,225
199.115,225
199.169,225
199.222,225
199.276,225
199.33,225
199.384,225
199.485,225
199.539,225
199.593,225
199.647,225
199.701,225
199.754,225
199.808,225
199.862,225
199.916,225
199.969,225
200.023,225
200.077,225
200.131,225
200.184,225
200.238,225
200.292,225
200.346,225
200.399,225
200.453,225
200.507,225
200.561,225
200.614,225
200.668,225
200.722,225
200.776,225
200.829,225
200.883,225
200.937,225
200.991,225
201.045,225
201.098,225
201.152,225
201.206,225
201.26,225
201.313,225
201.367,225
201.421,225
201.475,225
201.528,225
201.582,225
201.636,225
201.69,225
201.743,225
201.797,225
201.851,225
201.905,225
201.958,225
202.012,225
202.066,225
202.12,225
202.173,225
202.227,225
202.281,225
202.335,225
202.389,225
202.442,225
202.496,225
202.55,225
202.604,225
202.657,225
202.711,225
202.765,225
202.819,225
202.872,225
202.926,225
202.98,225
203.034,225
203.087,225
203.141,225
203.195,225
203.249,225
203.302,226
203.356,225
203.41,225
203.464,225
203.517,225
203.571,225
203.625,225
203.679,225
203.733,225
203.786,225
203.84,225
203.894,225
203.948,225
204.001,225
204.055,225
204.109,225
204.163,225
204.216,225
204.27,225
204.324,225
204.378,225
204.431,225
204.485,225
204.539,225
204.593,225
204.646,225
204.7,225
204.754,225
204.808,225
204.909,225
204.963,225
205.017,225
205.071,225
205.125,226
205.178,225
205.232,225
205.286,225
205.34,225
205.393,225
205.447,225
205.501,225
205.555,225
205.608,226
205.662,226
205.716,225
205.77,225
205.823,225
205.877,225
205.931,225
205.985,225
206.038,225
206.092,225
206.146,225
206.2,225
206.253,225
206.307,225
206.361,225
206.415,225
206.469,225
206.522,225
206.576,225
206.63,225
206.684,225
206.737,225
206.791,225
206.845,225
206.899,225
206.952,225
207.006,225
207.06,225
207.114,225
207.167,225
207.221,225
207.275,225
207.329,225
207.382,225
207.436,225
207.49,225
207.544,225
207.597,225
207.651,225
207.705,225
207.759,225
207.813,226
207.866,225
207.92,225
207.974,225
208.028,225
208.081,225
208.135,225
208.189,225
208.243,225
208.296,225
208.35,225
208.404,225
208.458,225
208.511,225
208.565,225
208.619,225
208.673,225
208.726,225
208.78,225
208.834,225
208.888,225
208.941,225
208.995,226
209.049,225
209.103,225
209.157,225
209.21,225
209.264,225
209.318,226
209.372,225
209.425,226
209.479,225
209.533,226
209.587,225
209.64,226
209.694,225
209.748,225
209.802,225
209.855,226
209.909,225
209.963,226
210.017,225
210.07,225
210.124,226
210.178,226
210.232,225
210.334,226
210.387,226
210.441,226
210.495,225
210.549,225
210.602,226
210.656,225
210.71,226
210.764,226
210.817,226
210.871,226
210.925,226
210.979,225
211.032,225
211.086,226
211.14,225
211.194,226
211.247,226
211.301,226
211.355,226
211.409,225
211.462,225
211.516,226
211.57,225
211.624,225
211.677,225
211.731,225
211.785,225
211.839,226
211.893,226
211.946,226
212.0,226
212.054,226
212.108,226
212.161,225
212.215,226
212.269,226
212.323,226
212.376,226
212.43,226
212.484,225
212.538,226
212.591,225
212.645,225
212.699,225
212.753,226
212.806,226
212.86,226
212.914,226
212.968,226
213.022,226
213.075,226
213.129,225
213.183,226
213.237,225
213.29,226
213.344,225
213.398,226
213.452,226
213.505,226
213.559,225
213.613,225
213.667,226
213.72,225
213.774,226
213.828,225
213.882,226
213.935,225
213.989,226
214.043,226
214.097,225
214.15,225
214.204,225
214.258,226
214.312,226
214.365,225
214.419,225
214.473,226
214.527,225
214.581,226
214.634,226
214.688,225
214.742,225
214.796,225
214.849,226
214.903,225
214.957,226
215.011,225
215.064,226
215.118,226
215.172,226
215.226,225
215.279,225
215.333,225
215.387,226
215.441,225
215.494,226
215.548,225
215.602,225
215.656,225
215.758,226
215.811,225
215.865,225
215.919,225
215.973,226
216.026,226
216.08,226
216.134,225
216.188,226
216.241,225
216.295,226
216.349,226
216.403,225
216.456,226
216.51,226
216.564,225
216.618,225
216.671,225
216.725,225
216.779,225
216.833,225
216.886,225
216.94,226
216.994,225
217.048,225
217.101,225
217.155,225
217.209,225
217.263,225
217.317,226
217.37,225
217.424,225
217.478,225
217.532,225
217.585,225
217.639,225
217.693,225
217.747,226
217.8,225
217.854,226
217.908,225
217.962,226
218.015,226
218.069,226
218.123,225
218.177,225
218.23,225
218.284,226
218.338,226
218.392,225
218.445,225
218.499,225
218.553,225
218.607,225
218.661,225
218.714,225
218.768,225
218.822,225
218.876,225
218.929,225
218.983,225
219.037,225
219.091,225
219.144,226
219.198,225
219.252,225
219.306,225
219.359,225
219.413,225
219.467,225
219.521,225
219.574,225
219.628,226
219.682,225
219.736,225
219.789,225
219.843,225
219.897,225
219.951,226
220.005,226
220.058,226
220.112,225
220.166,225
220.22,225
220.273,225
220.327,225
220.381,225
220.435,225
220.488,225
220.542,226
220.596,225
220.65,226
220.703,225
220.757,225
220.811,225
220.865,225
220.918,225
220.972,225
221.026,225
221.08,225
221.182,225
221.235,226
221.289,225
221.343,225
221.397,225
221.45,225
221.504,225
221.558,225
221.612,225
221.665,225
221.719,225
221.773,225
221.827,225
221.88,225
221.934,225
221.988,226
222.042,225
222.095,225
222.149,226
222.203,225
222.257,225
222.31,225
222.364,225
222.418,225
222.472,225
222.525,225
222.579,225
222.633,225
222.687,226
222.741,226
222.794,225
222.848,225
222.902,225
222.956,225
223.009,226
223.063,225
223.117,225
223.171,225
223.224,225
223.278,225
223.332,225
223.386,225
223.439,225
223.493,226
223.547,225
223.601,225
223.654,225
223.708,225
223.762,225
223.816,225
223.869,225
223.923,225
223.977,225
224.031,225
224.085,225
224.138,225
224.192,225
224.246,225
224.3,225
224.353,226
224.407,225
224.461,225
224.515,225
224.568,225
224.622,225
224.676,225
224.73,225
224.783,225
224.837,225
224.891,225
224.945,225
224.998,225
225.052,225
225.106,225
225.16,225
225.213,225
225.267,225
225.321,225
225.375,225
225.429,225
225.482,226
225.536,225
225.59,225
225.644,225
225.697,225
225.751,225
225.805,225
225.859,225
225.912,226
225.966,226
226.02,225
226.074,225
226.127,225
226.181,225
226.235,225
226.289,225
226.342,225
226.396,225
226.45,225
226.504,225
226.606,225
226.659,225
226.713,225
226.767,225
226.821,225
226.874,225
226.928,225
226.982,225
227.036,225
227.089,225
227.143,225
227.197,225
227.251,225
227.304,225
227.358,225
227.412,225
227.466,225
227.519,225
227.573,225
227.627,225
227.681,225
227.734,225
227.788,225
227.842,225
227.896,225
227.949,225
227.999,150
228.047,144
228.096,139
228.144,133
228.191,126
228.239,118
228.286,113
228.332,99
228.377,87
228.422,78
228.466,69
228.51,64
228.554,62
228.599,63
228.643,63
228.687,63
228.731,61
228.775,59
228.819,56
228.862,53
228.905,53
228.948,53
228.992,56
229.035,63
229.082,107
229.136,225
229.19,226
229.244,225
229.297,226
229.351,225
229.405,225
229.459,225
229.512,225
229.566,225
229.62,225
229.674,225
229.727,225
229.781,225
229.835,225
229.889,225
229.942,225
229.996,225
230.05,225
230.104,225
230.158,226
230.211,225
230.265,225
230.319,225
230.372,225
230.426,225
230.48,225
230.534,225
230.588,225
230.641,226
230.695,225
230.749,225
230.803,225
230.856,225
230.91,225
230.964,225
231.018,225
231.071,225
231.125,225
231.179,225
231.233,225
231.286,225
231.34,225
231.394,225
231.448,225
231.501,225
231.555,225
231.609,225
231.663,225
231.717,225
231.824,225
231.878,225
231.932,225
231.985,225
232.039,225
232.093,225
232.147,225
232.2,225
232.254,225
232.308,225
232.362,225
232.415,225
232.469,225
232.523,225
232.577,225
232.63,226
232.684,225
232.738,225
232.792,225
232.845,225
232.899,225
232.953,226
233.007,225
233.061,225
233.114,225
233.168,225
233.222,225
233.276,225
233.329,225
233.383,225
233.437,225
233.491,225
233.544,226
233.598,226
233.652,225
233.706,226
233.759,226
233.813,226
233.867,225
233.921,226
233.974,225
234.028,225
234.082,225
234.136,225
234.19,226
234.243,225
234.297,226
234.351,225
234.405,226
234.458,226
234.512,226
234.566,225
234.62,225
234.673,225
234.727,225
234.781,226
234.835,225
234.888,225
234.942,226
234.996,226
235.05,225
235.103,226
235.157,225
235.211,226
235.265,226
235.318,225
235.372,225
235.426,225
235.48,225
235.533,225
235.587,225
235.641,225
235.695,225
235.749,225
235.802,225
235.856,225
235.91,225
235.964,225
236.017,225
236.071,225
236.125,225
236.179,225
236.232,225
236.286,225
236.34,225
236.394,225
236.447,225
236.501,225
236.555,225
236.609,225
236.662,225
236.716,225
236.77,225
236.824,225
236.877,225
236.931,225
236.985,225
237.039,225
237.093,225
237.146,225
237.248,225
237.302,225
237.356,225
237.409,225
237.463,225
237.517,225
237.571,225
237.624,225
237.678,225
237.732,225
237.786,225
237.839,225
237.893,225
237.947,225
238.001,225
238.054,225
238.108,225
238.162,225
238.216,225
238.27,226
238.323,225
238.377,225
238.431,225
238.485,225
238.538,225
238.592,225
238.646,225
238.7,225
238.753,225
238.807,225
238.861,226
238.915,225
238.968,226
239.022,226
239.076,226
239.13,225
239.183,225
239.237,225
239.291,225
239.345,226
239.398,225
239.452,225
239.506,225
239.56,225
239.614,226
239.667,225
239.721,225
239.775,225
239.829,226
239.882,225
239.936,226
239.99,225
240.044,225
240.097,226
240.151,225
240.205,225
240.259,226
240.312,225
240.366,225
240.42,225
240.474,225
240.527,225
240.581,225
240.635,225
240.689,225
240.742,225
240.796,225
240.85,226
240.904,225
240.957,225
241.011,225
241.065,225
241.119,225
241.173,225
241.226,226
241.28,225
241.334,225
241.388,226
241.441,225
241.495,226
241.549,225
241.603,225
241.656,226
241.71,225
241.764,226
241.818,225
241.871,226
241.925,225
241.979,225
242.033,225
242.086,226
242.14,225
242.194,225
242.248,225
242.301,226
242.355,225
242.409,226
242.463,226
242.517,226
242.57,226
242.672,226
242.726,226
242.78,226
242.833,225
242.887,225
242.941,226
242.995,226
243.048,225
243.102,226
243.156,225
243.21,226
243.263,225
243.317,225
243.371,225
243.425,226
243.478,226
243.532,226
243.586,226
243.64,226
243.693,225
243.747,226
243.801,225
243.855,225
243.909,225
243.962,225
244.016,225
244.07,225
244.124,225
244.177,225
244.231,225
244.285,225
244.339,225
244.392,226
244.446,226
244.5,226
244.554,226
244.607,225
244.661,225
244.715,226
244.769,225
244.822,226
244.876,225
244.93,226
244.984,225
245.037,225
245.091,225
245.145,226
245.199,225
245.253,225
245.306,225
245.36,225
245.414,225
245.468,225
245.521,225
245.575,225
245.629,225
245.683,225
245.736,225
245.79,225
245.844,225
245.898,225
245.951,225
246.005,225
246.059,225
246.113,225
246.166,225
246.22,225
246.274,225
246.328,225
246.381,225
246.435,226
246.489,226
246.543,225
246.597,225
246.65,226
246.704,225
246.758,225
246.812,225
246.865,225
246.919,225
246.973,225
247.027,225
247.08,225
247.134,225
247.188,225
247.242,225
247.295,225
247.349,225
247.403,225
247.457,225
247.51,225
247.564,225
247.618,225
247.672,225
247.725,225
247.779,225
247.833,225
247.887,225
247.941,225
247.994,225
248.096,225
248.15,225
248.204,225
248.257,225
248.311,225
248.365,225
248.419,225
248.472,225
248.526,225
248.58,225
248.634,225
248.687,225
248.741,225
248.795,225
248.849,225
248.902,225
248.956,225
249.01,225
249.064,225
249.117,225
249.171,225
249.225,225
249.279,225
249.333,225
249.386,225
249.44,225
249.494,225
249.548,225
249.601,225
249.655,225
249.709,225
249.763,225
249.816,225
249.87,226
249.924,225
249.978,225
250.031,225
250.085,225
250.139,225
250.193,225
250.246,225
250.3,225
250.354,225
250.408,225
250.461,225
250.515,225
250.569,225
250.623,225
250.677,225
250.73,225
250.784,225
250.838,225
250.892,225
250.945,225
250.999,225
251.053,225
251.107,225
251.16,225
251.214,225
251.268,225
251.322,225
251.375,225
251.429,225
251.483,225
251.537,225
251.59,225
251.644,225
251.698,225
251.752,225
251.805,225
251.859,225
251.913,225
251.967,225
252.02,225
252.074,225
252.128,226
252.182,226
252.236,226
252.289,226
252.343,225
252.397,225
252.451,225
252.504,226
252.558,225
252.612,225
252.666,225
252.719,226
252.773,225
252.827,226
252.881,225
252.934,225
252.988,225
253.042,225
253.096,225
253.149,225
253.203,225
253.257,225
253.311,225
253.365,225
253.418,225
253.52,225
253.574,225
253.628,225
253.681,225
253.735,225
253.789,225
253.843,225
253.896,225
253.95,225
254.004,225
254.058,225
254.111,225
254.165,225
254.219,225
254.273,225
254.326,225
254.38,225
254.434,225
254.488,225
254.541,225
254.595,225
254.649,225
254.703,225
254.757,225
254.81,225
254.864,225
254.918,225
254.972,225
255.025,225
255.079,225
255.133,225
255.187,225
255.24,226
255.294,225
255.348,226
255.402,225
255.455,225
255.509,225
255.563,225
255.617,225
255.67,225
255.724,225
255.778,225
255.832,225
255.885,225
255.939,225
255.993,225
256.047,225
256.101,225
256.154,225
256.208,225
256.262,225
256.316,225
256.369,225
256.423,225
256.477,225
256.531,225
256.584,225
256.638,224
256.692,225
256.746,225
256.799,226
256.853,225
256.907,225
256.961,225
257.014,225
257.068,225
257.122,225
257.176,226
257.229,225
257.283,226
257.337,225
257.391,225
257.444,225
257.498,225
257.552,225
257.606,225
257.66,225
257.713,225
257.767,225
257.821,225
257.875,224
257.928,225
257.982,225
258.036,225
258.09,226
258.143,226
258.197,225
258.251,225
258.305,225
258.358,225
258.412,225
258.466,225
258.52,225
258.573,225
258.627,225
258.681,225
258.735,225
258.789,225
258.842,225
258.944,225
258.998,225
259.052,225
259.105,225
259.159,225
259.213,225
259.267,225
259.32,225
259.374,225
259.428,225
259.482,225
259.535,225
259.589,225
259.643,225
259.697,225
259.75,225
259.804,225
259.858,225
259.912,225
259.965,225
260.019,225
260.073,226
260.127,225
260.181,225
260.234,225
260.288,225
260.342,225
260.396,226
260.449,226
260.503,226
260.557,225
260.611,226
260.664,225
260.718,226
260.772,225
260.826,226
260.879,225
260.933,225
260.987,225
261.041,225
261.094,225
261.148,226
261.202,226
261.256,226
261.31,226
261.363,226
261.417,226
261.471,225
261.525,225
261.578,225
261.632,225
261.686,225
261.74,226
261.793,226
261.847,226
261.901,225
261.955,225
262.008,225
262.062,225
262.116,225
262.17,226
262.223,225
262.277,225
262.331,225
262.385,225
262.438,225
262.492,226
262.546,226
262.6,225
262.653,225
262.707,225
262.761,225
262.815,225
262.869,226
262.922,225
262.976,226
263.03,226
263.084,225
263.137,226
263.191,226
263.245,226
263.299,225
263.352,225
263.406,225
263.46,226
263.514,225
263.567,226
263.621,225
263.675,226
263.729,225
263.782,225
263.836,226
263.89,226
263.944,225
263.997,225
264.051,226
264.105,225
264.159,226
264.213,225
264.266,226
264.368,226
264.422,226
264.476,226
264.529,226
264.583,225
264.637,226
264.691,226
264.744,226
264.798,226
264.852,226
264.906,226
264.959,226
265.013,226
265.067,226
265.121,225
265.174,226
265.228,226
265.282,226
265.336,225
265.39,226
265.443,226
265.497,226
265.551,226
265.605,226
265.658,226
265.712,226
265.766,225
265.82,226
265.873,226
265.927,225
265.981,226
266.035,226
266.088,226
266.142,225
266.196,225
266.25,226
266.303,226
266.357,225
266.411,226
266.465,225
266.518,225
266.572,225
266.626,225
266.68,225
266.733,225
266.787,226
266.841,225
266.895,226
266.949,225
267.002,226
267.056,226
267.11,226
267.164,225
267.217,226
267.271,225
267.325,226
267.379,225
267.432,226
267.486,226
267.54,226
267.594,226
267.647,225
267.701,226
267.755,226
267.809,225
267.862,226
267.916,226
267.97,226
268.024,225
268.078,226
268.131,225
268.185,226
268.239,226
268.293,226
268.346,226
268.4,225
268.454,226
268.508,226
268.561,226
268.615,226
268.669,226
268.723,226
268.776,225
268.83,225
268.884,225
268.938,225
268.991,225
269.045,225
269.099,225
269.153,225
269.206,225
269.26,225
269.314,225
269.368,225
269.421,225
269.475,226
269.529,226
269.583,225
269.637,225
269.69,225
269.798,225
269.852,225
269.905,225
269.959,225
270.013,226
270.067,225
270.12,226
270.174,225
270.228,226
270.282,225
270.335,225
270.389,226
270.443,225
270.497,225
270.55,225
270.604,226
270.658,226
270.712,226
270.766,226
270.819,226
270.873,226
270.927,226
270.981,226
271.034,226
271.088,226
271.142,226
271.196,225
271.249,225
271.303,226
271.357,225
271.411,225
271.464,225
271.518,225
271.572,225
271.626,225
271.679,225
271.733,225
271.787,225
271.841,225
271.894,225
271.948,225
272.002,225
272.056,225
272.109,225
272.163,225
272.217,225
272.271,225
272.325,225
272.378,225
272.432,225
272.486,225
272.54,225
272.593,225
272.647,225
272.701,225
272.755,225
272.808,225
272.862,226
272.916,225
272.97,226
273.023,226
273.077,226
273.131,225
273.185,225
273.238,225
273.292,226
273.346,225
273.4,226
273.453,225
273.507,225
273.561,226
273.615,225
273.669,225
273.722,225
273.776,225
273.83,225
273.884,225
273.937,225
273.991,225
274.045,225
274.099,225
274.152,225
274.206,225
274.26,225
274.314,225
274.367,225
274.421,225
274.475,225
274.529,225
274.582,225
274.636,225
274.69,225
274.744,225
274.797,225
274.851,225
274.905,225
274.959,225
275.012,225
275.066,225
275.12,226
275.222,225
275.276,225
275.329,225
275.383,225
275.437,225
275.491,225
275.544,225
275.598,225
275.652,225
275.706,225
275.759,225
275.813,225
275.867,225
275.921,225
275.974,225
276.028,225
276.082,225
276.136,225
276.189,225
276.243,225
276.297,225
276.351,225
276.405,225
276.458,225
276.512,225
276.566,225
276.62,225
276.673,226
276.727,225
276.781,225
276.835,225
276.888,225
276.942,225
276.996,225
277.05,225
277.103,226
277.157,226
277.211,226
277.265,226
277.318,225
277.372,225
277.426,225
277.48,225
277.533,225
277.587,225
277.641,225
277.695,225
277.749,225
277.802,225
277.856,225
277.91,225
277.964,225
278.017,226
278.071,226
278.125,226
278.179,225
278.232,225
278.286,225
278.34,225
278.394,225
278.447,225
278.501,225
278.555,225
278.609,225
278.662,225
278.716,225
278.77,225
278.824,225
278.877,225
278.931,225
278.985,225
279.039,225
279.093,226
279.146,225
279.2,226
279.254,225
279.308,226
279.361,225
279.415,225
279.469,225
279.523,225
279.576,225
279.63,225
279.684,225
279.738,225
279.791,225
279.845,225
279.899,225
279.953,225
280.006,225
280.06,225
280.114,225
280.168,225
280.221,225
280.275,225
280.329,225
280.383,225
280.437,225
280.49,225
280.544,225
280.646,225
280.7,225
280.753,225
280.807,225
280.861,226
280.915,225
280.968,225
281.022,225
281.076,225
281.13,225
281.183,225
281.237,225
281.291,225
281.345,225
281.398,225
281.452,225
281.506,225
281.56,225
281.613,225
281.667,225
281.721,226
281.775,225
281.828,225
281.882,224
281.936,225
281.99,225
282.044,225
282.097,225
282.151,225
282.205,225
282.259,225
282.312,225
282.366,226
282.42,225
282.474,225
282.527,225
282.581,225
282.635,226
282.689,225
282.742,225
282.796,225
282.85,225
282.904,225
282.957,225
283.011,225
283.065,225
283.119,225
283.173,225
283.226,225
283.28,225
283.334,226
283.388,225
283.441,225
283.495,225
283.549,225
283.603,225
283.656,225
283.71,225
283.764,225
283.818,226
283.871,225
283.925,226
283.979,225
284.033,225
284.086,226
284.14,226
284.194,226
284.248,225
284.301,225
284.355,225
284.409,225
284.463,225
284.517,225
284.57,225
284.624,225
284.678,225
284.732,225
284.785,225
284.839,225
284.893,225
284.947,225
285.0,225
285.054,225
285.108,225
285.162,225
285.215,225
285.269,225
285.323,225
285.377,225
285.43,226
285.484,226
285.538,225
285.592,225
285.645,225
285.699,225
285.753,225
285.807,225
285.861,226
285.914,226
285.968,225
286.07,225
286.124,225
286.177,225
286.231,225
286.285,225
286.339,225
286.392,225
286.446,225
286.5,226
286.554,225
286.607,225
286.661,226
286.715,226
286.769,225
286.822,225
286.876,226
286.93,225
286.984,225
287.037,225
287.091,226
287.145,225
287.199,226
287.253,225
287.306,226
287.36,225
287.414,225
287.468,225
287.521,225
287.575,226
287.629,225
287.683,225
287.736,226
287.79,226
287.844,225
287.898,225
287.951,225
288.005,225
288.059,225
288.113,226
288.166,225
288.22,225
288.274,226
288.328,226
288.382,226
288.435,225
288.489,226
288.543,226
288.597,225
288.65,226
288.704,226
288.758,226
288.812,226
288.865,225
288.919,225
288.973,225
289.027,225
289.08,226
289.134,225
289.188,225
289.242,225
289.295,226
289.349,225
289.403,226
289.457,226
289.51,226
289.564,226
289.618,225
289.672,226
289.726,226
289.779,226
289.833,225
289.887,226
289.941,226
289.994,225
290.048,226
290.102,225
290.156,226
290.209,226
290.263,226
290.317,226
290.371,225
290.424,226
290.478,226
290.532,226
290.586,225
290.639,226
290.693,226
290.747,226
290.801,225
290.854,226
290.908,226
290.962,226
291.016,226
291.07,226
291.123,226
291.177,226
291.231,225
291.285,225
291.338,225
291.392,225
291.494,225
291.548,226
291.601,225
291.655,225
291.709,225
291.763,225
291.816,225
291.87,225
291.924,225
291.978,225
292.031,226
292.085,225
292.139,225
292.193,226
292.246,226
292.3,226
292.354,226
292.408,226
292.461,225
292.515,226
292.569,225
292.623,226
292.677,226
292.73,226
292.784,225
292.838,226
292.892,226
292.945,226
292.999,225
293.053,226
293.107,225
293.16,226
293.214,225
293.268,226
293.322,226
293.375,226
293.429,226
293.483,225
293.537,225
293.59,225
293.644,225
293.698,226
293.752,226
293.806,226
293.859,226
293.913,226
293.967,226
294.021,225
294.074,225
294.128,225
294.182,225
294.236,226
294.289,225
294.343,225
294.397,226
294.451,226
294.504,226
294.558,226
294.612,226
294.666,226
294.719,226
294.773,226
294.827,226
294.881,226
294.934,226
294.988,225
295.042,225
295.096,226
295.15,226
295.203,225
295.257,225
295.311,226
295.365,225
295.418,226
295.472,225
295.526,226
295.58,226
295.633,225
295.687,225
295.741,226
295.795,226
295.848,226
295.902,226
295.956,226
296.01,226
296.063,226
296.117,226
296.171,226
296.225,226
296.278,225
296.332,226
296.386,225
296.44,225
296.494,226
296.547,226
296.601,225
296.655,225
296.709,226
296.762,226
296.816,226
296.918,225
296.972,225
297.025,225
297.079,226
297.133,225
297.187,225
297.24,225
297.294,226
297.348,225
297.402,225
297.455,225
297.509,225
297.563,225
297.617,226
297.67,226
297.724,226
297.778,226
297.832,225
297.886,226
297.939,225
297.993,225
298.047,226
298.101,225
298.154,226
298.208,225
298.262,226
298.316,226
298.369,226
298.423,225
298.477,225
298.531,226
298.584,226
298.638,226
298.692,225
298.746,225
298.799,226
298.853,226
298.907,225
298.961,226
299.014,225
299.068,225
299.122,226
299.176,225
299.23,226
299.283,226
299.337,225
299.391,225
299.445,226
299.498,225
299.552,226
299.606,225
299.66,225
299.713,225
299.767,226
299.821,225
299.875,226
299.928,225
299.982,226
300.036,225
300.09,226
300.143,226
300.197,226
300.251,226
300.305,226
300.358,226
300.412,226
300.466,226
300.52,226
300.574,226
300.627,226
300.681,226
300.735,226
300.789,226
300.842,226
300.896,226
300.95,226
301.004,226
301.057,226
301.111,226
301.165,226
301.219,226
301.272,226
301.326,226
301.38,226
301.434,225
301.487,226
301.541,226
301.595,226
301.649,226
301.702,226
301.756,226
301.81,226
301.864,226
301.918,226
301.971,226
302.025,226
302.079,226
302.133,226
302.186,227
302.24,226
302.348,226
302.401,226
302.455,226
302.509,227
302.563,226
302.616,226
302.67,226
302.724,226
302.778,226
302.831,226
302.885,226
302.939,226
302.993,226
303.046,226
303.1,226
303.154,226
303.208,226
303.262,226
303.315,226
303.369,226
303.423,227
303.477,226
303.53,226
303.584,226
303.638,226
303.692,226
303.745,226
303.799,226
303.853,226
303.907,226
303.96,226
304.014,226
304.068,226
304.122,226
304.175,226
304.229,226
304.283,225
304.337,226
304.39,226
304.444,226
304.498,226
304.552,226
304.606,226
304.659,226
304.713,226
304.767,226
304.821,226
304.874,226
304.928,226
304.982,226
305.036,226
305.089,226
305.143,226
305.197,226
305.251,226
305.304,226
305.358,226
305.412,226
305.466,226
305.519,226
305.573,226
305.627,226
305.681,226
305.734,226
305.788,226
305.842,226
305.896,226
305.95,226
306.003,226
306.057,226
306.111,226
306.165,226
306.218,226
306.272,226
306.326,226
306.38,226
306.433,226
306.487,226
306.541,226
306.595,226
306.648,226
306.702,226
306.756,226
306.81,226
306.863,226
306.917,226
306.971,226
307.025,226
307.078,226
307.132,226
307.186,226
307.24,226
307.294,226
307.347,226
307.401,226
307.455,226
307.509,226
307.562,226
307.616,226
307.67,226
307.772,226
307.825,226
307.879,226
307.933,226
307.987,226
308.04,226
308.094,226
308.148,226
308.202,226
308.255,226
308.309,226
308.363,226
308.417,226
308.47,226
308.524,226
308.578,226
308.632,226
308.686,226
308.739,226
308.793,226
308.847,226
308.901,226
308.954,226
309.008,226
309.062,226
309.116,226
309.169,226
309.223,226
309.277,226
309.331,226
309.384,226
309.438,226
309.492,226
309.546,226
309.599,226
309.653,226
309.707,226
309.761,226
309.814,226
309.868,226
309.922,226
309.976,226
310.03,226
310.083,226
310.137,226
310.191,226
310.245,226
310.298,226
310.352,226
310.406,226
310.46,226
310.513,226
310.567,226
310.621,226
310.675,226
310.728,226
310.782,226
310.836,226
310.89,225
310.943,226
310.997,226
311.051,226
311.105,226
311.158,226
311.212,226
311.266,226
311.32,226
311.374,226
311.427,226
311.481,226
311.535,226
311.589,226
311.642,226
311.696,226
311.75,226
311.804,226
311.857,226
311.911,226
311.965,226
312.019,226
312.072,226
312.126,226
312.18,226
312.234,226
312.287,226
312.341,226
312.395,226
312.449,226
312.502,226
312.556,226
312.61,226
312.664,226
312.718,226
312.771,226
312.825,226
312.879,226
312.933,226
312.986,226
313.04,226
313.094,226
313.196,226
313.249,226
313.303,226
313.357,226
313.411,226
313.464,226
313.518,226
313.572,226
313.626,226
313.679,226
313.733,226
313.787,226
313.841,226
313.894,226
313.948,226
314.002,226
314.056,226
314.11,226
314.163,226
314.217,226
314.271,226
314.325,225
314.378,225
314.432,226
314.486,226
314.54,226
314.593,226
314.647,225
314.701,226
314.755,226
314.808,226
314.862,225
314.916,226
314.97,226
315.023,226
315.077,226
315.131,226
315.185,225
315.238,226
315.292,225
315.346,226
315.4,226
315.454,226
315.507,226
315.561,226
315.615,226
315.669,226
315.722,226
315.776,226
315.83,226
315.884,226
315.937,226
315.991,226
316.045,226
316.099,226
316.152,226
316.206,226
316.26,225
316.314,226
316.367,226
316.421,226
316.475,226
316.529,226
316.582,226
316.636,226
316.69,226
316.744,225
316.797,225
316.851,226
316.905,226
316.959,226
317.013,226
317.066,225
317.12,226
317.174,226
317.228,225
317.281,226
317.335,226
317.389,226
317.443,226
317.496,226
317.55,226
317.604,225
317.658,226
317.711,226
317.765,226
317.819,226
317.873,226
317.927,226
317.98,226
318.034,226
318.088,226
318.141,225
318.195,225
318.249,226
318.303,226
318.357,226
318.41,225
318.464,226
318.518,225
318.62,226
318.673,226
318.727,226
318.781,225
318.835,225
318.888,225
318.942,225
318.996,225
319.05,226
319.103,225
319.157,226
319.211,225
319.265,225
319.318,225
319.372,226
319.426,226
319.48,226
319.533,225
319.587,226
319.641,226
319.695,226
319.749,226
319.802,226
319.856,226
319.91,225
319.964,225
320.017,225
320.071,226
320.125,225
320.179,225
320.232,225
320.286,226
320.34,226
320.394,226
320.447,225
320.501,225
320.555,225
320.609,226
320.662,226
320.716,225
320.77,225
320.824,226
320.878,226
320.931,226
320.985,226
321.039,225
321.093,225
321.146,226
321.2,226
321.254,226
321.308,226
321.361,226
321.415,226
321.469,226
321.523,226
321.576,226
321.63,226
321.684,225
321.738,226
321.791,226
321.845,226
321.899,226
321.953,226
322.006,226
322.06,226
322.114,226
322.168,226
322.222,226
322.275,226
322.329,225
322.383,225
322.437,225
322.49,226
322.544,226
322.598,226
322.652,226
322.705,226
322.759,226
322.813,226
322.867,225
322.92,226
322.974,226
323.028,226
323.082,226
323.135,226
323.189,226
323.243,226
323.297,226
323.35,226
323.404,226
323.458,225
323.512,226
323.565,225
323.619,226
323.673,226
323.727,226
323.781,226
323.834,226
323.888,226
323.942,226
324.044,226
324.097,226
324.151,226
324.205,226
324.259,226
324.312,226
324.366,226
324.42,226
324.474,225
324.527,225
324.581,225
324.635,225
324.689,225
324.742,225
324.796,226
324.85,226
324.904,226
324.957,225
325.011,226
325.065,225
325.119,225
325.173,226
325.226,225
325.28,225
325.334,225
325.388,226
325.441,226
325.495,226
325.549,226
325.603,226
325.656,226
325.71,225
325.764,225
325.818,226
325.871,226
325.925,225
325.979,225
326.033,225
326.086,226
326.14,225
326.194,226
326.248,225
326.301,225
326.355,226
326.409,226
326.463,226
326.517,226
326.57,226
326.624,226
326.678,225
326.732,226
326.785,226
326.839,226
326.893,226
326.947,226
327.0,226
327.054,226
327.108,227
327.162,227
327.215,227
327.269,226
327.323,226
327.377,226
327.43,226
327.484,226
327.538,226
327.592,226
327.646,226
327.699,225
327.753,225
327.807,226
327.861,225
327.914,225
327.968,226
328.022,226
328.076,226
328.129,226
328.183,226
328.237,226
328.291,226
328.344,225
328.398,225
328.452,225
328.506,225
328.559,225
328.613,226
328.667,226
328.721,227
328.775,231
328.828,227
328.916,227
328.969,227
329.023,227
329.077,227
329.131,226
329.184,225
329.238,225
329.292,225
329.346,225
329.399,225
329.518,226
329.571,226
329.625,226
329.679,226
329.733,226
329.786,226
329.84,226
329.894,226
329.948,226
330.001,226
330.055,226
330.109,225
330.163,225
330.216,225
330.27,226
330.324,225
330.378,226
330.431,226
330.485,225
330.539,226
330.593,226
330.646,225
330.7,226
330.754,226
330.808,225
330.862,226
330.915,226
330.969,226
331.023,226
331.077,225
331.13,226
331.184,225
331.238,225
331.292,225
331.345,226
331.399,225
331.453,226
331.507,226
331.56,226
331.614,225
331.668,226
331.722,226
331.775,226
331.829,225
331.883,225
331.937,226
331.99,226
332.044,225
332.098,226
332.152,225
332.206,226
332.259,226
332.313,226
332.367,225
332.421,225
332.474,225
332.528,226
332.582,226
332.636,226
332.689,226
332.743,225
332.797,226
332.851,225
332.904,226
332.958,225
333.012,226
333.066,225
333.119,226
333.173,226
333.227,226
333.281,225
333.334,226
333.388,226
333.442,226
333.496,226
333.549,225
333.603,226
333.657,226
333.711,226
333.765,226
333.818,226
333.872,226
333.926,226
333.98,225
334.033,226
334.087,225
334.141,226
334.195,225
334.248,226
334.302,225
334.356,226
334.41,226
334.463,226
334.517,225
334.571,226
334.625,226
334.678,226
334.732,226
334.786,225
334.84,225
334.942,225
334.995,225
335.049,225
335.103,225
335.157,225
335.21,226
335.264,226
335.318,225
335.372,225
335.425,226
335.479,225
335.533,226
335.587,225
335.64,226
335.694,226
335.748,226
335.802,225
335.855,225
335.909,225
335.963,226
336.017,226
336.07,226
336.124,225
336.178,226
336.232,226
336.286,226
336.339,226
336.393,226
336.447,226
336.501,225
336.554,225
336.608,225
336.662,225
336.716,226
336.769,225
336.823,225
336.877,226
336.931,227
336.984,227
337.038,226
337.092,226
337.146,225
337.199,226
337.253,225
337.307,225
337.361,225
337.414,225
337.468,226
337.522,225
337.576,225
337.629,225
337.683,225
337.737,225
337.791,226
337.845,226
337.898,226
337.952,226
338.006,226
338.06,226
338.113,226
338.167,226
338.221,225
338.275,226
338.328,226
338.382,226
338.436,226
338.49,226
338.543,226
338.597,225
338.651,226
338.705,226
338.759,226
338.812,226
338.866,226
338.92,226
338.973,226
339.027,226
339.081,226
339.135,226
339.189,226
339.242,226
339.296,226
339.35,226
339.404,226
339.457,226
339.511,226
339.565,225
339.619,226
339.672,226
339.726,225
339.78,226
339.834,226
339.887,226
339.941,226
339.995,226
340.049,226
340.102,226
340.156,225
340.21,226
340.264,226
340.371,226
340.425,225
340.479,226
340.533,226
340.586,226
340.64,226
340.694,226
340.748,226
340.801,226
340.855,226
340.909,226
340.963,226
341.016,226
341.07,226
341.124,226
341.178,226
341.231,226
341.285,226
341.339,226
341.393,226
341.446,226
341.5,226
341.554,226
341.608,226
341.662,226
341.715,225
341.769,226
341.823,225
341.877,225
341.93,226
341.984,226
342.038,226
342.092,226
342.145,226
342.199,226
342.253,226
342.307,226
342.36,226
342.414,226
342.468,226
342.522,226
342.575,226
342.629,226
342.683,226
342.737,226
342.79,226
342.844,225
342.898,226
342.952,226
343.006,226
343.059,226
343.113,226
343.167,226
343.221,226
343.274,226
343.328,225
343.382,226
343.436,226
343.489,226
343.543,225
343.597,226
343.651,226
343.704,226
343.758,226
343.812,226
343.866,226
343.919,225
343.973,226
344.027,226
344.081,226
344.134,226
344.188,226
344.242,226
344.296,225
344.35,226
344.403,226
344.457,226
344.511,226
344.565,226
344.618,225
344.672,225
344.726,226
344.78,226
344.833,226
344.887,225
344.941,226
344.995,225
345.048,226
345.102,226
345.156,226
345.21,226
345.263,226
345.317,226
345.371,226
345.425,226
345.478,226
345.532,226
345.586,226
345.64,225
345.694,226
345.795,226
345.849,226
345.903,226
345.957,226
346.01,226
346.064,226
346.118,226
346.172,225
346.225,226
346.279,226
346.333,225
346.387,226
346.44,226
346.494,225
346.548,226
346.602,226
346.655,226
346.709,225
346.763,226
346.817,225
346.87,225
346.924,225
346.978,226
347.032,226
347.086,226
347.139,226
347.193,225
347.247,225
347.301,226
347.354,226
347.408,225
347.462,225
347.516,226
347.569,225
347.623,225
347.677,225
347.731,225
347.784,225
347.838,225
347.892,226
347.946,225
347.999,226
348.053,225
348.107,226
348.161,225
348.214,225
348.268,225
348.322,225
348.376,225
348.429,225
348.483,226
348.537,225
348.591,225
348.645,225
348.698,225
348.752,225
348.806,226
348.86,225
348.913,225
348.967,226
349.021,225
349.075,226
349.128,226
349.182,225
349.236,225
349.29,225
349.343,225
349.397,226
349.451,225
349.505,226
349.558,225
349.612,226
349.666,225
349.72,225
349.773,225
349.827,225
349.881,226
349.935,226
349.989,226
350.042,226
350.096,225
350.15,226
350.204,226
350.257,225
350.311,225
350.365,226
350.419,225
350.472,225
350.526,226
350.58,226
350.634,225
350.687,226
350.741,225
350.795,226
350.849,225
350.902,225
350.956,225
351.01,225
351.064,226
351.118,226
351.219,225
351.273,225
351.327,225
351.381,226
351.434,226
351.488,225
351.542,226
351.596,226
351.649,226
351.703,226
351.757,226
351.811,226
351.864,226
351.918,225
351.972,225
352.026,225
352.079,225
352.133,225
352.187,225
352.241,225
352.294,226
352.348,225
352.402,225
352.456,225
352.509,225
352.563,226
352.617,225
352.671,226
352.725,226
352.778,226
352.832,225
352.886,225
352.94,225
352.993,225
353.047,226
353.101,225
353.155,225
353.208,225
353.262,226
353.316,226
353.37,226
353.423,226
353.477,225
353.531,226
353.585,226
353.638,226
353.692,225
353.746,226
353.8,225
353.853,225
353.907,226
353.961,227
354.015,226
354.069,226
354.122,226
354.176,225
354.23,225
354.284,225
354.337,225
354.391,226
354.445,225
354.499,226
354.552,226
354.606,225
354.66,225
354.714,226
354.767,226
354.821,226
354.875,226
354.929,225
354.982,226
355.036,226
355.09,226
355.144,226
355.198,226
355.251,225
355.305,226
355.359,226
355.413,226
355.466,226
355.52,226
355.574,225
355.628,225
355.681,225
355.735,225
355.789,225
355.843,226
355.896,226
355.95,226
356.004,225
356.058,225
356.111,225
356.165,226
356.219,226
356.273,225
356.326,226
356.38,225
356.434,226
356.488,225
356.541,225
356.643,225
356.697,226
356.751,226
356.805,226
356.858,225
356.912,226
356.966,225
357.02,226
357.073,225
357.127,225
357.181,225
357.235,226
357.288,225
357.342,225
357.396,225
357.45,226
357.503,226
357.557,226
357.611,225
357.665,226
357.718,225
357.772,225
357.826,225
357.88,225
357.934,226
357.987,225
358.041,226
358.095,226
358.149,226
358.202,226
358.256,226
358.31,225
358.364,226
358.417,226
358.471,226
358.525,225
358.579,226
358.632,225
358.686,225
358.74,225
358.794,225
358.847,225
358.901,225
358.955,225
359.009,225
359.062,225
359.116,226
359.17,225
359.224,225
359.278,226
359.331,226
359.385,226
359.439,226
359.493,225
359.546,226
359.6,226
359.654,225
359.708,225
359.761,226
359.815,226
359.869,225
359.923,225
359.976,225
360.03,225
360.084,226
360.138,226
360.191,225
360.245,225
360.299,225
360.353,226
360.406,225
360.46,226
360.514,225
360.568,225
360.621,225
360.675,225
360.729,225
360.783,226
360.837,226
360.89,225
360.944,225
360.998,225
361.052,225
361.105,225
361.159,225
361.213,225
361.267,225
361.32,225
361.374,226
361.428,225
361.482,225
361.535,225
361.589,225
361.643,225
361.697,225
361.75,225
361.804,225
361.858,225
361.912,225
361.965,225
362.067,225
362.121,225
362.175,225
362.229,225
362.282,225
362.336,225
362.39,225
362.444,225
362.497,225
362.551,225
362.605,225
362.659,225
362.712,225
362.766,225
362.82,226
362.874,225
362.927,225
362.981,225
363.035,225
363.089,225
363.142,225
363.196,225
363.25,225
363.304,225
363.357,225
363.411,225
363.465,225
363.519,225
363.572,225
363.626,225
363.68,225
363.734,226
363.788,225
363.841,225
363.895,225
363.949,225
364.003,225
364.056,225
364.11,224
364.164,225
364.218,225
364.271,225
364.325,225
364.379,225
364.433,225
364.486,225
364.54,225
364.594,225
364.648,225
364.701,225
364.755,225
364.809,224
364.863,225
364.917,225
364.97,225
365.024,225
365.078,225
365.132,225
365.185,225
365.239,224
365.293,225
365.347,225
365.4,224
365.454,224
365.508,225
365.562,225
365.615,225
365.669,225
365.723,224
365.777,225
365.83,224
365.884,225
365.938,225
365.992,224
366.045,224
366.099,224
366.153,225
366.207,224
366.26,224
366.314,224
366.368,225
366.422,225
366.476,225
366.529,225
366.583,225
366.637,225
366.691,225
366.744,225
366.798,225
366.852,224
366.906,225
366.959,225
367.013,225
367.067,225
367.121,225
367.174,225
367.228,225
367.282,225
367.336,225
367.389,225
367.491,225
367.545,225
367.599,224
367.652,225
367.706,224
367.76,225
367.814,224
367.868,225
367.921,225
367.975,224
368.029,225
368.083,224
368.136,224
368.19,224
368.244,224
368.298,225
368.351,225
368.405,225
368.459,225
368.513,225
368.566,225
368.62,225
368.674,225
368.728,224
368.781,225
368.835,225
368.889,225
368.943,225
368.996,225
369.05,225
369.104,225
369.158,225
369.212,225
369.265,225
369.319,225
369.373,225
369.427,225
369.48,225
369.534,225
369.588,225
369.642,225
369.695,225
369.749,225
369.803,225
369.857,225
369.91,225
369.964,225
370.018,225
370.072,225
370.125,225
370.179,225
370.233,225
370.287,225
370.34,225
370.394,225
370.448,225
370.502,225
370.556,225
370.609,225
370.663,225
370.717,225
370.771,225
370.824,225
370.878,225
370.932,225
370.986,225
371.039,225
371.093,225
371.147,225
371.201,225
371.254,225
371.308,225
371.362,226
371.416,225
371.469,225
371.523,225
371.577,225
371.631,225
371.685,225
371.738,226
371.792,225
371.846,225
371.9,225
371.953,225
372.007,225
372.061,225
372.115,225
372.168,225
372.222,225
372.276,225
372.33,225
372.383,225
372.437,225
372.491,225
372.545,225
372.598,225
372.652,225
372.706,225
372.76,225
372.814,226
372.915,225
372.969,225
373.023,225
373.077,225
373.13,225
373.184,225
373.238,226
373.292,226
373.345,226
373.399,226
373.453,226
373.507,226
373.56,225
373.614,225
373.668,225
373.722,225
373.775,225
373.829,225
373.883,225
373.937,225
373.99,225
374.044,225
374.098,225
374.152,225
374.205,225
374.259,225
374.313,225
374.367,225
374.421,225
374.474,225
374.528,225
374.582,225
374.636,225
374.689,225
374.743,225
374.797,225
374.851,225
374.904,225
374.958,225
375.012,225
375.066,225
375.119,225
375.173,225
375.227,225
375.281,225
375.334,225
375.388,225
375.442,226
375.496,225
375.549,225
375.603,225
375.657,225
375.711,225
375.765,225
375.818,225
375.872,225
375.926,225
375.98,225
376.033,225
376.087,226
376.141,225
376.195,225
376.248,225
376.302,225
376.356,225
376.41,225
376.463,225
376.517,225
376.571,225
376.625,226
376.678,225
376.732,225
376.786,225
376.84,225
376.893,225
376.947,225
377.001,225
377.055,225
377.109,225
377.162,225
377.216,225
377.27,225
377.324,225
377.377,225
377.431,225
377.485,225
377.539,225
377.592,225
377.646,225
377.7,225
377.754,225
377.807,225
377.861,225
377.915,225
377.969,225
378.022,225
378.076,225
378.13,226
378.184,225
378.237,225
378.345,225
378.399,225
378.453,225
378.506,225
378.56,225
378.614,225
378.668,225
378.721,225
378.775,225
378.829,226
378.883,225
378.936,225
378.99,225
379.044,225
379.098,225
379.151,225
379.205,225
379.259,225
379.313,225
379.366,225
379.42,225
379.474,225
379.528,226
379.581,225
379.635,225
379.689,225
379.743,225
379.796,225
379.85,225
379.904,225
379.958,225
380.012,225
380.065,225
380.119,225
380.173,225
380.227,225
380.28,226
380.334,225
380.388,225
380.442,225
380.495,225
380.549,225
380.603,225
380.657,225
380.71,225
380.764,225
380.818,225
380.872,225
380.925,225
380.979,225
381.033,225
381.087,225
381.141,226
381.194,225
381.248,225
381.302,225
381.356,226
381.409,225
381.463,225
381.517,226
381.571,226
381.624,225
381.678,225
381.732,225
381.786,225
381.839,225
381.893,225
381.947,225
382.001,226
382.054,225
382.108,225
382.162,226
382.216,226
382.27,226
382.323,226
382.377,225
382.431,225
382.485,225
382.538,225
382.592,225
382.646,225
382.7,225
382.753,225
382.807,225
382.861,226
382.915,225
382.968,225
383.022,225
383.076,225
383.13,225
383.183,225
383.237,225
383.291,225
383.345,225
383.398,225
383.452,226
383.506,226
383.56,226
383.613,225
383.667,225
383.769,226
383.823,225
383.877,225
383.93,225
383.984,225
384.038,225
384.092,227
384.145,226
384.199,226
384.253,225
384.307,225
384.36,225
384.414,225
384.468,226
384.522,225
384.575,226
384.629,226
384.683,226
384.737,225
384.79,225
384.844,226
384.898,225
384.952,226
385.005,225
385.059,225
385.113,225
385.167,225
385.221,225
385.274,225
385.328,225
385.382,226
385.436,225
385.489,225
385.543,225
385.597,225
385.651,226
385.704,225
385.758,226
385.812,225
385.866,225
385.919,226
385.973,225
386.027,225
386.081,225
386.134,225
386.188,225
386.242,225
386.296,226
386.349,225
386.403,225
386.457,225
386.511,225
386.565,225
386.618,226
386.672,226
386.726,225
386.78,225
386.833,225
386.887,225
386.941,225
386.995,225
387.048,226
387.102,225
387.156,226
387.21,225
387.263,226
387.317,225
387.371,226
387.425,226
387.478,226
387.532,225
387.586,225
387.64,226
387.693,225
387.747,225
387.801,225
387.855,226
387.909,226
387.962,226
388.016,226
388.07,226
388.124,226
388.177,225
388.231,226
388.285,225
388.339,225
388.392,226
388.446,226
388.5,226
388.554,225
388.607,225
388.661,226
388.715,226
388.769,226
388.822,226
388.876,226
388.93,226
388.984,226
389.038,226
389.091,225
389.193,226
389.247,226
389.301,225
389.354,226
389.408,226
389.462,225
389.516,226
389.569,225
389.623,226
389.677,225
389.731,225
389.784,226
389.838,225
389.892,225
389.946,225
389.999,225
390.053,225
390.107,225
390.161,225
390.214,225
390.268,226
390.322,225
390.376,226
390.43,226
390.483,225
390.537,225
390.591,225
390.645,225
390.698,226
390.752,226
390.806,225
390.86,225
390.913,225
390.967,225
391.021,225
391.075,226
391.128,226
391.182,226
391.236,225
391.29,225
391.343,226
391.397,225
391.451,226
391.505,225
391.558,225
391.612,226
391.666,226
391.72,225
391.774,226
391.827,225
391.881,225
391.935,225
391.989,226
392.042,226
392.096,225
392.15,226
392.204,225
392.257,226
392.311,225
392.365,226
392.419,226
392.472,226
392.526,225
392.58,226
392.634,225
392.687,226
392.741,226
392.795,225
392.849,225
392.902,226
392.956,226
393.01,226
393.064,226
393.118,226
393.171,226
393.225,226
393.279,226
393.333,226
393.386,226
393.44,225
393.494,226
393.548,226
393.601,226
393.655,225
393.709,226
393.763,226
393.816,226
393.87,225
393.924,225
393.978,225
394.031,225
394.085,226
394.139,226
394.193,226
394.246,226
394.3,226
394.354,225
394.408,225
394.462,226
394.515,225
394.617,225
394.671,226
394.725,225
394.778,226
394.832,225
394.886,225
394.94,225
394.993,225
395.047,226
395.101,225
395.155,226
395.208,226
395.262,225
395.316,225
395.37,225
395.423,226
395.477,225
395.531,225
395.585,226
395.638,226
395.692,225
395.746,226
395.8,226
395.854,226
395.907,225
395.961,225
396.015,225
396.069,226
396.122,225
396.176,225
396.23,226
396.284,225
396.337,225
396.391,226
396.445,225
396.499,226
396.552,226
396.606,226
396.66,226
396.714,226
396.767,225
396.821,226
396.875,226
396.929,225
396.982,225
397.036,226
397.09,225
397.144,226
397.198,226
397.251,226
397.305,225
397.359,226
397.413,226
397.466,225
397.52,225
397.574,225
397.628,225
397.681,226
397.735,225
397.789,225
397.843,226
397.896,225
397.95,225
398.004,225
398.058,225
398.111,225
398.165,225
398.219,226
398.273,225
398.326,225
398.38,225
398.434,225
398.488,226
398.542,226
398.595,225
398.649,225
398.703,225
398.757,225
398.81,225
398.864,225
398.918,226
398.972,225
399.025,226
399.079,225
399.133,226
399.187,225
399.24,225
399.294,225
399.348,226
399.402,225
399.455,225
399.509,226
399.563,225
399.617,226
399.67,226
399.724,226
399.778,225
399.832,226
399.886,226
399.939,226
400.041,225
400.095,226
400.149,226
400.202,225
400.256,225
400.31,225
400.364,225
400.417,225
400.471,225
400.525,225
400.579,225
400.632,225
400.686,225
400.74,226
400.794,226
400.847,226
400.901,225
400.955,225
401.009,226
401.062,225
401.116,226
401.17,226
401.224,225
401.278,226
401.331,226
401.385,226
401.439,225
401.493,225
401.546,226
401.6,226
401.654,226
401.708,226
401.761,225
401.815,225
401.869,225
401.923,225
401.976,226
402.03,226
402.084,225
402.138,225
402.191,226
402.245,226
402.299,226
402.353,225
402.406,226
402.46,226
402.514,226
402.568,226
402.622,226
402.675,226
402.729,226
402.783,226
402.837,226
402.89,226
402.944,226
402.998,226
403.052,226
403.105,226
403.159,226
403.213,225
403.267,226
403.32,225
403.374,225
403.428,225
403.482,225
403.535,226
403.589,226
403.643,225
403.697,226
403.75,225
403.804,226
403.858,225
403.912,225
403.966,226
404.019,226
404.073,225
404.127,226
404.181,225
404.234,226
404.288,226
404.342,226
404.396,225
404.449,225
404.503,226
404.557,226
404.611,225
404.664,226
404.718,226
404.772,225
404.826,226
404.879,225
404.933,225
404.987,225
405.041,225
405.094,225
405.148,225
405.202,225
405.256,226
405.31,226
405.363,225
405.465,226
405.519,225
405.573,225
405.626,225
405.68,226
405.734,225
405.788,225
405.841,225
405.895,226
405.949,225
406.003,225
406.056,225
406.11,225
406.164,225
406.218,225
406.271,225
406.325,225
406.379,225
406.433,225
406.486,226
406.54,225
406.594,226
406.648,225
406.702,226
406.755,226
406.809,226
406.863,225
406.917,226
406.97,225
407.024,225
407.078,226
407.132,225
407.185,225
407.239,226
407.293,226
407.347,226
407.4,225
407.454,225
407.508,226
407.562,225
407.615,226
407.669,225
407.723,226
407.777,226
407.83,225
407.884,225
407.938,225
407.992,225
408.046,226
408.099,226
408.153,226
408.207,226
408.261,226
408.314,225
408.368,225
408.422,225
408.476,226
408.529,225
408.583,225
408.637,225
408.691,225
408.744,225
408.798,225
408.852,226
408.906,225
408.959,226
409.013,225
409.067,226
409.121,226
409.174,225
409.228,226
409.282,226
409.336,225
409.389,225
409.443,226
409.497,225
409.551,226
409.605,225
409.658,225
409.712,226
409.766,226
409.82,226
409.873,225
409.927,225
409.981,225
410.035,225
410.088,225
410.142,225
410.196,225
410.25,226
410.303,226
410.357,225
410.411,225
410.465,226
410.518,225
410.572,225
410.626,226
410.68,226
410.733,225
410.787,225
410.889,225
410.943,225
410.997,225
411.05,226
411.104,225
411.158,225
411.212,225
411.265,226
411.319,225
411.373,225
411.427,226
411.48,225
411.534,225
411.588,225
411.642,225
411.695,225
411.749,225
411.803,225
411.857,225
411.91,225
411.964,225
412.018,225
412.072,225
412.125,225
412.179,225
412.233,226
412.287,225
412.34,225
412.394,225
412.448,225
412.502,225
412.556,225
412.609,225
412.663,225
412.717,225
412.771,225
412.824,225
412.878,225
412.932,225
412.986,225
413.039,225
413.093,225
413.147,225
413.201,225
413.254,225
413.308,225
413.362,225
413.416,225
413.469,225
413.523,225
413.577,225
413.631,225
413.685,225
413.738,225
413.792,225
413.846,225
413.9,225
413.953,225
414.007,225
414.061,225
414.115,226
414.168,225
414.222,225
414.276,225
414.33,225
414.383,225
414.437,225
414.491,225
414.545,225
414.598,225
414.652,225
414.706,225
414.76,225
414.814,225
414.867,225
414.921,225
414.975,225
415.029,225
415.082,226
415.136,225
415.19,225
415.244,225
415.297,225
415.351,225
415.405,225
415.459,225
415.512,225
415.566,225
415.62,225
415.674,225
415.727,225
415.781,225
415.835,225
415.889,225
415.942,224
415.996,226
416.05,225
416.104,225
416.157,225
416.211,225
416.319,226
416.373,225
416.426,226
416.48,226
416.534,225
416.588,225
416.641,226
416.695,225
416.749,225
416.803,225
416.856,226
416.91,226
416.964,225
417.018,225
417.071,226
417.125,225
417.179,225
417.233,226
417.286,225
417.34,226
417.394,226
417.448,226
417.502,226
417.555,226
417.609,225
417.663,226
417.717,226
417.77,226
417.824,226
417.878,225
417.932,226
417.985,226
418.039,226
418.093,226
418.147,226
418.2,226
418.254,226
418.308,225
418.362,226
418.415,225
418.469,225
418.523,226
418.577,226
418.63,226
418.684,225
418.738,226
418.792,226
418.846,226
418.899,226
418.953,226
419.007,226
419.061,225
419.114,226
419.168,226
419.222,227
419.276,226
419.329,226
419.383,226
419.437,226
419.491,226
419.544,226
419.598,226
419.652,226
419.706,226
419.759,226
419.813,226
419.867,226
419.921,226
419.974,226
420.028,226
420.082,226
420.136,226
420.19,227
420.243,226
420.297,226
420.351,226
420.405,226
420.458,226
420.512,226
420.566,226
420.62,226
420.673,226
420.727,226
420.781,225
420.835,226
420.888,226
420.942,226
420.996,226
421.05,225
421.103,225
421.157,226
421.211,226
421.265,226
421.318,226
421.372,226
421.426,226
421.48,226
421.534,226
421.587,226
421.641,226
421.743,226
421.797,226
421.85,226
421.904,226
421.958,226
422.012,226
422.065,226
422.119,226
422.173,226
422.227,226
422.28,226
422.334,226
422.388,226
422.442,226
422.495,225
422.549,226
422.603,226
422.657,226
422.71,226
422.764,226
422.818,226
422.872,226
422.926,226
422.979,226
423.033,226
423.087,226
423.141,226
423.194,226
423.248,226
423.302,226
423.356,226
423.409,226
423.463,226
423.517,226
423.571,226
423.624,226
423.678,226
423.732,226
423.786,226
423.839,226
423.893,226
423.947,226
424.001,226
424.054,226
424.108,226
424.162,226
424.216,226
424.27,226
424.323,226
424.377,226
424.431,226
424.485,226
424.538,225
424.592,226
424.646,226
424.7,226
424.753,226
424.807,225
424.861,225
424.915,226
424.968,225
425.022,226
425.076,226
425.13,226
425.183,226
425.237,226
425.291,225
425.345,226
425.398,226
425.452,226
425.506,225
425.56,226
425.614,226
425.667,226
425.721,226
425.775,226
425.829,226
425.882,226
425.936,226
425.99,226
426.044,226
426.097,226
426.151,226
426.205,226
426.259,226
426.312,226
426.366,226
426.42,226
426.474,226
426.527,226
426.581,226
426.635,226
426.689,226
426.743,226
426.796,226
426.85,226
426.904,226
426.958,226
427.011,225
427.065,225
427.167,226
427.221,226
427.274,225
427.328,226
427.382,227
427.436,225
427.489,225
427.543,226
427.597,226
427.651,226
427.704,225
427.758,226
427.812,225
427.866,226
427.919,225
427.973,226
428.027,226
428.081,226
428.134,226
428.188,225
428.242,226
428.296,226
428.349,225
428.403,226
428.457,225
428.511,225
428.565,225
428.618,225
428.672,226
428.726,225
428.78,225
428.833,226
428.887,226
428.941,226
428.995,226
429.048,225
429.102,225
429.156,226
429.21,225
429.263,226
429.317,226
429.371,225
429.425,225
429.478,225
429.532,225
429.586,225
429.64,226
429.693,226
429.747,225
429.801,225
429.855,225
429.909,226
429.962,227
430.016,225
430.07,225
430.124,225
430.177,225
430.231,225
430.285,225
430.339,226
430.392,226
430.446,226
430.5,225
430.554,226
430.607,225
430.661,225
430.715,226
430.769,226
430.822,226
430.876,226
430.93,225
430.984,226
431.038,226
431.091,225
431.145,226
431.199,225
431.253,226
431.306,226
431.36,225
431.414,226
431.468,226
431.521,225
431.575,226
431.629,226
431.683,225
431.736,226
431.79,225
431.844,225
431.898,226
431.951,226
432.005,226
432.059,225
432.113,226
432.166,226
432.22,226
432.274,226
432.328,226
432.382,226
432.435,225
432.489,226
432.591,226
432.645,225
432.698,226
432.752,226
432.806,226
432.86,225
432.913,225
432.967,225
433.021,225
433.075,225
433.128,226
433.182,225
433.236,225
433.29,226
433.343,225
433.397,226
433.451,225
433.505,225
433.558,225
433.612,225
433.666,225
433.72,226
433.773,225
433.827,225
433.881,226
433.935,225
433.989,226
434.042,225
434.096,225
434.15,225
434.204,226
434.257,225
434.311,225
434.365,225
434.419,226
434.472,225
434.526,225
434.58,226
434.634,225
434.687,226
434.741,225
434.795,226
434.849,225
434.902,225
434.956,225
435.01,226
435.064,225
435.117,225
435.171,225
435.225,225
435.279,226
435.333,225
435.386,225
435.44,225
435.494,225
435.548,225
435.601,226
435.655,225
435.709,226
435.763,225
435.816,226
435.87,225
435.924,225
435.978,225
436.031,225
436.085,225
436.139,225
436.193,226
436.246,225
436.3,226
436.354,225
436.408,226
436.461,225
436.515,225
436.569,226
436.623,226
436.677,226
436.73,226
436.784,226
436.838,226
436.892,225
436.945,225
436.999,226
437.053,225
437.107,225
437.16,226
437.214,226
437.268,225
437.322,225
437.375,225
437.429,225
437.483,225
437.537,226
437.59,225
437.644,226
437.698,225
437.752,225
437.806,226
437.859,225
437.913,226
438.015,225
438.069,225
438.122,226
438.176,226
438.23,226
438.284,225
438.337,226
438.391,226
438.445,226
438.499,226
438.552,226
438.606,226
438.66,226
438.714,226
438.767,225
438.821,225
438.875,226
438.929,226
438.982,225
439.036,226
439.09,226
439.144,225
439.198,226
439.251,226
439.305,226
439.359,226
439.413,226
439.466,225
439.52,225
439.574,225
439.628,225
439.681,225
439.735,225
439.789,226
439.843,226
439.896,225
439.95,226
440.004,226
440.058,225
440.111,226
440.165,225
440.219,225
440.273,225
440.326,225
440.38,225
440.434,225
440.488,225
440.541,225
440.595,225
440.649,226
440.703,226
440.757,226
440.81,226
440.864,225
440.918,225
440.972,226
441.025,226
441.079,226
441.133,226
441.187,226
441.24,226
441.294,225
441.348,225
441.402,226
441.455,225
441.509,225
441.563,226
441.617,225
441.67,226
441.724,226
441.778,225
441.832,226
441.885,225
441.939,225
441.993,225
442.047,226
442.101,226
442.154,226
442.208,226
442.262,226
442.316,225
442.369,226
442.423,225
442.477,225
442.531,226
442.584,225
442.638,226
442.692,225
442.746,226
442.799,226
442.853,225
442.907,226
442.961,225
443.014,225
443.068,226
443.122,226
443.176,225
443.23,226
443.283,226
443.337,226
443.439,226
443.493,226
443.546,226
443.6,226
443.654,226
443.708,226
443.761,225
443.815,226
443.869,225
443.923,226
443.976,225
444.03,226
444.084,225
444.138,225
444.191,225
444.245,225
444.299,225
444.353,226
444.406,225
444.46,226
444.514,226
444.568,225
444.621,225
444.675,225
444.729,226
444.783,226
444.837,226
444.89,225
444.944,225
444.998,226
445.052,226
445.105,226
445.159,226
445.213,225
445.267,226
445.32,225
445.374,225
445.428,226
445.482,225
445.535,225
445.589,225
445.643,225
445.697,225
445.75,225
445.804,225
445.858,226
445.912,225
445.965,225
446.019,225
446.073,226
446.127,226
446.181,226
446.234,225
446.288,225
446.342,225
446.396,225
446.449,225
446.503,226
446.557,226
446.611,226
446.664,226
446.718,225
446.772,225
446.826,226
446.879,226
446.933,226
446.987,226
447.041,225
447.094,226
447.148,225
447.202,226
447.256,225
447.309,225
447.363,226
447.417,225
447.471,225
447.525,225
447.578,225
447.632,225
447.686,226
447.74,225
447.793,225
447.847,225
447.901,225
447.955,226
448.008,226
448.062,225
448.116,225
448.17,225
448.223,225
448.277,225
448.331,225
448.385,226
448.438,226
448.492,225
448.546,225
448.6,226
448.653,226
448.707,226
448.761,225
448.869,226
448.922,226
448.976,226
449.03,225
449.084,226
449.137,225
449.191,225
449.245,226
449.299,225
449.352,226
449.406,226
449.46,225
449.514,226
449.567,225
449.621,226
449.675,226
449.729,226
449.782,226
449.836,226
449.89,225
449.944,225
449.998,226
450.051,226
450.105,226
450.159,225
450.213,226
450.266,226
450.32,226
450.374,226
450.428,225
450.481,226
450.535,226
450.589,226
450.643,225
450.696,225
450.75,225
450.804,226
450.858,226
450.911,225
450.965,226
451.019,226
451.073,226
451.126,226
451.18,226
451.234,226
451.288,226
451.341,225
451.395,225
451.449,226
451.503,225
451.557,225
451.61,226
451.664,225
451.718,225
451.772,225
451.825,225
451.879,225
451.933,225
451.987,225
452.04,225
452.094,225
452.148,225
452.202,225
452.255,225
452.309,225
452.363,225
452.417,225
452.47,225
452.524,225
452.578,225
452.632,225
452.685,225
452.739,225
452.793,225
452.847,225
452.9,225
452.954,226
453.008,225
453.062,226
453.116,225
453.169,226
453.223,225
453.277,226
453.331,226
453.384,226
453.438,226
453.492,225
453.546,225
453.599,226
453.653,226
453.707,226
453.761,226
453.814,225
453.868,225
453.922,226
453.976,226
454.03,226
454.083,225
454.137,225
454.191,226
454.293,225
454.346,225
454.4,225
454.454,225
454.508,225
454.561,225
454.615,225
454.669,226
454.723,226
454.776,226
454.83,226
454.884,225
454.938,225
454.991,225
455.045,226
455.099,226
455.153,225
455.206,225
455.26,226
455.314,225
455.368,225
455.421,225
455.475,225
455.529,225
455.583,226
455.637,226
455.69,226
455.744,226
455.798,226
455.852,226
455.905,226
455.959,226
456.013,225
456.067,226
456.12,226
456.174,225
456.228,225
456.282,226
456.335,226
456.389,225
456.443,226
456.497,225
456.55,225
456.604,225
456.658,226
456.712,225
456.765,225
456.819,225
456.873,225
456.927,226
456.981,226
457.034,226
457.088,226
457.142,226
457.196,226
457.249,225
457.303,225
457.357,225
457.411,226
457.464,225
457.518,226
457.572,225
457.626,225
457.679,225
457.733,226
457.787,225
457.841,225
457.894,226
457.948,225
458.002,226
458.056,225
458.109,225
458.163,225
458.217,225
458.271,225
458.325,225
458.378,225
458.432,225
458.486,225
458.54,226
458.593,226
458.647,225
458.701,226
458.755,226
458.808,226
458.862,225
458.916,225
458.97,226
459.023,226
459.077,225
459.131,225
459.185,225
459.238,225
459.292,225
459.346,225
459.4,225
459.453,226
459.507,226
459.561,225
459.615,225
459.717,225
459.77,225
459.824,226
459.878,225
459.932,225
459.985,225
460.039,225
460.093,226
460.147,225
460.2,225
460.254,225
460.308,226
460.362,225
460.415,225
460.469,225
460.523,225
460.577,225
460.63,225
460.684,225
460.738,225
460.792,225
460.845,225
460.899,225
460.953,225
461.007,225
461.061,225
461.114,225
461.168,225
461.222,225
461.276,225
461.329,225
461.383,225
461.437,225
461.491,225
461.544,225
461.598,225
461.652,225
461.706,225
461.759,225
461.813,225
461.867,225
461.921,225
461.974,225
462.028,225
462.082,225
462.136,225
462.189,225
462.243,225
462.297,225
462.351,225
462.405,225
462.458,226
462.512,225
462.566,225
462.62,225
462.673,225
462.727,226
462.781,226
462.835,225
462.888,226
462.942,226
462.996,226
463.05,226
463.103,226
463.157,225
463.211,226
463.265,225
463.318,225
463.372,226
463.426,226
463.48,226
463.533,225
463.587,225
463.641,226
463.695,225
463.749,225
463.802,225
463.856,225
463.91,225
463.964,225
464.017,225
464.071,225
464.125,225
464.179,225
464.232,225
464.286,226
464.34,225
464.394,225
464.447,226
464.501,226
464.555,225
464.609,225
464.662,225
464.716,225
464.77,225
464.824,225
464.877,225
464.931,225
464.985,225
465.039,225
465.141,225
465.194,225
465.248,226
465.302,225
465.356,226
465.409,225
465.463,225
465.517,225
465.571,226
465.624,225
465.678,226
465.732,226
465.786,226
465.839,226
465.893,226
465.947,226
466.001,225
466.054,225
466.108,226
466.162,226
466.216,226
466.27,226
466.323,226
466.377,225
466.431,225
466.485,225
466.538,225
466.592,225
466.646,225
466.7,226
466.753,226
466.807,225
466.861,225
466.915,226
466.968,225
467.022,226
467.076,226
467.13,226
467.183,226
467.237,226
467.291,226
467.345,225
467.398,226
467.452,225
467.506,225
467.56,225
467.613,225
467.667,225
467.721,227
467.775,226
467.829,225
467.882,226
467.936,226
467.99,226
468.044,226
468.097,225
468.151,226
468.205,226
468.259,225
468.312,225
468.366,225
468.42,226
468.474,225
468.527,226
468.581,226
468.635,226
468.689,225
468.742,225
468.796,225
468.85,225
468.904,225
468.958,226
469.011,226
469.065,226
469.119,226
469.173,226
469.226,226
469.28,226
469.334,226
469.388,226
469.441,226
469.495,225
469.549,226
469.603,226
469.656,225
469.71,226
469.764,226
469.818,225
469.871,225
469.925,226
469.979,225
470.033,226
470.086,226
470.14,225
470.194,225
470.248,226
470.302,226
470.355,226
470.409,226
470.463,225
470.565,226
470.618,226
470.672,225
470.726,226
470.78,226
470.833,226
470.887,226
470.941,226
470.995,225
471.048,225
471.102,226
471.156,225
471.21,225
471.263,225
471.317,225
471.371,225
471.425,225
471.478,225
471.532,226
471.586,225
471.64,225
471.693,225
471.747,226
471.801,226
471.855,225
471.909,226
471.962,225
472.016,226
472.07,226
472.124,225
472.177,226
472.231,226
472.285,226
472.339,225
472.392,226
472.446,226
472.5,226
472.554,226
472.607,225
472.661,226
472.715,225
472.769,225
472.822,225
472.876,225
472.93,225
472.984,226
473.037,225
473.091,225
473.145,225
473.199,225
473.253,226
473.306,226
473.36,225
473.414,225
473.468,225
473.521,225
473.575,226
473.629,225
473.683,226
473.736,225
473.79,225
473.844,226
473.898,225
473.951,225
474.005,225
474.059,225
474.113,226
474.166,226
474.22,226
474.274,226
474.328,226
474.382,226
474.435,226
474.489,226
474.543,226
474.597,226
474.65,225
474.704,225
474.758,225
474.812,225
474.865,225
474.919,225
474.973,225
475.027,226
475.08,225
475.134,226
475.188,226
475.242,226
475.295,226
475.349,226
475.403,226
475.457,226
475.51,226
475.564,226
475.618,226
475.672,225
475.726,226
475.779,226
475.833,225
475.887,226
475.989,226
476.042,226
476.096,226
476.15,225
476.204,225
476.257,225
476.311,226
476.365,225
476.419,226
476.472,225
476.526,226
476.58,226
476.634,226
476.687,226
476.741,226
476.795,225
476.849,225
476.902,226
476.956,225
477.01,225
477.064,226
477.118,226
477.171,226
477.225,226
477.279,226
477.333,225
477.386,226
477.44,226
477.494,226
477.548,225
477.601,225
477.655,226
477.709,225
477.763,226
477.816,225
477.87,225
477.924,226
477.978,226
478.031,226
478.085,226
478.139,225
478.193,226
478.246,226
478.3,226
478.354,226
478.408,226
478.461,225
478.515,225
478.569,226
478.623,225
478.677,226
478.73,225
478.784,225
478.838,225
478.892,225
478.945,226
478.999,225
479.053,225
479.107,226
479.16,225
479.214,226
479.268,225
479.322,226
479.375,226
479.429,225
479.483,225
479.537,225
479.59,225
479.644,225
479.698,225
479.752,225
479.805,225
479.859,225
479.913,225
479.967,225
480.021,225
480.074,225
480.128,225
480.182,225
480.236,225
480.289,225
480.343,225
480.397,225
480.451,225
480.504,225
480.558,225
480.612,225
480.666,225
480.719,225
480.773,225
480.827,225
480.881,226
480.934,225
480.988,225
481.042,225
481.096,226
481.149,225
481.203,225
481.257,225
481.311,225
481.413,226
481.466,225
481.52,226
481.574,225
481.628,225
481.681,225
481.735,225
481.789,226
481.843,225
481.896,225
481.95,225
482.004,225
482.058,225
482.111,225
482.165,225
482.219,225
482.273,225
482.326,225
482.38,225
482.434,225
482.488,225
482.541,225
482.595,225
482.649,225
482.703,225
482.757,225
482.81,225
482.864,225
482.918,226
482.972,225
483.025,225
483.079,225
483.133,225
483.187,225
483.24,225
483.294,226
483.348,225
483.402,225
483.455,225
483.509,225
483.563,225
483.617,226
483.67,225
483.724,225
483.778,225
483.832,225
483.885,225
483.939,225
483.993,225
484.047,225
484.101,226
484.154,225
484.208,225
484.262,225
484.316,225
484.369,226
484.423,225
484.477,226
484.531,225
484.584,225
484.638,225
484.692,226
484.746,225
484.799,225
484.853,225
484.907,225
484.961,225
485.014,225
485.068,226
485.122,225
485.176,225
485.229,225
485.283,225
485.337,225
485.391,225
485.445,225
485.498,225
485.552,225
485.606,225
485.66,225
485.713,225
485.767,225
485.821,226
485.875,226
485.928,225
485.982,225
486.036,225
486.09,225
486.143,225
486.197,225
486.251,225
486.305,225
486.358,225
486.412,225
486.466,225
486.52,225
486.573,224
486.627,225
486.681,225
486.735,225
486.859,225
486.912,225
486.966,225
487.02,225
487.074,225
487.127,225
487.181,225
487.235,225
487.289,225
487.342,225
487.396,226
487.45,225
487.504,226
487.557,225
487.611,225
487.665,225
487.719,225
487.773,226
487.826,226
487.88,225
487.934,226
487.988,225
488.041,226
488.095,225
488.149,225
488.203,225
488.256,225
488.31,226
488.364,226
488.418,225
488.471,225
488.525,226
488.579,225
488.633,225
488.686,225
488.74,225
488.794,226
488.848,226
488.901,225
488.955,226
489.009,226
489.063,225
489.117,225
489.17,225
489.224,225
489.278,225
489.332,225
489.385,226
489.439,225
489.493,226
489.547,226
489.6,226
489.654,226
489.708,226
489.762,225
489.815,225
489.869,226
489.923,225
489.977,226
490.03,225
490.084,225
490.138,226
490.192,225
490.245,225
490.299,226
490.353,226
490.407,226
490.461,226
490.514,225
490.568,226
490.622,226
490.676,226
490.729,226
490.783,225
490.837,226
490.891,226
490.944,226
490.998,226
491.052,226
491.106,226
491.159,226
491.213,225
491.267,225
491.321,225
491.374,225
491.428,225
491.482,225
491.536,225
491.589,225
491.643,225
491.697,226
491.751,226
491.805,225
491.858,225
491.912,225
491.966,225
492.02,226
492.073,226
492.127,226
492.181,226
492.283,226
492.336,226
492.39,226
492.444,226
492.498,225
492.551,226
492.605,225
492.659,225
492.713,225
492.766,225
492.82,225
492.874,225
492.928,225
492.981,225
493.035,225
493.089,226
493.143,226
493.197,226
493.25,226
493.304,225
493.358,226
493.412,225
493.465,225
493.519,225
493.573,225
493.627,225
493.68,225
493.734,225
493.788,225
493.842,225
493.895,225
493.949,225
494.003,226
494.057,226
494.11,225
494.164,226
494.218,226
494.272,225
494.325,225
494.379,225
494.433,225
494.487,225
494.541,226
494.594,225
494.648,225
494.702,225
494.756,225
494.809,225
494.863,226
494.917,225
494.971,225
495.024,226
495.078,226
495.132,226
495.186,226
495.239,226
495.293,225
495.347,226
495.401,226
495.454,226
495.508,226
495.562,226
495.616,226
495.67,226
495.723,226
495.777,225
495.831,225
495.885,225
495.938,225
495.992,226
496.046,226
496.1,225
496.153,225
496.207,225
496.261,226
496.315,225
496.368,226
496.422,225
496.476,225
496.53,226
496.583,226
496.637,226
496.691,225
496.745,226
496.798,225
496.852,225
496.906,226
496.96,225
497.013,225
497.067,225
497.121,225
497.175,226
497.229,226
497.282,225
497.336,225
497.39,225
497.444,225
497.497,225
497.551,225
497.605,226
497.707,226
497.76,226
497.814,225
497.868,225
497.922,225
497.975,226
498.029,226
498.083,226
498.137,226
498.19,226
498.244,226
498.298,226
498.352,226
498.406,226
498.459,226
498.513,226
498.567,226
498.621,226
498.674,226
498.728,225
498.782,226
498.836,226
498.889,226
498.943,225
498.997,225
499.051,225
499.104,225
499.158,226
499.212,226
499.266,226
499.319,225
499.373,225
499.427,225
499.481,225
499.534,226
499.588,226
499.642,226
499.696,225
499.749,225
499.803,225
499.857,225
499.911,225
499.965,225
500.018,226
500.072,225
500.126,226
500.18,226
500.233,225
500.287,226
500.341,226
500.395,225
500.448,225
500.502,225
500.556,225
500.61,226
500.663,225
500.717,225
500.771,226
500.825,226
500.878,226
500.932,225
500.986,226
501.04,226
501.094,226
501.147,226
501.201,226
501.255,225
501.309,226
501.362,225
501.416,226
501.47,225
501.524,226
501.577,226
501.631,226
501.685,226
501.739,226
501.792,226
501.846,226
501.9,226
501.954,226
502.007,226
502.061,226
502.115,226
502.169,226
502.222,226
502.276,226
502.33,226
502.384,225
502.438,226
502.491,226
502.545,226
502.599,226
502.653,225
502.706,226
502.76,225
502.814,225
502.868,225
502.921,225
502.975,226
503.029,226
503.131,226
503.184,225
503.238,225
503.292,225
503.346,225
503.399,225
503.453,225
503.507,225
503.561,225
503.614,225
503.668,226
503.722,225
503.776,225
503.829,225
503.883,225
503.937,225
503.991,226
504.045,226
504.098,226
504.152,226
504.206,226
504.26,226
504.313,225
504.367,226
504.421,226
504.475,226
504.528,225
504.582,225
504.636,225
504.69,225
504.743,225
504.797,225
504.851,225
504.905,225
504.958,226
505.012,226
505.066,226
505.12,226
505.174,226
505.227,226
505.281,226
505.335,226
505.389,225
505.442,225
505.496,225
505.55,225
505.604,225
505.657,225
505.711,225
505.765,225
505.819,225
505.872,225
505.926,225
505.98,225
506.034,225
506.087,225
506.141,225
506.195,225
506.249,226
506.302,225
506.356,225
506.41,225
506.464,225
506.517,225
506.571,225
506.625,226
506.679,225
506.733,225
506.786,225
506.84,225
506.894,225
506.948,226
507.001,225
507.055,226
507.109,225
507.163,225
507.216,225
507.27,225
507.324,226
507.378,225
507.431,225
507.485,226
507.539,225
507.593,226
507.646,225
507.7,226
507.754,225
507.808,225
507.862,226
507.915,225
507.969,225
508.023,225
508.077,225
508.13,225
508.184,225
508.238,226
508.292,225
508.345,226
508.399,225
508.453,225
508.555,226
508.608,225
508.662,225
508.716,225
508.77,226
508.823,225
508.877,225
508.931,225
508.985,226
509.038,225
509.092,225
509.146,226
509.2,225
509.253,226
509.307,225
509.361,225
509.415,225
509.469,225
509.522,226
509.576,225
509.63,226
509.684,226
509.737,225
509.791,225
509.845,226
509.899,225
509.952,226
510.006,225
510.06,225
510.114,225
510.167,225
510.221,225
510.275,225
510.329,225
510.382,225
510.436,225
510.49,225
510.544,225
510.597,225
510.651,225
510.705,226
510.759,225
510.813,225
510.866,225
510.92,225
510.974,225
511.028,225
511.081,225
511.135,225
511.189,225
511.243,225
511.296,225
511.35,225
511.404,225
511.458,225
511.511,225
511.565,226
511.619,225
511.673,225
511.726,226
511.78,225
511.834,225
511.888,225
511.942,226
511.995,226
512.049,226
512.103,225
512.157,225
512.21,226
512.264,226
512.318,225
512.372,225
512.425,225
512.479,225
512.533,226
512.587,225
512.64,225
512.694,225
512.748,226
512.802,225
512.855,225
512.909,225
512.963,225
513.017,226
513.07,226
513.124,225
513.178,226
513.232,225
513.286,226
513.339,226
513.393,225
513.447,226
513.501,226
513.554,226
513.608,225
513.662,226
513.716,225
513.769,225
513.823,226
513.877,225
513.979,225
514.032,226
514.086,226
514.14,225
514.194,226
514.247,226
514.301,225
514.355,226
514.409,226
514.462,226
514.516,226
514.57,226
514.624,226
514.678,226
514.731,225
514.785,226
514.839,225
514.893,225
514.946,225
515.0,225
515.054,225
515.108,225
515.161,225
515.215,225
515.269,225
515.323,225
515.376,226
515.43,226
515.484,226
515.538,225
515.591,225
515.645,225
515.699,225
515.753,225
515.806,225
515.86,226
515.914,225
515.968,226
516.022,226
516.075,226
516.129,225
516.183,225
516.237,225
516.29,225
516.344,225
516.398,225
516.452,225
516.505,225
516.559,225
516.613,225
516.667,225
516.72,225
516.774,225
516.828,225
516.882,226
516.935,225
516.989,225
517.043,225
517.097,226
517.15,225
517.204,226
517.258,226
517.312,225
517.365,225
517.419,225
517.473,225
517.527,225
517.581,225
517.634,226
517.688,225
517.742,226
517.796,226
517.849,225
517.903,226
517.957,225
518.011,225
518.064,226
518.118,225
518.172,225
518.226,226
518.279,225
518.333,225
518.387,225
518.441,225
518.494,226
518.548,225
518.602,225
518.656,226
518.709,226
518.763,226
518.817,225
518.871,226
518.925,225
518.978,226
519.032,225
519.086,225
519.14,226
519.193,225
519.247,225
519.301,226
519.403,225
519.456,226
519.51,226
519.564,226
519.618,225
519.671,226
519.725,226
519.779,226
519.833,226
519.886,226
519.94,226
519.994,226
520.048,225
520.102,226
520.155,226
520.209,225
520.263,226
520.317,225
520.37,225
520.424,225
520.478,226
520.532,226
520.585,225
520.639,226
520.693,226
520.747,225
520.8,225
520.854,225
520.908,225
520.962,225
521.015,225
521.069,225
521.123,225
521.177,226
521.23,225
521.284,225
521.338,226
521.392,225
521.446,226
521.499,225
521.553,225
521.607,225
521.661,225
521.714,226
521.768,225
521.822,226
521.876,225
521.929,225
521.983,226
522.037,225
522.091,226
522.144,225
522.198,225
522.252,226
522.306,226
522.359,226
522.413,225
522.467,225
522.521,226
522.574,225
522.628,226
522.682,225
522.736,225
522.789,226
522.843,226
522.897,226
522.951,225
523.005,225
523.058,225
523.112,225
523.166,226
523.22,226
523.273,226
523.327,225
523.381,225
523.435,225
523.488,225
523.542,226
523.596,225
523.65,226
523.703,226
523.757,225
523.811,226
523.865,226
523.918,225
523.972,226
524.026,226
524.08,225
524.133,225
524.187,225
524.241,225
524.295,225
524.349,225
524.402,225
524.456,225
524.51,226
524.564,226
524.617,226
524.671,226
524.725,226
524.832,225
524.886,225
524.94,226
524.994,225
525.047,226
525.101,225
525.155,225
525.209,225
525.262,226
525.316,226
525.37,225
525.424,225
525.478,226
525.531,225
525.585,226
525.639,225
525.693,226
525.746,225
525.8,226
525.854,226
525.908,226
525.961,226
526.015,226
526.069,226
526.123,225
526.176,226
526.23,226
526.284,225
526.338,225
526.391,225
526.445,226
526.499,226
526.553,225
526.606,225
526.66,225
526.714,225
526.768,226
526.821,225
526.875,226
526.929,226
526.983,226
527.037,226
527.09,226
527.144,225
527.198,225
527.252,226
527.305,226
527.359,226
527.413,226
527.467,226
527.52,226
527.574,226
527.628,226
527.682,226
527.735,226
527.789,225
527.843,225
527.897,225
527.95,225
528.004,226
528.058,226
528.112,226
528.166,226
528.219,226
528.273,225
528.327,225
528.381,225
528.434,225
528.488,225
528.542,225
528.596,226
528.649,226
528.703,225
528.757,225
528.811,225
528.864,226
528.918,226
528.972,225
529.026,225
529.079,225
529.133,225
529.187,226
529.241,225
529.294,226
529.348,226
529.402,225
529.456,226
529.51,226
529.563,226
529.617,225
529.671,225
529.725,226
529.778,225
529.832,225
529.886,226
529.94,226
529.993,225
530.047,226
530.101,226
530.155,226
530.256,225
530.31,226
530.364,225
530.418,225
530.471,225
530.525,225
530.579,226
530.633,226
530.686,226
530.74,226
530.794,226
530.848,226
530.901,225
530.955,225
531.009,225
531.063,226
531.117,225
531.17,226
531.224,225
531.278,226
531.332,226
531.385,226
531.439,226
531.493,226
531.547,226
531.6,225
531.654,225
531.708,225
531.762,226
531.815,226
531.869,226
531.923,226
531.977,225
532.03,225
532.084,226
532.138,226
532.192,226
532.245,225
532.299,225
532.353,225
532.407,225
532.461,225
532.514,225
532.568,225
532.622,226
532.676,225
532.729,225
532.783,225
532.837,225
532.891,225
532.944,225
532.998,225
533.052,226
533.106,226
533.159,225
533.213,226
533.267,226
533.321,226
533.374,226
533.428,225
533.482,226
533.536,226
533.59,226
533.643,225
533.697,226
533.751,226
533.805,225
533.858,225
533.912,225
533.966,225
534.02,226
534.073,226
534.127,225
534.181,225
534.235,225
534.288,225
534.342,226
534.396,226
534.45,226
534.503,226
534.557,226
534.611,226
534.665,226
534.718,226
534.772,226
534.826,226
534.88,226
534.934,226
534.987,226
535.041,226
535.095,226
535.149,226
535.202,226
535.256,225
535.31,226
535.364,225
535.417,225
535.471,225
535.525,225
535.579,226
535.68,225
535.734,225
535.788,225
535.842,226
535.895,226
535.949,226
536.003,226
536.057,226
536.11,226
536.164,225
536.218,225
536.272,225
536.325,225
536.379,226
536.433,225
536.487,225
536.541,225
536.594,225
536.648,225
536.702,225
536.756,225
536.809,225
536.863,226
536.917,226
536.971,225
537.024,225
537.078,225
537.132,226
537.186,225
537.239,225
537.293,225
537.347,226
537.401,226
537.454,226
537.508,226
537.562,226
537.616,226
537.669,225
537.723,225
537.777,226
537.831,226
537.885,226
537.938,226
537.992,226
538.046,226
538.1,225
538.153,225
538.207,227
538.261,226
538.315,226
538.368,225
538.422,225
538.476,225
538.53,225
538.583,225
538.637,226
538.691,226
538.745,226
538.798,225
538.852,226
538.906,225
538.96,226
539.014,226
539.067,226
539.121,226
539.175,226
539.229,226
539.282,226
539.336,226
539.39,226
539.444,226
539.497,226
539.551,226
539.605,226
539.659,226
539.712,226
539.766,226
539.82,226
539.874,226
539.927,226
539.981,226
540.035,225
540.089,226
540.142,226
540.196,226
540.25,226
540.304,226
540.357,225
540.411,226
540.465,226
540.519,226
540.573,226
540.626,226
540.68,226
540.734,225
540.788,225
540.841,226
540.895,226
540.949,226
541.003,226
541.104,226
541.158,225
541.212,226
541.266,226
541.319,225
541.373,225
541.427,226
541.481,225
541.534,226
541.588,226
541.642,226
541.696,226
541.749,226
541.803,226
541.857,226
541.911,226
541.965,226
542.018,226
542.072,226
542.126,226
542.18,226
542.233,226
542.287,226
542.341,226
542.395,226
542.448,226
542.502,226
542.556,226
542.61,226
542.663,226
542.717,226
542.771,226
542.825,226
542.878,225
542.932,225
542.986,225
543.04,225
543.093,225
543.147,226
543.201,226
543.255,226
543.309,226
543.362,225
543.416,225
543.47,226
543.524,225
543.577,226
543.631,226
543.685,226
543.739,226
543.792,225
543.846,225
543.9,226
543.954,226
544.007,226
544.061,226
544.115,225
544.169,225
544.222,226
544.276,226
544.33,225
544.384,226
544.437,225
544.491,225
544.545,225
544.599,225
544.653,225
544.706,225
544.76,226
544.814,226
544.868,226
544.921,226
544.975,225
545.029,225
545.083,226
545.136,226
545.19,225
545.244,225
545.298,226
545.351,226
545.405,225
545.459,226
545.513,226
545.566,226
545.62,226
545.674,226
545.728,226
545.782,226
545.835,226
545.889,226
545.943,226
545.997,226
546.05,225
546.104,225
546.158,225
546.212,226
546.265,225
546.319,226
546.373,225
546.427,226
546.534,226
546.588,226
546.642,225
546.695,225
546.749,225
546.803,225
546.857,226
546.91,226
546.964,226
547.018,226
547.072,226
547.126,226
547.179,225
547.233,226
547.287,226
547.341,226
547.394,226
547.448,225
547.502,226
547.556,225
547.609,225
547.663,225
547.717,225
547.771,226
547.824,226
547.878,225
547.932,226
547.986,226
548.039,226
548.093,226
548.147,226
548.201,226
548.254,225
548.308,226
548.362,226
548.416,225
548.47,226
548.523,225
548.577,226
548.631,226
548.685,225
548.738,226
548.792,226
548.846,225
548.9,225
548.953,226
549.007,225
549.061,225
549.115,226
549.168,226
549.222,226
549.276,225
549.33,226
549.383,226
549.437,225
549.491,226
549.545,226
549.598,226
549.652,225
549.706,225
549.76,225
549.814,226
549.867,226
549.921,226
549.975,226
550.029,226
550.082,225
550.136,225
550.19,225
550.244,226
550.297,226
550.351,226
550.405,226
550.459,226
550.512,226
550.566,226
550.62,225
550.674,226
550.727,226
550.781,226
550.835,226
550.889,225
550.942,225
550.996,225
551.05,226
551.104,225
551.157,226
551.211,226
551.265,226
551.319,226
551.373,226
551.426,226
551.48,225
551.534,225
551.588,226
551.641,226
551.695,226
551.749,226
551.803,226
551.856,226
551.958,226
552.012,225
552.066,226
552.119,226
552.173,225
552.227,226
552.281,225
552.334,226
552.388,226
552.442,226
552.496,225
552.549,225
552.603,225
552.657,226
552.711,225
552.765,225
552.818,225
552.872,226
552.926,225
552.98,225
553.033,226
553.087,226
553.141,225
553.195,225
553.248,225
553.302,225
553.356,225
553.41,225
553.463,226
553.517,226
553.571,225
553.625,226
553.678,226
553.732,226
553.786,226
553.84,225
553.894,226
553.947,226
554.001,225
554.055,225
554.109,225
554.162,225
554.216,225
554.27,226
554.324,226
554.377,226
554.431,226
554.485,226
554.539,226
554.592,226
554.646,226
554.7,226
554.754,225
554.807,226
554.861,225
554.915,225
554.969,226
555.022,226
555.076,226
555.13,226
555.184,226
555.238,226
555.291,226
555.345,225
555.399,226
555.453,226
555.506,226
555.56,226
555.614,226
555.668,225
555.721,226
555.775,226
555.829,226
555.883,226
555.936,226
555.99,226
556.044,226
556.098,226
556.151,226
556.205,225
556.259,225
556.313,225
556.366,225
556.42,226
556.474,226
556.528,226
556.581,225
556.635,225
556.689,226
556.743,226
556.797,226
556.85,225
556.904,225
556.958,225
557.012,225
557.065,225
557.119,225
557.173,225
557.227,225
557.28,225
557.382,226
557.436,226
557.49,226
557.543,226
557.597,226
557.651,226
557.705,225
557.758,225
557.812,225
557.866,226
557.92,226
557.974,226
558.027,226
558.081,226
558.135,226
558.189,226
558.242,225
558.296,225
558.35,225
558.404,225
558.457,225
558.511,226
558.565,225
558.619,226
558.672,226
558.726,226
558.78,226
558.834,226
558.887,225
558.941,225
558.995,226
559.049,226
559.102,226
559.156,226
559.21,225
559.264,225
559.317,225
559.371,225
559.425,226
559.479,226
559.533,226
559.586,226
559.64,225
559.694,226
559.748,226
559.801,226
559.855,225
559.909,225
559.963,225
560.016,225
560.07,225
560.124,225
560.178,225
560.231,226
560.285,225
560.339,226
560.393,226
560.446,225
560.5,226
560.554,225
560.608,225
560.661,225
560.715,225
560.769,226
560.823,225
560.877,226
560.93,226
560.984,226
561.038,226
561.092,226
561.145,226
561.199,226
561.253,226
561.307,226
561.36,226
561.414,226
561.468,226
561.522,226
561.575,225
561.629,226
561.683,226
561.737,226
561.79,226
561.844,226
561.898,226
561.952,226
562.005,225
562.059,226
562.113,225
562.167,226
562.221,225
562.274,225
562.328,225
562.382,225
562.436,225
562.489,225
562.543,225
562.597,226
562.651,226
562.704,225
562.812,225
562.866,226
562.919,225
562.973,225
563.027,225
563.081,225
563.134,226
563.188,226
563.242,226
563.296,226
563.35,226
563.403,226
563.457,226
563.511,225
563.565,226
563.618,226
563.672,226
563.726,226
563.78,226
563.833,226
563.887,226
563.941,226
563.995,226
564.048,226
564.102,226
564.156,225
564.21,226
564.263,226
564.317,226
564.371,226
564.425,226
564.478,226
564.532,225
564.586,225
564.64,225
564.693,225
564.747,225
564.801,225
564.855,226
564.909,226
564.962,226
565.016,226
565.07,225
565.124,226
565.177,226
565.231,226
565.285,226
565.339,225
565.392,225
565.446,226
565.5,226
565.554,226
565.607,226
565.661,226
565.715,226
565.769,226
565.822,226
565.876,225
565.93,225
565.984,225
566.037,225
566.091,226
566.145,226
566.199,226
566.253,226
566.306,226
566.36,226
566.414,226
566.468,226
566.521,226
566.575,226
566.629,226
566.683,226
566.736,226
566.79,226
566.844,226
566.898,226
566.951,226
567.005,226
567.059,225
567.113,226
567.166,226
567.22,225
567.274,226
567.328,226
567.381,226
567.435,226
567.489,225
567.543,226
567.597,225
567.65,225
567.704,226
567.758,226
567.812,225
567.865,225
567.919,225
567.973,226
568.027,226
568.08,226
568.134,226
568.236,226
568.29,225
568.343,226
568.397,226
568.451,226
568.505,226
568.558,226
568.612,226
568.666,226
568.72,226
568.774,226
568.827,226
568.881,226
568.935,226
568.989,226
569.042,226
569.096,226
569.15,226
569.204,226
569.257,226
569.311,226
569.365,226
569.419,226
569.472,226
569.526,225
569.58,226
569.634,225
569.687,226
569.741,226
569.795,226
569.849,226
569.902,226
569.956,226
570.01,226
570.064,226
570.118,226
570.171,226
570.225,226
570.279,226
570.333,226
570.386,225
570.44,225
570.494,225
570.548,226
570.601,226
570.655,226
570.709,226
570.763,226
570.816,226
570.87,226
570.924,226
570.978,226
571.031,225
571.085,226
571.139,226
571.193,226
571.246,226
571.3,226
571.354,226
571.408,225
571.462,226
571.515,226
571.569,226
571.623,225
571.677,226
571.73,226
571.784,226
571.838,226
571.892,226
571.945,226
571.999,226
572.053,225
572.107,226
572.16,225
572.214,226
572.268,226
572.322,226
572.375,226
572.429,225
572.483,226
572.537,226
572.59,226
572.644,226
572.698,226
572.752,226
572.806,226
572.859,226
572.913,226
572.967,226
573.021,226
573.074,226
573.128,226
573.182,226
573.236,226
573.289,226
573.343,226
573.397,225
573.451,226
573.504,225
573.558,225
573.66,226
573.714,226
573.767,226
573.821,226
573.875,226
573.929,226
573.982,226
574.036,226
574.09,226
574.144,226
574.198,226
574.251,226
574.305,226
574.359,226
574.413,226
574.466,226
574.52,226
574.574,225
574.628,226
574.681,226
574.735,225
574.789,225
574.843,225
574.896,225
574.95,225
575.004,225
575.058,225
575.111,225
575.165,225
575.219,225
575.273,225
575.326,225
575.38,226
575.434,226
575.488,226
575.542,226
575.595,226
575.649,226
575.703,226
575.757,225
575.81,226
575.864,226
575.918,226
575.972,225
576.025,226
576.079,226
576.133,225
576.187,226
576.24,226
576.294,226
576.348,226
576.402,225
576.455,226
576.509,226
576.563,226
576.617,226
576.67,226
576.724,226
576.778,225
576.832,226
576.886,226
576.939,226
576.993,226
577.047,226
577.101,226
577.154,225
577.208,226
577.262,225
577.316,225
577.369,225
577.423,225
577.477,226
577.531,225
577.584,226
577.638,226
577.692,226
577.746,226
577.799,226
577.853,226
577.907,226
577.961,225
578.014,226
578.068,225
578.122,225
578.176,225
578.229,225
578.283,225
578.337,226
578.391,226
578.445,226
578.498,225
578.552,226
578.606,225
578.66,226
578.713,226
578.767,226
578.821,226
578.875,225
578.928,225
578.982,225
579.09,225
579.143,225
579.197,225
579.251,226
579.305,226
579.358,226
579.412,226
579.466,226
579.52,226
579.573,225
579.627,225
579.681,225
579.735,225
579.789,225
579.842,225
579.896,225
579.95,225
580.004,225
580.057,226
580.111,226
580.165,226
580.219,226
580.272,226
580.326,226
580.38,227
580.434,229
580.488,228
580.541,227
580.595,226
580.649,225
580.702,225
580.756,225
580.81,225
580.864,225
580.918,226
580.971,226
581.025,226
581.079,226
581.133,226
581.186,226
581.24,226
581.294,226
581.348,225
581.401,225
581.455,225
581.509,225
581.563,225
581.616,225
581.67,225
581.724,225
581.778,225
581.831,226
581.885,226
581.939,225
581.993,226
582.046,226
582.1,226
582.154,226
582.208,226
582.261,225
582.315,225
582.369,225
582.423,225
582.477,225
582.53,225
582.584,225
582.638,225
582.692,225
582.745,225
582.799,225
582.853,225
582.907,225
582.96,226
583.014,225
583.068,226
583.122,226
583.175,226
583.229,226
583.283,226
583.337,226
583.39,226
583.444,226
583.498,225
583.552,226
583.606,226
583.659,226
583.713,226
583.767,225
583.821,226
583.874,226
583.928,226
583.982,226
584.036,226
584.089,226
584.143,226
584.197,225
584.251,226
584.304,225
584.358,225
584.412,226
584.514,226
584.567,226
584.621,226
584.675,226
584.729,227
584.783,227
584.836,227
584.89,226
584.944,226
584.998,226
585.051,226
585.105,226
585.159,226
585.213,226
585.266,226
585.32,226
585.374,226
585.428,226
585.481,226
585.535,226
585.589,225
585.643,225
585.696,225
585.75,225
585.804,225
585.858,225
585.911,225
585.965,226
586.019,226
586.073,226
586.126,226
586.18,225
586.234,226
586.288,226
586.341,225
586.395,225
586.449,225
586.503,226
586.557,225
586.61,226
586.664,226
586.718,226
586.772,226
586.825,226
586.879,226
586.933,226
586.987,226
587.04,227
587.094,227
587.148,226
587.202,226
587.255,226
587.309,226
587.363,226
587.417,226
587.47,226
587.524,226
587.578,226
587.632,226
587.686,226
587.739,226
587.793,225
587.847,225
587.901,225
587.954,225
588.008,225
588.062,225
588.116,225
588.169,225
588.223,225
588.277,225
588.331,226
588.384,225
588.438,226
588.492,225
588.546,225
588.599,225
588.653,225
588.707,226
588.761,225
588.814,226
588.868,226
588.922,225
588.976,225
589.029,225
589.083,225
589.137,225
589.191,225
589.245,225
589.298,225
589.352,225
589.406,225
589.46,225
589.513,225
589.567,225
589.621,225
589.675,226
589.728,225
589.782,225
589.836,225
589.938,226
589.991,226
590.045,226
590.099,226
590.153,226
590.206,225
590.26,226
590.314,226
590.368,226
590.421,225
590.475,226
590.529,226
590.583,226
590.637,226
590.69,226
590.744,226
590.798,226
590.852,226
590.905,226
590.959,226
591.013,226
591.067,226
591.12,226
591.174,226
591.228,226
591.282,226
591.335,226
591.389,226
591.443,225
591.497,226
591.55,225
591.604,226
591.658,226
591.712,226
591.765,225
591.819,225
591.873,225
591.927,226
591.981,225
592.034,225
592.088,226
592.142,226
592.196,226
592.249,226
592.303,226
592.357,226
592.411,226
592.464,226
592.518,226
592.572,226
592.626,226
592.679,226
592.733,226
592.787,226
592.841,226
592.894,226
592.948,226
593.002,226
593.056,226
593.11,226
593.163,226
593.217,225
593.271,226
593.325,225
593.378,225
593.432,225
593.486,225
593.54,225
593.593,225
593.647,225
593.701,225
593.755,225
593.808,226
593.862,225
593.916,226
593.97,226
594.023,226
594.077,226
594.131,225
594.185,226
594.238,226
594.292,225
594.346,225
594.4,225
594.453,225
594.507,225
594.561,225
594.615,225
594.669,225
594.722,225
594.776,226
594.83,225
594.884,226
594.937,226
594.991,226
595.045,226
595.099,226
595.152,225
595.206,225
595.26,226
595.367,225
595.421,225
595.475,226
595.529,226
595.582,226
595.636,226
595.69,226
595.744,226
595.797,225
595.851,225
595.905,226
595.959,226
596.013,226
596.066,226
596.12,226
596.174,226
596.228,226
596.281,226
596.335,225
596.389,226
596.443,226
596.496,225
596.55,225
596.604,226
596.658,226
596.711,226
596.765,226
596.819,226
596.873,226
596.926,226
596.98,226
597.034,226
597.088,226
597.142,226
597.195,226
597.249,226
597.303,225
597.357,226
597.41,225
597.464,225
597.518,226
597.572,225
597.625,226
597.679,225
597.733,225
597.787,226
597.84,226
597.894,226
597.948,225
598.002,225
598.055,225
598.109,225
598.163,226
598.217,226
598.27,226
598.324,226
598.378,225
598.432,226
598.485,225
598.539,225
598.593,226
598.647,226
598.701,226
598.754,226
598.808,225
598.862,225
598.916,225
598.969,225
599.023,225
599.077,225
599.131,225
599.184,225
599.238,225
599.292,225
599.346,225
599.399,226
599.453,225
599.507,225
599.561,225
599.614,225
599.668,226
599.722,226
599.776,225
599.829,225
599.883,225
599.937,226
599.991,226
600.045,226
600.098,226
600.152,225
600.206,226
600.26,226
600.313,226
600.367,225
600.421,225
600.475,225
600.528,225
600.582,225
600.636,226
600.69,226
600.791,226
600.845,225
600.899,226
600.953,225
601.006,226
601.06,226
601.114,226
601.168,226
601.222,226
601.275,226
601.329,226
601.383,225
601.437,226
601.49,226
601.544,225
601.598,226
601.652,225
601.705,226
601.759,226
601.813,226
601.867,226
601.92,226
601.974,225
602.028,226
602.082,226
602.135,226
602.189,226
602.243,225
602.297,226
602.35,226
602.404,226
602.458,225
602.512,226
602.566,226
602.619,226
602.673,226
602.727,225
602.781,226
602.834,226
602.888,226
602.942,226
602.996,225
603.049,225
603.103,226
603.157,226
603.211,225
603.264,225
603.318,225
603.372,226
603.426,225
603.479,225
603.533,225
603.587,225
603.641,226
603.694,226
603.748,225
603.802,225
603.856,225
603.909,225
603.963,225
604.017,226
604.071,225
604.125,226
604.178,226
604.232,225
604.286,226
604.34,226
604.393,226
604.447,226
604.501,226
604.555,225
604.608,226
604.662,226
604.716,226
604.77,226
604.823,226
604.877,225
604.931,225
604.985,226
605.038,226
605.092,226
605.146,226
605.2,226
605.254,226
605.307,226
605.361,226
605.415,226
605.469,225
605.522,226
605.576,226
605.63,225
605.684,226
605.737,226
605.791,226
605.845,226
605.899,226
605.952,226
606.006,226
606.06,226
606.114,226
606.215,226
606.269,226
606.323,226
606.377,226
606.43,226
606.484,225
606.538,225
606.592,225
606.645,225
606.699,225
606.753,225
606.807,225
606.861,225
606.914,225
606.968,225
607.022,225
607.076,225
607.129,226
607.183,225
607.237,226
607.291,226
607.344,226
607.398,226
607.452,226
607.506,226
607.559,225
607.613,225
607.667,225
607.721,226
607.774,226
607.828,226
607.882,225
607.936,225
607.99,226
608.043,225
608.097,226
608.151,225
608.205,225
608.258,226
608.312,226
608.366,226
608.42,225
608.473,225
608.527,226
608.581,225
608.635,225
608.688,225
608.742,225
608.796,225
608.85,225
608.903,225
608.957,225
609.011,226
609.065,226
609.118,226
609.172,226
609.226,225
609.28,226
609.334,226
609.387,225
609.441,226
609.495,225
609.549,226
609.602,226
609.656,226
609.71,226
609.764,226
609.817,226
609.871,225
609.925,226
609.979,226
610.032,225
610.086,225
610.14,226
610.194,226
610.247,225
610.301,226
610.355,225
610.409,225
610.462,226
610.516,225
610.57,226
610.624,226
610.677,225
610.731,225
610.785,225
610.839,225
610.893,226
610.946,226
611.0,225
611.054,225
611.108,225
611.161,225
611.215,225
611.269,226
611.323,226
611.376,226
611.43,225
611.484,225
611.538,225
611.645,226
611.699,226
611.753,226
611.807,226
611.86,226
611.914,226
611.968,225
612.022,226
612.075,226
612.129,226
612.183,226
612.237,225
612.29,225
612.344,225
612.398,225
612.452,226
612.505,226
612.559,226
612.613,226
612.667,225
612.72,226
612.774,226
612.828,225
612.882,225
612.935,226
612.989,225
613.043,226
613.097,226
613.15,225
613.204,225
613.258,225
613.312,225
613.366,226
613.419,226
613.473,226
613.527,226
613.581,226
613.634,226
613.688,225
613.742,226
613.796,225
613.849,226
613.903,225
613.957,225
614.011,225
614.064,225
614.118,226
614.172,225
614.226,225
614.279,225
614.333,226
614.387,226
614.441,226
614.494,225
614.548,226
614.602,226
614.656,225
614.71,226
614.763,226
614.817,226
614.871,225
614.925,225
614.978,225
615.032,225
615.086,225
615.14,225
615.193,225
615.247,226
615.301,226
615.355,225
615.408,225
615.462,226
615.516,225
615.57,225
615.623,226
615.677,226
615.731,225
615.785,225
615.838,226
615.892,226
615.946,226
616.0,225
616.053,225
616.107,225
616.161,225
616.215,226
616.269,225
616.322,225
616.376,225
616.43,225
616.484,225
616.537,225
616.591,225
616.645,225
616.699,225
616.752,225
616.806,225
616.86,225
616.914,225
616.967,225
617.069,225
617.123,226
617.177,225
617.23,225
617.284,225
617.338,225
617.392,226
617.446,226
617.499,225
617.553,225
617.607,225
617.661,225
617.714,225
617.768,226
617.822,225
617.876,225
617.929,226
617.983,226
618.037,226
618.091,226
618.144,225
618.198,226
618.252,226
618.306,226
618.359,225
618.413,225
618.467,226
618.521,226
618.574,225
618.628,225
618.682,225
618.736,225
618.789,225
618.843,225
618.897,226
618.951,226
619.005,226
619.058,226
619.112,226
619.166,225
619.22,225
619.273,225
619.327,225
619.381,225
619.435,226
619.488,225
619.542,225
619.596,225
619.65,225
619.703,225
619.757,225
619.811,225
619.865,226
619.918,226
619.972,226
620.026,226
620.08,226
620.134,226
620.187,226
620.241,225
620.295,226
620.349,226
620.402,225
620.456,226
620.51,225
620.564,226
620.617,226
620.671,225
620.725,225
620.779,226
620.832,225
620.886,225
620.94,226
620.994,225
621.047,226
621.101,226
621.155,226
621.209,226
621.262,225
621.316,226
621.37,226
621.424,226
621.477,225
621.531,225
621.585,225
621.639,225
621.693,225
621.746,226
621.8,226
621.854,225
621.908,226
621.961,226
622.015,226
622.069,226
622.123,226
622.176,225
622.23,225
622.284,226
622.338,225
622.391,226
622.493,225
622.547,226
622.601,226
622.654,225
622.708,225
622.762,225
622.816,226
622.87,226
622.923,226
622.977,226
623.031,225
623.085,226
623.138,226
623.192,225
623.246,226
623.3,225
623.353,225
623.407,225
623.461,225
623.515,226
623.568,226
623.622,225
623.676,225
623.73,225
623.783,226
623.837,225
623.891,225
623.945,226
623.998,225
624.052,226
624.106,226
624.16,226
624.213,225
624.267,226
624.321,226
624.375,226
624.429,225
624.482,226
624.536,225
624.59,226
624.644,225
624.697,226
624.751,226
624.805,226
624.859,226
624.912,225
624.966,226
625.02,226
625.074,225
625.127,226
625.181,226
625.235,226
625.289,226
625.342,226
625.396,226
625.45,226
625.504,226
625.558,226
625.611,226
625.665,226
625.719,226
625.773,226
625.826,225
625.88,226
625.934,226
625.988,226
626.041,226
626.095,226
626.149,226
626.203,225
626.256,225
626.31,226
626.364,226
626.418,225
626.471,226
626.525,226
626.579,225
626.633,226
626.686,226
626.74,226
626.794,225
626.848,225
626.902,226
626.955,226
627.009,226
627.063,226
627.117,226
627.17,226
627.224,225
627.278,225
627.332,225
627.385,226
627.439,225
627.493,225
627.547,225
627.6,226
627.654,225
627.708,226
627.762,225
627.815,225
627.923,225
627.977,225
628.03,225
628.084,225
628.138,225
628.192,225
628.245,225
628.299,226
628.353,226
628.407,225
628.461,226
628.514,225
628.568,225
628.622,226
628.676,226
628.729,226
628.783,225
628.837,225
628.891,226
628.944,226
628.998,226
629.052,225
629.106,226
629.159,226
629.213,226
629.267,226
629.321,226
629.374,225
629.428,225
629.482,226
629.536,225
629.589,225
629.643,226
629.697,226
629.751,226
629.805,226
629.858,225
629.912,226
629.966,225
630.02,226
630.073,225
630.127,225
630.181,226
630.235,225
630.288,226
630.342,226
630.396,225
630.45,225
630.503,225
630.557,225
630.611,225
630.665,225
630.718,225
630.772,225
630.826,225
630.88,225
630.934,226
630.987,226
631.041,226
631.095,226
631.149,226
631.202,226
631.256,226
631.31,226
631.364,225
631.417,226
631.471,225
631.525,225
631.579,226
631.632,225
631.686,226
631.74,226
631.794,226
631.847,226
631.901,226
631.955,225
632.009,225
632.062,225
632.116,226
632.17,226
632.224,226
632.278,226
632.331,226
632.385,226
632.439,226
632.493,225
632.546,226
632.6,226
632.654,226
632.708,225
632.761,226
632.815,225
632.869,226
632.923,225
632.976,226
633.03,226
633.084,226
633.138,225
633.191,225
633.245,226
633.347,225
633.401,226
633.454,226
633.508,226
633.562,226
633.616,226
633.67,226
633.723,225
633.777,225
633.831,225
633.885,225
633.938,225
633.992,225
634.046,225
634.1,225
634.153,225
634.207,226
634.261,225
634.315,225
634.368,225
634.422,225
634.476,225
634.53,226
634.583,226
634.637,226
634.691,225
634.745,225
634.798,226
634.852,226
634.906,226
634.96,226
635.014,226
635.067,226
635.121,225
635.175,226
635.229,226
635.282,226
635.336,226
635.39,225
635.444,225
635.497,226
635.551,225
635.605,226
635.659,225
635.712,225
635.766,226
635.82,226
635.874,225
635.927,225
635.981,225
636.035,225
636.089,226
636.142,225
636.196,225
636.25,225
636.304,225
636.358,226
636.411,226
636.465,225
636.519,226
636.573,225
636.626,225
636.68,226
636.734,226
636.788,225
636.841,225
636.895,226
636.949,226
637.003,225
637.056,225
637.11,225
637.164,225
637.218,225
637.271,226
637.325,226
637.379,226
637.433,226
637.486,226
637.54,225
637.594,225
637.648,226
637.701,226
637.755,225
637.809,226
637.863,226
637.917,225
637.97,226
638.024,225
638.078,225
638.132,225
638.185,226
638.239,225
638.293,225
638.347,225
638.4,225
638.454,225
638.508,225
638.562,225
638.615,225
638.669,225
638.771,225
638.825,225
638.878,225
638.932,225
638.986,225
639.04,225
639.093,225
639.147,226
639.201,226
639.255,225
639.309,225
639.362,225
639.416,225
639.47,226
639.524,225
639.577,226
639.631,225
639.685,225
639.739,225
639.792,225
639.846,225
639.9,225
639.954,225
640.007,225
640.061,225
640.115,225
640.169,225
640.222,225
640.276,225
640.33,225
640.384,225
640.438,226
640.491,225
640.545,225
640.599,226
640.653,226
640.706,225
640.76,225
640.814,225
640.868,225
640.921,225
640.975,225
641.029,225
641.083,226
641.136,225
641.19,225
641.244,225
641.298,225
641.351,225
641.405,226
641.459,226
641.513,225
641.566,226
641.62,225
641.674,225
641.728,225
641.781,225
641.835,225
641.889,225
641.943,225
641.997,225
642.05,226
642.104,225
642.158,226
642.212,226
642.265,225
642.319,225
642.373,225
642.427,226
642.48,225
642.534,225
642.588,225
642.642,226
642.695,226
642.749,225
642.803,225
642.857,225
642.91,225
642.964,226
643.018,225
643.072,225
643.125,225
643.179,225
643.233,225
643.287,225
643.341,225
643.394,226
643.448,226
643.502,226
643.556,225
643.609,225
643.663,226
643.717,225
643.771,226
643.824,225
643.878,225
643.932,225
643.986,226
644.039,226
644.093,225
644.273,226
644.326,225
644.38,225
644.434,226
644.488,225
644.541,225
644.595,226
644.649,226
644.703,226
644.757,225
644.81,225
644.864,226
644.918,225
644.972,226
645.025,225
645.079,225
645.133,226
645.187,225
645.24,226
645.294,225
645.348,225
645.402,225
645.455,225
645.509,226
645.563,226
645.617,225
645.67,226
645.724,225
645.778,225
645.832,226
645.885,225
645.939,225
645.993,225
646.047,225
646.101,226
646.154,225
646.208,225
646.262,226
646.316,225
646.369,226
646.423,225
646.477,226
646.531,225
646.584,225
646.638,226
646.692,225
646.746,226
646.799,226
646.853,226
646.907,226
646.961,226
647.014,226
647.068,226
647.122,225
647.176,226
647.23,226
647.283,225
647.337,225
647.391,226
647.445,225
647.498,226
647.552,226
647.606,225
647.66,225
647.713,226
647.767,225
647.821,226
647.875,225
647.928,225
647.982,225
648.036,225
648.09,225
648.143,226
648.197,225
648.251,225
648.305,225
648.358,226
648.412,226
648.466,225
648.52,225
648.574,226
648.627,225
648.681,225
648.735,226
648.789,226
648.842,226
648.896,225
648.95,225
649.004,226
649.057,225
649.111,225
649.165,225
649.219,226
649.272,226
649.326,226
649.38,226
649.434,226
649.487,226
649.541,226
649.595,226
649.697,225
649.75,226
649.804,225
649.858,225
649.912,226
649.965,225
650.019,225
650.073,226
650.127,226
650.181,226
650.234,226
650.288,225
650.342,226
650.396,226
650.449,226
650.503,226
650.557,226
650.611,226
650.664,226
650.718,226
650.772,226
650.826,226
650.879,226
650.933,226
650.987,226
651.041,226
651.094,226
651.148,226
651.202,226
651.256,226
651.31,226
651.363,226
651.417,226
651.471,226
651.525,226
651.578,226
651.632,226
651.686,226
651.74,226
651.793,226
651.847,226
651.901,226
651.955,226
652.008,226
652.062,226
652.116,226
652.17,226
652.223,226
652.277,226
652.331,226
652.385,226
652.438,226
652.492,226
652.546,226
652.6,225
652.654,226
652.707,226
652.761,226
652.815,226
652.869,226
652.922,226
652.976,226
653.03,226
653.084,226
653.137,226
653.191,226
653.245,226
653.299,225
653.352,226
653.406,226
653.46,226
653.514,225
653.567,226
653.621,225
653.675,226
653.729,225
653.782,226
653.836,226
653.89,225
653.944,226
653.998,226
654.051,226
654.105,226
654.159,226
654.213,226
654.266,226
654.32,226
654.374,225
654.428,226
654.481,225
654.535,226
654.589,225
654.643,226
654.696,226
654.75,226
654.804,226
654.858,226
654.911,226
654.965,226
655.019,226
655.121,226
655.174,226
655.228,226
655.282,226
655.336,226
655.39,226
655.443,226
655.497,226
655.551,226
655.605,226
655.658,226
655.712,226
655.766,226
655.82,226
655.873,226
655.927,226
655.981,226
656.035,226
656.088,226
656.142,226
656.196,226
656.25,226
656.303,226
656.357,226
656.411,226
656.465,226
656.518,226
656.572,226
656.626,226
656.68,226
656.734,226
656.787,226
656.841,226
656.895,226
656.949,225
657.002,225
657.056,226
657.11,226
657.164,226
657.217,226
657.271,226
657.325,226
657.379,226
657.432,226
657.486,226
657.54,226
657.594,226
657.647,226
657.701,226
657.755,226
657.809,226
657.862,226
657.916,225
657.97,225
658.024,226
658.077,225
658.131,226
658.185,226
658.239,226
658.293,226
658.346,226
658.4,226
658.454,225
658.508,226
658.561,226
658.615,226
658.669,226
658.723,226
658.776,226
658.83,226
658.884,225
658.938,226
658.991,225
659.045,226
659.099,226
659.153,226
659.206,225
659.26,225
659.314,226
659.368,226
659.422,225
659.475,226
659.529,226
659.583,226
659.637,226
659.69,226
659.744,226
659.798,226
659.852,226
659.905,226
659.959,225
660.013,226
660.067,225
660.12,226
660.174,226
660.228,226
660.282,226
660.335,226
660.389,226
660.443,226
660.551,226
660.604,226
660.658,226
660.712,226
660.766,226
660.819,226
660.873,226
660.927,226
660.981,226
661.034,226
661.088,225
661.142,226
661.196,225
661.249,227
661.303,226
661.357,226
661.411,226
661.464,226
661.518,226
661.572,226
661.626,226
661.679,226
661.733,226
661.787,226
661.841,226
661.894,225
661.948,225
662.002,226
662.056,225
662.11,226
662.163,226
662.217,226
662.271,226
662.325,226
662.378,226
662.432,226
662.486,226
662.54,226
662.593,226
662.647,226
662.701,226
662.755,226
662.808,226
662.862,225
662.916,226
662.97,226
663.023,225
663.077,226
663.131,226
663.185,227
663.238,226
663.292,226
663.346,225
663.4,227
663.454,226
663.507,226
663.561,225
663.615,226
663.669,226
663.722,225
663.776,226
663.83,226
663.884,226
663.937,226
663.991,225
664.045,225
664.099,226
664.152,226
664.206,226
664.26,226
664.314,226
664.367,226
664.421,226
664.475,226
664.529,226
664.582,226
664.636,226
664.69,225
664.744,226
664.798,226
664.851,225
664.905,225
664.959,226
665.013,226
665.066,226
665.12,225
665.174,225
665.228,225
665.281,226
665.335,226
665.389,226
665.443,226
665.496,226
665.55,226
665.604,226
665.658,226
665.711,226
665.765,226
665.819,226
665.873,226
665.974,226
666.028,226
666.082,226
666.136,226
666.19,226
666.243,226
666.297,226
666.351,226
666.405,226
666.458,226
666.512,226
666.566,226
666.62,226
666.673,226
666.727,226
666.781,226
666.835,226
666.888,226
666.942,226
666.996,226
667.05,226
667.103,226
667.157,226
667.211,226
667.265,226
667.318,226
667.372,226
667.426,226
667.48,226
667.534,226
667.587,226
667.641,226
667.695,226
667.749,226
667.802,226
667.856,226
667.91,226
667.964,226
668.017,226
668.071,226
668.125,226
668.179,226
668.232,226
668.286,226
668.34,226
668.394,226
668.447,227
668.501,226
668.555,225
668.609,226
668.662,225
668.716,226
668.77,226
668.824,226
668.878,226
668.931,226
668.985,226
669.039,226
669.093,226
669.146,226
669.2,225
669.254,226
669.308,226
669.361,226
669.415,226
669.469,226
669.523,226
669.576,226
669.63,226
669.684,226
669.738,226
669.791,226
669.845,226
669.899,226
669.953,226
670.006,226
670.06,226
670.114,226
670.168,226
670.222,226
670.275,226
670.329,225
670.383,226
670.437,226
670.49,226
670.544,226
670.598,226
670.652,226
670.705,226
670.759,226
670.813,226
670.867,226
670.92,226
670.974,225
671.028,225
671.082,225
671.135,225
671.189,226
671.243,226
671.297,225
671.404,225
671.458,226
671.512,226
671.566,226
671.619,225
671.673,226
671.727,226
671.781,226
671.834,226
671.888,226
671.942,226
671.996,226
672.049,225
672.103,226
672.157,225
672.211,226
672.264,225
672.318,226
672.372,226
672.426,226
672.479,226
672.533,226
672.587,225
672.641,225
672.694,226
672.748,226
672.802,225
672.856,226
672.91,226
672.963,226
673.017,226
673.071,226
673.125,226
673.178,226
673.232,226
673.286,226
673.34,226
673.393,225
673.447,225
673.501,225
673.555,226
673.608,225
673.662,226
673.716,226
673.77,226
673.823,226
673.877,225
673.931,225
673.985,225
674.038,226
674.092,225
674.146,226
674.2,226
674.254,226
674.307,226
674.361,225
674.415,226
674.469,226
674.522,226
674.576,225
674.63,225
674.684,226
674.737,225
674.791,226
674.845,226
674.899,226
674.952,225
675.006,225
675.06,226
675.114,225
675.167,225
675.221,225
675.275,226
675.329,226
675.382,226
675.436,226
675.49,226
675.544,226
675.598,226
675.651,225
675.705,226
675.759,225
675.813,226
675.866,226
675.92,225
675.974,226
676.028,225
676.081,225
676.135,225
676.189,226
676.243,225
676.296,226
676.35,225
676.404,226
676.458,226
676.511,226
676.565,226
676.619,226
676.673,226
676.726,225
676.828,225
676.882,225
676.936,226
676.989,225
677.043,225
677.097,225
677.151,225
677.205,226
677.258,226
677.312,225
677.366,225
677.42,226
677.473,226
677.527,226
677.581,225
677.635,226
677.688,226
677.742,226
677.796,226
677.85,226
677.903,226
677.957,226
678.011,226
678.065,226
678.118,226
678.172,226
678.226,226
678.28,226
678.333,225
678.387,226
678.441,225
678.495,226
678.549,226
678.602,226
678.656,226
678.71,226
678.764,226
678.817,225
678.871,226
678.925,226
678.979,226
679.032,226
679.086,225
679.14,226
679.194,226
679.247,226
679.301,226
679.355,226
679.409,226
679.462,226
679.516,225
679.57,226
679.624,226
679.678,226
679.731,225
679.785,226
679.839,226
679.893,225
679.946,225
680.0,226
680.054,226
680.108,226
680.161,225
680.215,225
680.269,225
680.323,225
680.376,226
680.43,226
680.484,226
680.538,226
680.591,225
680.645,226
680.699,226
680.753,226
680.806,225
680.86,226
680.914,225
680.968,226
681.022,226
681.075,226
681.129,226
681.179,165
681.233,226
681.282,144
681.33,136
681.378,127
681.425,120
681.472,110
681.518,98
681.564,88
681.608,79
681.653,74
681.697,69
681.741,67
681.785,67
681.829,67
681.873,66
681.917,64
681.961,62
682.006,61
682.098,68
682.142,68
682.196,229
682.242,99
682.295,226
682.349,225
682.403,225
682.457,226
682.51,226
682.564,226
682.618,225
682.672,225
682.726,226
682.779,226
682.833,226
682.887,226
682.941,225
682.994,226
683.048,226
683.102,226
683.156,225
683.209,225
683.263,226
683.317,226
683.371,226
683.424,226
683.478,226
683.532,226
683.586,226
683.639,226
683.693,226
683.747,226
683.801,226
683.854,226
683.908,226
683.962,226
684.016,226
684.07,226
684.123,226
684.177,226
684.231,226
684.285,226
684.338,226
684.392,226
684.446,226
684.5,226
684.553,226
684.607,226
684.661,226
684.715,226
684.768,225
684.822,226
684.876,226
684.93,226
684.983,226
685.037,226
685.091,226
685.145,226
685.198,226
685.252,226
685.306,226
685.36,226
685.414,226
685.467,226
685.521,226
685.575,226
685.629,226
685.682,226
685.736,226
685.79,226
685.844,226
685.897,226
685.951,226
686.005,226
686.059,226
686.112,226
686.166,226
686.22,226
686.274,226
686.327,226
686.381,226
686.435,226
686.489,226
686.542,226
686.596,226
686.65,226
686.704,226
686.758,226
686.811,226
686.865,226
686.919,226
686.973,226
687.026,226
687.08,226
687.134,226
687.188,226
687.241,226
687.295,226
687.349,226
687.403,226
687.51,226
687.564,226
687.618,226
687.671,226
687.725,226
687.779,226
687.833,226
687.886,226
687.94,226
687.994,226
688.048,226
688.102,226
688.155,226
688.209,226
688.263,226
688.317,226
688.37,226
688.424,226
688.478,226
688.532,226
688.585,226
688.639,226
688.693,226
688.747,226
688.8,226
688.854,226
688.908,226
688.962,226
689.015,226
689.069,226
689.123,226
689.177,226
689.23,226
689.284,226
689.338,226
689.392,226
689.446,226
689.499,226
689.553,226
689.607,226
689.661,226
689.714,226
689.768,226
689.822,226
689.876,226
689.929,226
689.983,226
690.037,226
690.091,226
690.144,226
690.198,225
690.252,226
690.306,226
690.359,226
690.413,226
690.467,226
690.521,226
690.574,226
690.628,226
690.682,226
690.736,226
690.789,225
690.843,226
690.897,226
690.951,225
691.005,226
691.058,226
691.112,225
691.166,226
691.22,226
691.273,226
691.327,225
691.381,226
691.435,225
691.488,226
691.542,226
691.596,225
691.65,225
691.703,225
691.757,226
691.811,225
691.865,226
691.918,225
691.972,226
692.026,226
692.08,226
692.134,226
692.187,226
692.241,225
692.295,226
692.349,226
692.402,225
692.456,226
692.51,226
692.564,226
692.617,226
692.671,226
692.725,226
692.779,226
692.832,226
692.934,226
692.988,226
693.042,226
693.095,226
693.149,226
693.203,226
693.257,226
693.31,226
693.364,226
693.418,226
693.472,226
693.526,226
693.579,226
693.633,226
693.687,226
693.741,226
693.794,226
693.848,226
693.902,226
693.956,226
694.009,226
694.063,226
694.117,226
694.171,226
694.224,226
694.278,226
694.332,226
694.386,226
694.439,226
694.493,226
694.547,226
694.601,226
694.654,225
694.708,226
694.762,225
694.816,226
694.87,226
694.923,226
694.977,226
695.031,225
695.085,226
695.138,226
695.192,226
695.246,226
695.3,226
695.353,226
695.407,225
695.461,226
695.515,226
695.568,226
695.622,226
695.676,226
695.73,226
695.783,226
695.837,226
695.891,226
695.945,226
695.998,226
696.052,226
696.106,226
696.16,226
696.214,226
696.267,226
696.321,226
696.375,226
696.429,226
696.482,226
696.536,226
696.59,226
696.644,226
696.697,226
696.751,226
696.805,226
696.859,226
696.912,226
696.966,226
697.02,226
697.074,226
697.127,226
697.181,226
697.235,226
697.289,226
697.342,226
697.396,225
697.45,226
697.504,226
697.558,226
697.611,226
697.665,226
697.719,225
697.773,226
697.826,225
697.88,225
697.934,225
697.988,225
698.041,225
698.095,225
698.149,225
698.203,226
698.256,226
698.358,225
698.412,225
698.466,225
698.519,225
698.573,226
698.627,226
698.681,226
698.734,225
698.788,226
698.842,226
698.896,225
698.949,225
699.003,226
699.057,225
699.111,225
699.165,226
699.218,225
699.272,226
699.326,226
699.38,226
699.433,226
699.487,226
699.541,226
699.595,226
699.648,226
699.702,226
699.756,226
699.81,226
699.863,226
699.917,225
699.971,226
700.025,226
700.078,226
700.132,226
700.186,226
700.24,226
700.294,226
700.347,226
700.401,225
700.455,226
700.509,226
700.562,226
700.616,226
700.67,226
700.724,226
700.777,226
700.831,226
700.885,226
700.939,226
700.992,226
701.046,226
701.1,226
701.154,226
701.207,226
701.261,226
701.315,226
701.369,226
701.422,226
701.476,226
701.53,226
701.584,226
701.638,226
701.691,226
701.745,226
701.799,226
701.853,226
701.906,226
701.96,226
702.014,226
702.068,226
702.121,226
702.175,226
702.229,226
702.283,226
702.336,226
702.39,226
702.444,226
702.498,226
702.551,226
702.605,226
702.659,226
702.713,226
702.766,226
702.82,226
702.874,226
702.928,226
702.982,226
703.035,226
703.089,226
703.143,226
703.197,226
703.25,226
703.304,226
703.358,226
703.412,226
703.465,226
703.519,226
703.573,226
703.627,226
703.68,226
703.788,226
703.842,226
703.895,226
703.949,226
704.003,226
704.057,226
704.11,226
704.164,226
704.218,226
704.272,226
704.326,226
704.379,226
704.433,226
704.487,226
704.541,226
704.594,226
704.648,226
704.702,226
704.756,226
704.809,226
704.863,226
704.917,226
704.971,226
705.024,226
705.078,226
705.132,226
705.186,226
705.239,226
705.293,226
705.347,226
705.401,226
705.455,226
705.508,226
705.562,226
705.616,226
705.67,226
705.723,226
705.777,226
705.831,226
705.885,226
705.938,226
705.992,226
706.046,226
706.1,226
706.153,226
706.207,226
706.261,226
706.315,226
706.368,226
706.422,226
706.476,226
706.53,226
706.583,226
706.637,226
706.691,226
706.745,226
706.798,226
706.852,226
706.906,226
706.96,226
707.014,226
707.067,226
707.121,226
707.175,226
707.229,226
707.282,226
707.336,226
707.39,226
707.444,226
707.497,226
707.551,226
707.605,226
707.659,226
707.712,226
707.766,226
707.82,226
707.874,226
707.927,226
707.981,226
708.035,226
708.089,226
708.142,226
708.196,226
708.25,226
708.304,226
708.358,226
708.411,226
708.465,226
708.519,226
708.573,226
708.626,226
708.68,227
708.734,226
708.788,226
708.841,226
708.895,226
708.949,226
709.003,226
709.056,226
709.11,226
709.212,226
709.266,226
709.319,226
709.373,226
709.427,226
709.481,226
709.534,226
709.588,226
709.642,226
709.696,226
709.75,226
709.803,226
709.857,226
709.911,226
709.965,226
710.018,226
710.072,226
710.126,226
710.18,226
710.233,226
710.287,226
710.341,226
710.395,226
710.448,226
710.502,226
710.556,226
710.61,226
710.663,226
710.717,226
710.771,226
710.825,226
710.878,226
710.932,226
710.986,226
711.04,226
711.094,226
711.147,226
711.201,226
711.255,226
711.309,226
711.362,226
711.416,226
711.47,226
711.524,226
711.577,226
711.631,226
711.685,226
711.739,226
711.792,226
711.846,226
711.9,226
711.954,226
712.007,226
712.061,226
712.115,226
712.169,226
712.222,226
712.276,226
712.33,226
712.384,226
712.438,226
712.491,225
712.545,226
712.599,226
712.653,226
712.706,226
712.76,226
712.814,225
712.868,226
712.921,226
712.975,226
713.029,226
713.083,226
713.136,226
713.19,226
713.244,226
713.298,226
713.351,226
713.405,226
713.459,226
713.513,226
713.566,226
713.62,225
713.674,226
713.728,226
713.782,226
713.835,226
713.889,226
713.943,226
713.997,226
714.05,226
714.104,226
714.158,226
714.212,226
714.265,226
714.319,226
714.373,226
714.427,226
714.48,226
714.534,226
714.636,226
714.69,226
714.743,226
714.797,226
714.851,226
714.905,226
714.958,226
715.012,226
715.066,226
715.12,226
715.174,226
715.227,227
715.281,226
715.335,226
715.389,226
715.442,226
715.496,226
715.55,226
715.604,226
715.657,226
715.711,226
715.765,226
715.819,226
715.872,226
715.926,226
715.98,226
716.034,226
716.087,226
716.141,226
716.195,226
716.249,226
716.302,226
716.356,226
716.41,226
716.464,226
716.518,226
716.571,226
716.625,226
716.679,226
716.733,226
716.786,226
716.84,226
716.894,226
716.948,226
717.001,226
717.055,226
717.109,226
717.163,226
717.216,226
717.27,226
717.324,226
717.378,226
717.431,226
717.485,226
717.539,226
717.593,226
717.646,226
717.7,226
717.754,226
717.808,226
717.862,226
717.915,226
717.969,226
718.023,226
718.077,226
718.13,226
718.184,226
718.238,226
718.292,226
718.345,226
718.399,226
718.453,226
718.507,226
718.56,226
718.614,226
718.668,226
718.722,226
718.775,226
718.829,226
718.883,226
718.937,226
718.99,226
719.044,226
719.098,226
719.152,226
719.206,226
719.259,226
719.313,226
719.367,226
719.421,226
719.474,226
719.528,226
719.582,226
719.636,226
719.689,226
719.743,226
719.797,226
719.851,226
719.904,226
719.958,226
720.066,226
720.119,226
720.173,226
720.227,226
720.281,226
720.334,226
720.388,226
720.442,226
720.496,226
720.55,226
720.603,226
720.657,226
720.711,226
720.765,226
720.818,226
720.872,226
720.926,226
720.98,226
721.033,226
721.087,226
721.141,226
721.195,226
721.248,226
721.302,226
721.356,226
721.41,226
721.463,226
721.517,226
721.571,226
721.625,226
721.678,226
721.732,226
721.786,226
721.84,226
721.894,226
721.947,226
722.001,226
722.055,226
722.109,226
722.162,226
722.216,226
722.27,226
722.324,226
722.377,226
722.431,226
722.485,226
722.539,226
722.592,226
722.646,226
722.7,226
722.754,226
722.807,226
722.861,226
722.915,226
722.969,226
723.022,226
723.076,226
723.13,226
723.184,226
723.238,226
723.291,226
723.345,226
723.399,226
723.453,226
723.506,226
723.56,226
723.614,226
723.668,226
723.721,226
723.775,226
723.829,226
723.883,226
723.936,226
723.99,226
724.044,226
724.098,226
724.151,226
724.205,226
724.259,226
724.313,226
724.366,226
724.42,226
724.474,226
724.528,226
724.582,226
724.635,226
724.689,226
724.743,226
724.797,226
724.85,226
724.904,226
724.958,226
725.012,226
725.065,226
725.119,226
725.173,226
725.227,226
725.28,226
725.334,226
725.388,226
725.49,226
725.543,226
725.597,226
725.651,226
725.705,226
725.758,226
725.812,226
725.866,226
725.92,226
725.974,226
726.027,226
726.081,226
726.135,226
726.189,226
726.242,226
726.296,226
726.35,226
726.404,226
726.457,226
726.511,226
726.565,226
726.619,226
726.672,226
726.726,226
726.78,226
726.834,226
726.887,226
726.941,226
726.995,226
727.049,226
727.102,226
727.156,226
727.21,226
727.264,226
727.318,226
727.371,226
727.425,226
727.479,226
727.533,226
727.586,226
727.64,226
727.694,226
727.748,226
727.801,226
727.855,226
727.909,226
727.963,226
728.016,226
728.07,226
728.124,226
728.178,226
728.231,226
728.285,226
728.339,226
728.393,226
728.446,226
728.5,226
728.554,226
728.608,226
728.662,226
728.715,226
728.769,226
728.823,226
728.877,226
728.93,226
728.984,226
729.038,226
729.092,226
729.145,226
729.199,226
729.253,226
729.307,226
729.36,226
729.414,226
729.468,226
729.522,226
729.575,226
729.629,226
729.683,226
729.737,226
729.79,226
729.844,226
729.898,226
729.952,227
730.006,226
730.059,226
730.113,226
730.167,226
730.221,226
730.274,226
730.328,226
730.382,226
730.436,226
730.489,226
730.543,226
730.597,226
730.651,226
730.704,226
730.758,226
730.812,226
730.914,226
730.967,226
731.021,226
731.075,226
731.129,226
731.182,226
731.236,226
731.29,226
731.344,226
731.398,226
731.451,226
731.505,226
731.559,226
731.613,226
731.666,227
731.72,226
731.774,226
731.828,226
731.881,226
731.935,226
731.989,226
732.043,226
732.096,226
732.15,226
732.204,226
732.258,226
732.311,226
732.365,226
732.419,226
732.473,226
732.526,226
732.58,226
732.634,226
732.688,226
732.742,227
732.795,226
732.849,226
732.903,226
732.957,226
733.01,226
733.064,226
733.118,226
733.172,225
733.225,226
733.279,226
733.333,226
733.387,226
733.44,226
733.494,226
733.548,226
733.602,226
733.655,226
733.709,226
733.763,226
733.817,226
733.87,226
733.924,226
733.978,226
734.032,226
734.086,226
734.139,226
734.193,226
734.247,226
734.301,226
734.354,226
734.408,226
734.462,226
734.516,226
734.569,226
734.623,226
734.677,226
734.731,226
734.784,226
734.838,226
734.892,226
734.946,226
734.999,226
735.053,226
735.107,226
735.161,226
735.214,226
735.268,226
735.322,226
735.376,226
735.43,226
735.483,226
735.537,226
735.591,226
735.645,226
735.698,226
735.752,226
735.806,226
735.86,226
735.913,226
735.967,227
736.021,226
736.075,226
736.128,226
736.182,226
736.236,226
736.343,226
736.397,226
736.451,226
736.505,226
736.558,226
736.612,226
736.666,226
736.72,226
736.774,226
736.827,226
736.881,226
736.935,226
736.989,226
737.042,226
737.096,226
737.15,226
737.204,226
737.257,226
737.311,226
737.365,226
737.419,226
737.472,226
737.526,226
737.58,226
737.634,226
737.687,226
737.741,226
737.795,226
737.849,226
737.902,226
737.956,227
738.01,226
738.064,226
738.118,226
738.171,226
738.225,226
738.279,226
738.333,226
738.386,226
738.44,226
738.494,226
738.548,226
738.601,226
738.655,226
738.709,226
738.763,226
738.816,226
738.87,226
738.924,226
738.978,226
739.031,226
739.085,226
739.139,226
739.193,226
739.246,226
739.3,226
739.354,226
739.408,226
739.462,226
739.515,226
739.569,226
739.623,226
739.677,226
739.73,226
739.784,226
739.838,226
739.892,225
739.945,226
739.999,226
740.053,225
740.107,226
740.16,225
740.214,226
740.268,226
740.322,226
740.375,226
740.429,226
740.483,225
740.537,226
740.59,226
740.644,225
740.698,226
740.752,226
740.806,226
740.859,226
740.913,226
740.967,226
741.021,226
741.074,226
741.128,226
741.182,226
741.236,226
741.289,226
741.343,225
741.397,226
741.451,226
741.504,226
741.558,226
741.612,226
741.666,226
741.767,226
741.821,226
741.875,226
741.929,226
741.982,226
742.036,226
742.09,226
742.144,226
742.198,226
742.251,226
742.305,226
742.359,226
742.413,226
742.466,226
742.52,226
742.574,226
742.628,226
742.681,226
742.735,226
742.789,226
742.843,226
742.896,226
742.95,226
743.004,226
743.058,226
743.111,226
743.165,226
743.219,226
743.273,226
743.326,226
743.38,226
743.434,226
743.488,226
743.542,226
743.595,226
743.649,226
743.703,226
743.757,226
743.81,226
743.864,226
743.918,226
743.972,226
744.025,226
744.079,226
744.133,226
744.187,226
744.24,226
744.294,226
744.348,226
744.402,226
744.455,226
744.509,226
744.563,226
744.617,226
744.67,226
744.724,226
744.778,226
744.832,226
744.886,226
744.939,226
744.993,226
745.047,226
745.101,226
745.154,226
745.208,226
745.262,226
745.316,226
745.369,226
745.423,226
745.477,226
745.531,226
745.584,226
745.638,226
745.692,226
745.746,226
745.799,226
745.853,226
745.907,226
745.961,226
746.014,226
746.068,226
746.122,226
746.176,226
746.229,226
746.283,226
746.337,226
746.391,226
746.445,226
746.498,226
746.552,226
746.606,226
746.66,226
746.713,225
746.767,226
746.821,226
746.875,226
746.928,226
746.982,226
747.036,226
747.09,226
747.191,226
747.245,226
747.299,226
747.353,226
747.406,226
747.46,226
747.514,226
747.568,226
747.622,226
747.675,226
747.729,226
747.783,226
747.837,226
747.89,226
747.944,226
747.998,225
748.052,226
748.105,226
748.159,225
748.213,226
748.267,225
748.32,226
748.374,226
748.428,226
748.482,225
748.535,226
748.589,225
748.643,225
748.697,226
748.75,225
748.804,225
748.858,226
748.912,225
748.966,226
749.019,226
749.073,225
749.127,227
749.181,225
749.234,225
749.288,225
749.339,178
749.389,169
749.439,162
749.488,155
749.537,146
749.585,138
749.633,130
749.68,122
749.727,112
749.773,104
749.819,98
749.865,94
749.911,92
749.957,92
750.003,93
750.049,94
750.095,94
750.141,93
750.187,92
750.234,93
750.28,97
750.326,102
750.373,110
750.42,119
750.468,128
750.517,138
750.57,225
750.623,226
750.677,225
750.731,226
750.785,225
750.838,226
750.892,225
750.946,225
751.0,226
751.054,226
751.107,226
751.161,226
751.215,225
751.269,227
751.322,226
751.376,225
751.43,225
751.484,226
751.537,226
751.591,227
751.645,225
751.699,225
751.752,225
751.806,226
751.86,226
751.914,225
751.967,226
752.021,226
752.075,226
752.129,226
752.182,225
752.236,226
752.29,225
752.344,226
752.451,226
752.505,226
752.559,226
752.613,226
752.666,226
752.72,226
752.774,226
752.828,226
752.881,226
752.935,225
752.989,225
753.043,226
753.096,226
753.15,226
753.204,226
753.258,226
753.311,226
753.365,226
753.419,226
753.473,226
753.526,226
753.58,226
753.634,226
753.688,226
753.742,226
753.795,226
753.849,226
753.903,226
753.957,226
754.01,226
754.064,226
754.118,226
754.172,226
754.225,226
754.279,226
754.333,226
754.387,226
754.44,226
754.494,225
754.548,226
754.602,226
754.655,226
754.709,226
754.763,226
754.817,226
754.87,226
754.924,226
754.978,226
755.032,226
755.086,226
755.139,226
755.193,226
755.247,226
755.301,226
755.354,226
755.408,226
755.462,226
755.516,226
755.569,226
755.623,226
755.677,226
755.731,226
755.784,226
755.838,226
755.892,226
755.946,226
755.999,226
756.053,226
756.107,226
756.161,226
756.214,226
756.268,226
756.322,226
756.376,226
756.43,226
756.483,226
756.537,226
756.591,226
756.645,226
756.698,226
756.752,226
756.806,226
756.86,226
756.913,226
756.967,226
757.021,226
757.075,226
757.128,226
757.182,226
757.236,226
757.29,226
757.343,226
757.397,226
757.451,226
757.505,226
757.558,226
757.612,226
757.666,226
757.72,226
757.774,226
757.875,226
757.929,226
757.983,226
758.037,226
758.09,226
758.144,226
758.198,226
758.252,226
758.305,226
758.359,226
758.413,226
758.467,226
758.52,226
758.574,226
758.628,226
758.682,226
758.735,226
758.789,226
758.843,226
758.897,226
758.95,226
759.004,226
759.058,226
759.112,226
759.166,226
759.219,226
759.273,226
759.327,226
759.381,226
759.434,226
759.488,226
759.542,226
759.596,226
759.649,226
759.703,226
759.757,226
759.811,226
759.864,226
759.918,226
759.972,226
760.026,226
760.079,226
760.133,226
760.187,226
760.241,226
760.294,225
760.348,226
760.402,226
760.456,225
760.509,226
760.563,226
760.617,226
760.671,226
760.725,226
760.778,226
760.832,226
760.886,226
760.94,226
760.993,226
761.047,226
761.101,225
761.155,225
761.208,226
761.262,225
761.316,220
761.369,226
761.422,226
761.476,226
761.528,189
761.578,183
761.629,177
761.679,172
761.729,167
761.779,161
761.828,155
761.877,149
761.926,144
761.974,139
762.022,135
762.07,132
762.118,130
762.166,129
762.213,125
762.261,120
762.308,115
762.355,112
762.401,107
762.448,104
762.494,100
762.54,97
762.586,94
762.632,92
762.678,91
762.724,91
762.769,91
762.814,90
762.859,90
762.904,89
762.949,88
762.995,87
763.089,87
763.134,89
763.179,91
763.225,94
763.272,99
763.318,103
763.364,106
763.411,111
763.458,115
763.505,122
763.553,125
763.601,128
763.649,133
763.702,225
763.756,225
763.81,226
763.864,226
763.917,225
763.971,225
764.025,225
764.079,225
764.133,225
764.186,226
764.24,226
764.294,226
764.348,226
764.401,225
764.455,226
764.509,225
764.563,225
764.616,226
764.67,225
764.724,226
764.778,226
764.831,226
764.885,225
764.939,225
764.993,226
765.046,226
765.1,226
765.154,226
765.208,226
765.261,226
765.315,226
765.369,226
765.423,226
765.477,226
765.53,226
765.584,226
765.638,225
765.692,226
765.745,226
765.799,226
765.853,225
765.907,226
765.96,226
766.014,225
766.068,226
766.122,226
766.175,226
766.229,225
766.283,226
766.337,226
766.39,225
766.444,225
766.498,225
766.552,226
766.606,226
766.659,225
766.713,225
766.767,225
766.821,225
766.874,225
766.928,225
766.982,226
767.036,225
767.089,225
767.143,226
767.197,225
767.251,225
767.304,226
767.358,227
767.412,231
767.466,225
767.519,225
767.573,225
767.627,226
767.681,226
767.734,226
767.788,226
767.842,226
767.896,226
767.949,226
768.003,226
768.057,226
768.111,226
768.165,226
768.218,226
768.272,226
768.326,226
768.433,226
768.487,226
768.541,226
768.595,226
768.648,226
768.702,226
768.756,226
768.81,225
768.863,225
768.917,226
768.971,225
769.025,226
769.078,225
769.132,225
769.186,226
769.24,226
769.294,226
769.347,225
769.401,226
769.455,225
769.509,226
769.562,225
769.616,225
769.67,226
769.724,225
769.777,225
769.831,226
769.885,226
769.939,225
769.992,225
770.046,226
770.1,225
770.154,226
770.207,225
770.261,226
770.315,225
770.369,226
770.422,226
770.476,225
770.53,226
770.584,226
770.638,226
770.691,226
770.745,226
770.799,226
770.853,226
770.906,226
770.96,226
771.014,226
771.068,226
771.121,226
771.175,226
771.229,226
771.283,226
771.336,226
771.39,226
771.444,226
771.498,226
771.551,226
771.605,226
771.659,226
771.713,226
771.766,226
771.82,226
771.874,226
771.928,226
771.982,226
772.035,226
772.089,226
772.143,226
772.197,226
772.25,226
772.304,226
772.358,226
772.412,226
772.465,226
772.519,226
772.573,226
772.627,226
772.68,226
772.734,226
772.788,226
772.842,226
772.895,226
772.949,226
773.003,226
773.057,226
773.11,226
773.164,226
773.218,226
773.272,226
773.326,226
773.379,226
773.433,225
773.487,226
773.541,226
773.594,226
773.648,226
773.702,226
773.756,226
773.857,226
773.911,226
773.965,226
774.019,226
774.072,226
774.126,226
774.18,226
774.234,226
774.287,226
774.341,226
774.395,226
774.449,226
774.502,226
774.556,226
774.61,226
774.664,226
774.718,226
774.771,226
774.825,226
774.879,226
774.933,226
774.986,226
775.04,226
775.094,226
775.148,226
775.201,226
775.255,226
775.309,226
775.363,226
775.416,226
775.47,226
775.524,226
775.578,226
775.631,226
775.685,226
775.739,226
775.793,226
775.846,226
775.9,226
775.954,226
776.008,226
776.062,226
776.115,226
776.169,226
776.223,226
776.277,226
776.33,226
776.384,226
776.438,226
776.492,226
776.545,226
776.599,226
776.653,226
776.707,226
776.76,226
776.814,226
776.868,226
776.922,226
776.975,226
777.029,226
777.083,226
777.137,226
777.19,226
777.244,226
777.298,226
777.352,226
777.406,226
777.459,226
777.513,226
777.567,226
777.621,226
777.674,226
777.728,226
777.782,226
777.836,226
777.889,226
777.943,226
777.997,226
778.051,226
778.104,226
778.158,226
778.212,226
778.266,226
778.319,226
778.373,226
778.427,226
778.481,226
778.534,226
778.588,226
778.642,226
778.696,226
778.75,226
778.803,226
778.857,226
778.911,226
778.965,226
779.018,226
779.072,226
779.126,226
779.18,226
779.281,226
779.335,226
779.389,226
779.443,226
779.496,226
779.55,226
779.604,226
779.658,226
779.711,226
779.765,226
779.819,226
779.873,226
779.926,226
779.98,226
780.034,226
780.088,226
780.142,226
780.195,226
780.249,226
780.303,226
780.357,226
780.41,226
780.464,226
780.518,226
780.572,226
780.625,226
780.679,226
780.733,226
780.787,226
780.84,226
780.894,226
780.948,226
781.002,226
781.055,226
781.109,226
781.163,226
781.217,226
781.27,226
781.324,226
781.378,226
781.432,226
781.486,226
781.539,226
781.593,226
781.647,226
781.701,226
781.754,226
781.808,226
781.862,226
781.916,226
781.969,226
782.023,226
782.077,226
782.131,226
782.184,226
782.238,226
782.292,226
782.346,226
782.399,226
782.453,226
782.507,226
782.561,226
782.614,226
782.668,226
782.722,226
782.776,226
782.83,226
782.883,226
782.937,226
782.991,226
783.045,226
783.098,226
783.152,226
783.206,226
783.26,226
783.313,226
783.367,226
783.421,226
783.475,226
783.528,226
783.582,226
783.636,226
783.69,226
783.743,226
783.797,226
783.851,226
783.905,226
783.958,226
784.012,226
784.066,226
784.12,226
784.174,226
784.227,226
784.281,226
784.335,226
784.389,226
784.442,226
784.496,225
784.55,225
784.604,226
784.711,226
784.765,226
784.819,226
784.872,225
784.926,225
784.98,226
785.034,225
785.087,226
785.141,226
785.195,226
785.249,226
785.302,226
785.356,226
785.41,226
785.464,226
785.518,226
785.571,226
785.625,226
785.679,226
785.733,226
785.786,226
785.84,226
785.894,226
785.948,226
786.001,226
786.055,226
786.109,226
786.163,226
786.216,226
786.27,226
786.324,226
786.378,226
786.431,226
786.485,226
786.539,226
786.593,226
786.646,226
786.7,226
786.754,226
786.808,226
786.862,226
786.915,226
786.969,226
787.023,226
787.077,226
787.13,226
787.184,226
787.238,226
787.292,226
787.345,226
787.399,226
787.453,226
787.507,226
787.56,226
787.614,226
787.668,226
787.722,226
787.775,226
787.829,226
787.883,226
787.937,226
787.99,226
788.044,226
788.098,226
788.152,226
788.206,226
788.259,226
788.313,226
788.367,226
788.421,226
788.474,226
788.528,226
788.582,226
788.636,226
788.689,226
788.743,226
788.797,226
788.851,226
788.904,226
788.958,226
789.012,226
789.066,226
789.119,226
789.173,226
789.227,226
789.281,226
789.334,226
789.388,226
789.442,226
789.496,226
789.55,226
789.603,226
789.657,226
789.711,226
789.765,226
789.818,226
789.872,226
789.926,226
789.98,226
790.033,226
790.151,226
790.205,226
790.259,226
790.313,226
790.366,226
790.42,226
790.474,226
790.528,226
790.582,226
790.635,226
790.689,226
790.743,226
790.797,226
790.85,226
790.904,226
790.958,226
791.012,226
791.065,226
791.119,226
791.173,226
791.227,226
791.28,227
791.334,226
791.388,226
791.442,226
791.495,226
791.549,226
791.603,226
791.657,226
791.71,226
791.764,226
791.818,226
791.872,226
791.926,226
791.979,226
792.033,226
792.087,226
792.141,226
792.194,226
792.248,226
792.302,226
792.356,226
792.409,226
792.463,226
792.517,226
792.571,226
792.624,226
792.678,226
792.732,226
792.786,226
792.839,226
792.893,226
792.947,226
793.001,226
793.054,226
793.108,226
793.162,226
793.216,226
793.27,226
793.323,226
793.377,226
793.431,226
793.485,226
793.538,225
793.592,226
793.646,226
793.7,226
793.753,226
793.807,226
793.861,226
793.915,225
793.968,226
794.022,226
794.076,226
794.13,226
794.183,226
794.237,226
794.291,226
794.345,226
794.398,226
794.452,226
794.506,226
794.56,226
794.614,226
794.667,226
794.721,225
794.775,226
794.829,226
794.882,226
794.936,226
794.99,226
795.044,226
795.097,226
795.151,226
795.205,226
795.259,226
795.312,226
795.366,226
795.42,225
795.474,226
795.575,226
795.629,226
795.683,226
795.737,226
795.79,226
795.844,226
795.898,226
795.952,226
796.006,226
796.059,226
796.113,226
796.167,226
796.221,226
796.274,226
796.328,226
796.382,226
796.436,225
796.489,226
796.543,226
796.597,226
796.651,226
796.704,226
796.758,226
796.812,226
796.866,226
796.919,226
796.973,226
797.027,226
797.081,226
797.134,226
797.188,226
797.242,226
797.296,226
797.35,226
797.403,226
797.457,226
797.511,226
797.565,226
797.618,226
797.672,226
797.726,226
797.78,226
797.833,226
797.887,226
797.941,226
797.995,226
798.048,226
798.102,226
798.156,226
798.21,226
798.263,226
798.317,226
798.371,226
798.425,226
798.478,226
798.532,226
798.586,226
798.64,226
798.694,226
798.747,226
798.801,226
798.855,226
798.909,226
798.962,226
799.016,226
799.07,226
799.124,226
799.177,226
799.231,226
799.285,226
799.339,226
799.392,226
799.446,226
799.5,226
799.554,226
799.607,226
799.661,226
799.715,226
799.769,226
799.822,226
799.876,226
799.93,226
799.984,226
800.038,226
800.091,226
800.145,226
800.199,226
800.253,226
800.306,226
800.36,226
800.414,226
800.468,226
800.521,226
800.575,226
800.629,226
800.683,226
800.736,226
800.79,226
800.844,226
800.898,226
801.005,226
801.059,226
801.113,226
801.166,226
801.22,226
801.274,226
801.328,226
801.382,226
801.435,226
801.489,226
801.543,226
801.597,226
801.65,226
801.704,226
801.758,226
801.812,226
801.865,226
801.919,226
801.973,226
802.027,226
802.08,226
802.134,226
802.188,226
802.242,226
802.295,226
802.349,226
802.403,226
802.457,226
802.51,226
802.564,226
802.618,226
802.672,226
802.725,225
802.779,226
802.833,226
802.887,225
802.941,226
802.994,226
803.048,226
803.102,226
803.156,226
803.209,225
803.263,226
803.317,226
803.371,226
803.424,226
803.478,226
803.532,226
803.586,226
803.639,226
803.693,226
803.747,226
803.801,226
803.854,226
803.908,226
803.962,226
804.016,226
804.07,226
804.123,225
804.177,226
804.231,226
804.285,226
804.338,226
804.392,226
804.446,226
804.5,226
804.553,226
804.607,226
804.661,226
804.715,226
804.768,226
804.822,226
804.876,226
804.93,226
804.983,226
805.037,226
805.091,226
805.145,226
805.198,226
805.252,225
805.306,226
805.36,225
805.414,226
805.467,226
805.521,226
805.575,225
805.629,225
805.682,225
805.736,225
805.79,226
805.844,226
805.897,226
805.951,226
806.005,225
806.059,225
806.112,226
806.166,225
806.22,226
806.274,225
806.327,226
806.429,226
806.483,226
806.537,226
806.59,226
806.644,226
806.698,226
806.752,226
806.806,226
806.859,226
806.913,226
806.967,226
807.021,226
807.074,226
807.128,226
807.182,226
807.236,226
807.289,226
807.343,226
807.397,226
807.451,226
807.504,226
807.558,226
807.612,226
807.666,225
807.719,226
807.773,226
807.827,225
807.881,226
807.934,226
807.988,226
808.042,225
808.096,226
808.149,225
808.203,225
808.257,226
808.311,225
808.365,226
808.418,225
808.472,225
808.526,226
808.58,226
808.633,226
808.687,225
808.741,226
808.795,226
808.848,226
808.902,225
808.956,225
809.01,225
809.063,226
809.117,226
809.171,225
809.225,226
809.278,226
809.332,226
809.386,226
809.44,226
809.493,226
809.547,226
809.601,226
809.655,226
809.709,226
809.762,226
809.816,226
809.87,225
809.924,226
809.977,226
810.031,226
810.085,226
810.139,225
810.192,226
810.246,226
810.3,226
810.354,226
810.407,226
810.461,226
810.515,226
810.569,226
810.622,226
810.676,226
810.73,226
810.784,226
810.838,226
810.891,226
810.945,226
810.999,226
811.053,226
811.106,226
811.16,226
811.214,226
811.268,226
811.321,226
811.375,226
811.429,226
811.483,226
811.536,226
811.59,226
811.644,226
811.698,226
811.751,226
811.853,226
811.907,226
811.961,226
812.014,226
812.068,226
812.122,226
812.176,226
812.23,226
812.283,226
812.337,226
812.391,226
812.445,226
812.498,226
812.552,226
812.606,226
812.66,226
812.713,226
812.767,226
812.821,226
812.875,226
812.928,226
812.982,226
813.036,226
813.09,226
813.143,226
813.197,226
813.251,225
813.305,226
813.358,226
813.412,226
813.466,226
813.52,225
813.574,226
813.627,226
813.681,225
813.735,226
813.789,226
813.842,225
813.896,225
813.95,226
814.004,226
814.057,226
814.111,226
814.165,225
814.219,226
814.272,226
814.326,226
814.38,226
814.434,225
814.487,225
814.541,226
814.595,226
814.649,226
814.702,226
814.756,226
814.81,226
814.864,226
814.918,226
814.971,226
815.025,226
815.079,226
815.133,226
815.186,226
815.24,226
815.294,226
815.348,226
815.401,226
815.455,226
815.509,226
815.563,226
815.616,226
815.67,226
815.724,226
815.778,226
815.831,226
815.885,226
815.939,226
815.993,226
816.046,226
816.1,226
816.154,226
816.208,226
816.262,226
816.315,226
816.369,226
816.423,226
816.477,226
816.53,226
816.584,225
816.638,226
816.692,226
816.745,226
816.799,226
816.853,225
816.907,226
816.96,226
817.014,226
817.068,225
817.122,225
817.175,226
817.283,225
817.337,225
817.39,225
817.444,225
817.498,226
817.552,225
817.605,225
817.659,225
817.713,225
817.767,225
817.821,226
817.874,225
817.928,226
817.982,226
818.036,226
818.089,226
818.143,226
818.197,226
818.251,226
818.304,226
818.358,226
818.412,226
818.466,226
818.519,226
818.573,226
818.627,226
818.681,226
818.734,226
818.788,226
818.842,226
818.896,226
818.95,226
819.003,226
819.057,226
819.111,226
819.165,226
819.218,226
819.272,226
819.326,226
819.38,226
819.433,226
819.487,226
819.541,226
819.595,226
819.648,226
819.702,226
819.756,226
819.81,226
819.863,226
819.917,226
819.971,226
820.025,226
820.078,226
820.132,226
820.186,226
820.24,225
820.293,226
820.347,226
820.401,226
820.455,226
820.509,226
820.562,226
820.616,226
820.67,226
820.724,226
820.777,226
820.831,226
820.885,226
820.939,226
820.992,226
821.046,226
821.1,226
821.154,226
821.207,226
821.261,226
821.315,226
821.369,226
821.422,226
821.476,226
821.53,226
821.584,226
821.638,226
821.691,226
821.745,226
821.799,226
821.853,226
821.906,226
821.96,226
822.014,226
822.068,226
822.121,226
822.175,226
822.229,226
822.283,226
822.336,226
822.39,226
822.444,226
822.498,226
822.551,226
822.605,226
822.707,226
822.761,226
822.814,226
822.868,226
822.922,226
822.976,226
823.03,226
823.083,226
823.137,226
823.191,225
823.245,226
823.298,226
823.352,226
823.406,225
823.46,226
823.513,226
823.567,226
823.621,226
823.675,225
823.728,225
823.782,226
823.836,225
823.89,226
823.943,226
823.997,226
824.051,226
824.105,226
824.158,225
824.212,225
824.266,226
824.32,226
824.373,225
824.427,225
824.481,226
824.535,226
824.589,226
824.642,226
824.696,226
824.75,226
824.804,226
824.857,226
824.911,226
824.965,226
825.019,226
825.072,226
825.126,226
825.18,226
825.234,226
825.287,226
825.341,226
825.395,226
825.449,226
825.502,226
825.556,226
825.61,226
825.664,226
825.717,226
825.771,226
825.825,226
825.879,226
825.933,226
825.986,226
826.04,226
826.094,226
826.148,226
826.201,225
826.255,226
826.309,225
826.363,226
826.416,226
826.47,225
826.524,226
826.578,226
826.631,226
826.685,225
826.739,226
826.793,225
826.846,225
826.9,225
826.954,226
827.008,226
827.062,226
827.115,226
827.169,226
827.223,226
827.277,226
827.33,226
827.384,226
827.438,226
827.492,226
827.545,226
827.599,226
827.653,226
827.707,226
827.76,226
827.814,226
827.868,226
827.922,226
827.975,226
828.029,226
828.131,226
828.185,226
828.238,226
828.292,226
828.346,226
828.4,226
828.453,226
828.507,226
828.561,226
828.615,226
828.669,226
828.722,226
828.776,226
828.83,226
828.884,226
828.937,226
828.991,226
829.045,226
829.099,226
829.152,226
829.206,226
829.26,226
829.314,226
829.367,225
829.421,226
829.475,226
829.529,226
829.582,226
829.636,226
829.69,226
829.744,226
829.798,226
829.851,226
829.905,226
829.959,226
830.013,225
830.066,225
830.12,225
830.174,226
830.228,225
830.281,226
830.335,226
830.389,225
830.443,226
830.496,226
830.55,226
830.604,226
830.658,226
830.711,226
830.765,226
830.819,226
830.873,226
830.926,226
830.98,226
831.034,226
831.088,226
831.142,226
831.195,226
831.249,226
831.303,226
831.357,226
831.41,226
831.464,226
831.518,226
831.572,225
831.625,225
831.679,226
831.733,226
831.787,225
831.84,226
831.894,226
831.948,226
832.002,225
832.055,225
832.109,226
832.163,226
832.217,226
832.27,226
832.324,226
832.378,226
832.432,225
832.486,226
832.539,226
832.593,226
832.647,225
832.701,226
832.754,225
832.808,226
832.862,225
832.916,226
832.969,226
833.023,226
833.077,226
833.131,226
833.184,226
833.238,226
833.292,226
833.346,225
833.399,226
833.453,225
833.561,226
833.614,226
833.668,226
833.722,226
833.776,226
833.83,226
833.883,226
833.937,226
833.991,226
834.045,226
834.098,226
834.152,226
834.206,226
834.26,226
834.313,226
834.367,226
834.421,226
834.475,226
834.528,226
834.582,226
834.636,226
834.69,226
834.743,226
834.797,226
834.851,226
834.905,226
834.958,226
835.012,226
835.066,226
835.12,226
835.173,226
835.227,226
835.281,225
835.335,226
835.389,226
835.442,226
835.496,226
835.55,226
835.604,226
835.657,226
835.711,226
835.765,226
835.819,225
835.872,226
835.926,226
835.98,226
836.034,226
836.087,226
836.141,226
836.195,226
836.249,226
836.302,226
836.356,226
836.41,226
836.464,226
836.517,225
836.571,226
836.625,226
836.679,226
836.733,226
836.786,226
836.84,226
836.894,226
836.948,226
837.001,226
837.055,226
837.109,226
837.163,226
837.216,226
837.27,226
837.324,226
837.378,226
837.431,226
837.485,226
837.539,226
837.593,225
837.646,226
837.7,225
837.754,226
837.808,225
837.861,225
837.915,226
837.969,225
838.023,225
838.077,226
838.13,225
838.184,226
838.238,226
838.292,226
838.345,226
838.399,226
838.453,226
838.507,225
838.56,226
838.614,225
838.668,226
838.722,226
838.775,226
838.829,226
838.883,226
838.985,226
839.038,226
839.092,226
839.146,226
839.2,226
839.254,226
839.307,226
839.361,226
839.415,226
839.469,226
839.522,226
839.576,226
839.63,226
839.684,226
839.737,226
839.791,226
839.845,226
839.899,226
839.952,226
840.006,226
840.06,226
840.114,226
840.167,226
840.221,226
840.275,226
840.329,226
840.382,226
840.436,226
840.49,226
840.544,226
840.598,226
840.651,225
840.705,225
840.759,226
840.813,225
840.866,226
840.92,226
840.974,226
841.028,226
841.081,226
841.135,226
841.189,226
841.243,225
841.296,225
841.35,226
841.404,225
841.458,226
841.511,225
841.565,226
841.619,226
841.673,226
841.726,226
841.78,226
841.834,226
841.888,226
841.942,226
841.995,226
842.049,226
842.103,226
842.157,226
842.21,226
842.264,226
842.318,226
842.372,226
842.425,226
842.479,226
842.533,226
842.587,226
842.64,226
842.694,226
842.748,226
842.802,226
842.855,226
842.909,226
842.963,226
843.017,226
843.07,226
843.124,226
843.178,226
843.232,226
843.286,226
843.339,226
843.393,226
843.447,226
843.501,226
843.554,226
843.608,226
843.662,226
843.716,226
843.769,226
843.823,226
843.877,225
843.931,226
843.984,226
844.038,226
844.092,226
844.146,226
844.199,226
844.253,226
844.307,226
844.409,225
844.462,226
844.516,226
844.57,225
844.624,226
844.678,226
844.731,226
844.785,225
844.839,226
844.893,226
844.946,226
845.0,225
845.054,226
845.108,226
845.161,226
845.215,226
845.269,226
845.323,226
845.376,226
845.43,226
845.484,226
845.538,226
845.591,226
845.645,226
845.699,226
845.753,226
845.806,226
845.86,226
845.914,226
845.968,226
846.021,226
846.075,226
846.129,226
846.183,226
846.237,226
846.29,226
846.344,226
846.398,226
846.452,226
846.505,226
846.559,226
846.613,225
846.667,226
846.72,226
846.774,226
846.828,225
846.882,226
846.935,225
846.989,225
847.043,226
847.097,226
847.15,225
847.204,226
847.258,226
847.312,225
847.366,226
847.419,225
847.473,226
847.527,226
847.581,226
847.634,225
847.688,225
847.742,226
847.796,226
847.849,226
847.903,226
847.957,226
848.011,226
848.064,226
848.118,225
848.172,225
848.226,226
848.279,226
848.333,226
848.387,226
848.441,226
848.494,226
848.548,226
848.602,226
848.656,226
848.71,226
848.763,226
848.817,226
848.871,226
848.925,226
848.978,226
849.032,226
849.086,226
849.14,226
849.193,226
849.247,226
849.301,226
849.355,226
849.408,226
849.462,226
849.516,226
849.57,226
849.623,226
849.677,226
849.731,226
849.839,226
849.892,226
849.946,226
850.0,226
850.054,226
850.107,225
850.161,226
850.215,225
850.269,226
850.322,226
850.376,226
850.43,226
850.484,226
850.537,226
850.591,226
850.645,226
850.699,226
850.752,226
850.806,226
850.86,226
850.914,226
850.967,226
851.021,226
851.075,226
851.129,226
851.182,226
851.236,226
851.29,227
851.344,226
851.398,226
851.451,225
851.505,226
851.559,226
851.613,226
851.666,226
851.72,226
851.774,226
851.828,226
851.881,226
851.935,226
851.989,226
852.043,226
852.096,226
852.15,226
852.204,226
852.258,226
852.311,226
852.365,226
852.419,226
852.473,226
852.526,226
852.58,226
852.634,226
852.688,226
852.742,226
852.795,226
852.849,226
852.903,226
852.957,226
853.01,226
853.064,226
853.118,226
853.172,226
853.225,226
853.279,225
853.333,226
853.387,226
853.44,225
853.494,226
853.548,226
853.602,226
853.655,226
853.709,226
853.763,226
853.817,226
853.87,226
853.924,226
853.978,226
854.032,226
854.086,226
854.139,226
854.193,226
854.247,226
854.301,226
854.354,226
854.408,226
854.462,226
854.516,226
854.569,226
854.623,226
854.677,225
854.731,226
854.784,225
854.838,226
854.892,226
854.946,226
854.999,226
855.053,226
855.107,226
855.161,226
855.263,226
855.316,226
855.37,226
855.424,226
855.478,226
855.531,225
855.585,226
855.639,225
855.693,225
855.746,226
855.8,226
855.854,226
855.908,225
855.961,225
856.015,225
856.069,225
856.123,225
856.176,226
856.23,225
856.284,225
856.338,225
856.391,226
856.445,226
856.499,225
856.553,225
856.606,225
856.66,226
856.714,226
856.768,225
856.821,225
856.875,226
856.929,226
856.983,225
857.037,225
857.09,226
857.144,225
857.198,225
857.252,225
857.305,226
857.359,225
857.413,226
857.467,226
857.52,225
857.574,225
857.628,226
857.682,226
857.735,225
857.789,226
857.843,226
857.897,226
857.95,226
858.004,226
858.058,226
858.112,226
858.166,226
858.219,226
858.273,226
858.327,225
858.381,225
858.434,225
858.488,225
858.542,225
858.596,225
858.649,225
858.703,225
858.757,226
858.811,225
858.864,225
858.918,225
858.972,226
859.026,226
859.079,225
859.133,225
859.187,226
859.241,225
859.294,226
859.348,226
859.402,226
859.456,226
859.509,225
859.563,225
859.617,225
859.671,226
859.725,226
859.778,225
859.832,226
859.886,225
859.94,225
859.993,226
860.047,226
860.101,226
860.155,225
860.208,226
860.262,225
860.316,226
860.37,226
860.423,226
860.477,226
860.531,226
860.585,225
860.686,225
860.74,226
860.794,225
860.848,225
860.901,225
860.955,225
861.009,225
861.063,225
861.117,225
861.17,225
861.224,225
861.278,225
861.332,225
861.385,226
861.439,225
861.493,225
861.547,225
861.6,225
861.654,226
861.708,225
861.762,225
861.815,225
861.869,225
861.923,225
861.977,225
862.03,225
862.084,225
862.138,225
862.192,225
862.245,225
862.299,226
862.353,225
862.407,225
862.461,225
862.514,225
862.568,225
862.622,225
862.676,225
862.729,226
862.783,225
862.837,225
862.891,225
862.944,225
862.998,226
863.052,225
863.106,225
863.159,225
863.213,226
863.267,225
863.321,225
863.374,225
863.428,226
863.482,226
863.536,226
863.589,225
863.643,225
863.697,225
863.751,225
863.805,225
863.858,226
863.912,225
863.966,226
864.02,226
864.073,225
864.127,225
864.181,226
864.235,226
864.288,226
864.342,226
864.396,226
864.45,226
864.503,226
864.557,226
864.611,226
864.665,226
864.718,225
864.772,226
864.826,226
864.88,225
864.933,225
864.987,226
865.041,225
865.095,226
865.149,225
865.202,225
865.256,225
865.31,226
865.364,225
865.417,226
865.471,225
865.525,225
865.579,226
865.632,225
865.686,225
865.74,225
865.794,225
865.847,226
865.901,225
865.955,225
866.009,225
866.116,225
866.17,226
866.224,226
866.277,225
866.331,226
866.385,226
866.439,225
866.493,226
866.546,226
866.6,225
866.654,225
866.708,225
866.761,225
866.815,225
866.869,226
866.923,225
866.976,226
867.03,226
867.084,226
867.138,226
867.191,226
867.245,226
867.299,225
867.353,226
867.406,226
867.46,226
867.514,226
867.568,226
867.622,226
867.675,226
867.729,226
867.783,226
867.837,226
867.89,226
867.944,226
867.998,226
868.052,226
868.105,226
868.159,226
868.213,226
868.267,226
868.32,226
868.374,226
868.428,226
868.482,226
868.535,226
868.589,226
868.643,226
868.697,226
868.75,225
868.804,226
868.858,226
868.912,225
868.966,226
869.019,226
869.073,226
869.127,226
869.181,226
869.234,226
869.288,226
869.342,226
869.396,226
869.449,226
869.503,226
869.557,226
869.611,226
869.664,226
869.718,226
869.772,226
869.826,226
869.879,226
869.933,226
869.987,226
870.041,226
870.094,226
870.148,226
870.202,226
870.256,226
870.31,226
870.363,226
870.417,226
870.471,226
870.525,226
870.578,226
870.632,226
870.686,226
870.74,226
870.793,226
870.847,226
870.901,226
870.955,226
871.008,226
871.062,226
871.116,226
871.17,226
871.223,226
871.277,226
871.331,226
871.385,226
871.438,226
871.54,226
871.594,225
871.648,226
871.701,225
871.755,226
871.809,226
871.863,225
871.917,226
871.97,225
872.024,225
872.078,226
872.132,226
872.185,225
872.239,226
872.293,225
872.347,225
872.4,226
872.454,225
872.508,225
872.562,226
872.615,225
872.669,226
872.723,226
872.777,226
872.83,226
872.884,226
872.938,226
872.992,226
873.046,226
873.099,226
873.153,226
873.207,226
873.261,226
873.314,226
873.368,226
873.422,226
873.476,226
873.529,226
873.583,226
873.637,226
873.691,226
873.744,226
873.798,226
873.852,226
873.906,226
873.959,226
874.013,226
874.067,226
874.121,226
874.174,226
874.228,226
874.282,226
874.336,226
874.39,226
874.443,226
874.497,226
874.551,226
874.605,226
874.658,226
874.712,226
874.766,226
874.82,225
874.873,226
874.927,226
874.981,226
875.035,226
875.088,225
875.142,226
875.196,225
875.25,226
875.303,225
875.357,225
875.411,225
875.465,226
875.518,225
875.572,225
875.626,225
875.68,226
875.734,226
875.787,226
875.841,226
875.895,226
875.949,226
876.002,225
876.056,226
876.11,226
876.164,226
876.217,226
876.271,226
876.325,226
876.379,226
876.432,226
876.486,226
876.54,225
876.594,226
876.647,226
876.701,226
876.755,226
876.809,226
876.862,226
876.964,226
877.018,226
877.072,226
877.126,226
877.179,226
877.233,226
877.287,226
877.341,226
877.394,226
877.448,226
877.502,225
877.556,226
877.609,226
877.663,225
877.717,225
877.771,225
877.824,226
877.878,226
877.932,225
877.986,226
878.039,226
878.093,226
878.147,225
878.201,226
878.254,226
878.308,226
878.362,226
878.416,226
878.47,226
878.523,226
878.577,226
878.631,226
878.685,226
878.738,225
878.792,226
878.846,226
878.9,225
878.953,226
879.007,226
879.061,226
879.115,226
879.168,226
879.222,226
879.276,226
879.33,226
879.383,225
879.437,226
879.491,226
879.545,226
879.598,226
879.652,226
879.706,226
879.76,226
879.813,226
879.867,226
879.921,226
879.975,226
880.029,226
880.082,226
880.136,226
880.19,226
880.244,226
880.297,226
880.351,225
880.405,226
880.459,226
880.512,226
880.566,225
880.62,226
880.674,226
880.727,226
880.781,226
880.835,226
880.889,225
880.942,226
880.996,226
881.05,226
881.104,225
881.157,226
881.211,226
881.265,226
881.319,225
881.373,226
881.426,225
881.48,225
881.534,226
881.588,226
881.641,226
881.695,226
881.749,226
881.803,226
881.856,225
881.91,226
881.964,226
882.018,226
882.071,226
882.125,226
882.179,226
882.233,226
882.286,226
882.394,226
882.448,226
882.502,226
882.555,226
882.609,226
882.663,226
882.717,226
882.77,226
882.824,226
882.878,226
882.932,226
882.985,226
883.039,225
883.093,226
883.147,226
883.2,226
883.254,225
883.308,226
883.362,226
883.415,225
883.469,226
883.523,225
883.577,226
883.63,226
883.684,226
883.738,226
883.792,225
883.845,225
883.899,226
883.953,225
884.007,226
884.061,226
884.114,225
884.168,226
884.222,226
884.276,225
884.329,226
884.383,225
884.437,226
884.491,226
884.544,226
884.598,225
884.652,225
884.706,226
884.759,226
884.813,226
884.867,226
884.921,225
884.974,226
885.028,226
885.082,225
885.136,225
885.19,226
885.243,226
885.297,226
885.351,226
885.405,225
885.458,225
885.512,226
885.566,226
885.62,226
885.673,225
885.727,226
885.781,226
885.835,225
885.888,226
885.942,226
885.996,226
886.05,226
886.103,225
886.157,226
886.211,225
886.265,225
886.318,225
886.372,225
886.426,226
886.48,226
886.534,226
886.587,226
886.641,226
886.695,226
886.749,226
886.802,226
886.856,225
886.91,225
886.964,225
887.017,226
887.071,226
887.125,226
887.179,226
887.232,225
887.286,226
887.34,226
887.394,226
887.447,226
887.501,226
887.555,225
887.609,226
887.662,225
887.716,226
887.818,226
887.872,226
887.926,226
887.979,226
888.033,226
888.087,226
888.141,225
888.194,225
888.248,225
888.302,225
888.356,225
888.409,226
888.463,226
888.517,226
888.571,226
888.624,225
888.678,225
888.732,226
888.786,225
888.839,225
888.893,225
888.947,226
889.001,226
889.054,226
889.108,225
889.162,225
889.216,225
889.269,225
889.323,225
889.377,226
889.431,226
889.485,226
889.538,226
889.592,225
889.646,225
889.7,226
889.753,226
889.807,226
889.861,225
889.915,225
889.968,225
890.022,226
890.076,226
890.13,225
890.183,226
890.237,226
890.291,225
890.345,225
890.398,226
890.452,226
890.506,225
890.56,226
890.614,226
890.667,226
890.721,225
890.775,225
890.829,226
890.882,225
890.936,226
890.99,225
891.044,226
891.097,226
891.151,225
891.205,225
891.259,226
891.312,225
891.366,226
891.42,225
891.474,226
891.527,225
891.581,225
891.635,226
891.689,226
891.742,226
891.796,225
891.85,225
891.904,225
891.957,225
892.011,225
892.065,226
892.119,226
892.173,226
892.226,225
892.28,225
892.334,225
892.388,225
892.441,226
892.495,226
892.549,226
892.603,225
892.656,225
892.71,225
892.764,225
892.818,226
892.871,226
892.925,225
892.979,225
893.033,226
893.086,225
893.14,225
893.248,225
893.302,225
893.355,226
893.409,226
893.463,226
893.517,226
893.57,226
893.624,226
893.678,226
893.732,226
893.785,226
893.839,226
893.893,226
893.947,226
894.0,225
894.054,226
894.108,226
894.162,226
894.215,226
894.269,226
894.323,225
894.377,226
894.43,225
894.484,225
894.538,226
894.592,226
894.646,226
894.699,226
894.753,225
894.807,226
894.861,226
894.914,226
894.968,225
895.022,226
895.076,226
895.129,226
895.183,226
895.237,226
895.291,226
895.344,225
895.398,226
895.452,226
895.506,226
895.559,226
895.613,226
895.667,226
895.721,226
895.774,226
895.828,225
895.882,225
895.936,225
895.99,226
896.043,225
896.097,225
896.151,226
896.205,225
896.258,226
896.312,226
896.366,226
896.42,225
896.473,226
896.527,226
896.581,226
896.635,225
896.688,226
896.742,226
896.796,226
896.85,226
896.903,226
896.957,226
897.011,226
897.065,226
897.118,225
897.172,226
897.226,226
897.28,226
897.333,226
897.387,226
897.441,226
897.495,226
897.549,226
897.602,226
897.656,226
897.71,226
897.764,226
897.817,226
897.871,226
897.925,226
897.979,226
898.032,226
898.086,226
898.14,226
898.194,226
898.247,226
898.301,225
898.355,225
898.409,225
898.462,225
898.516,225
898.57,225
898.672,226
898.726,226
898.779,225
898.833,225
898.887,225
898.941,225
898.994,226
899.048,226
899.102,226
899.156,226
899.209,226
899.263,226
899.317,226
899.371,226
899.424,226
899.478,226
899.532,226
899.586,226
899.639,225
899.693,226
899.747,225
899.801,225
899.854,226
899.908,226
899.962,225
900.016,225
900.069,225
900.123,226
900.177,226
900.231,226
900.285,226
900.338,226
900.392,226
900.446,226
900.5,226
900.553,226
900.607,225
900.661,226
900.715,226
900.768,226
900.822,225
900.876,226
900.93,225
900.983,226
901.037,225
901.091,226
901.145,226
901.198,226
901.252,226
901.306,226
901.36,225
901.413,225
901.467,226
901.521,226
901.575,225
901.629,226
901.682,225
901.736,226
901.79,226
901.844,225
901.897,225
901.951,225
902.005,226
902.059,226
902.112,226
902.166,225
902.22,225
902.274,226
902.327,226
902.381,226
902.435,226
902.489,226
902.542,226
902.596,226
902.65,226
902.704,226
902.758,226
902.811,226
902.865,226
902.919,226
902.973,226
903.026,225
903.08,225
903.134,226
903.188,226
903.241,226
903.295,225
903.349,226
903.403,225
903.456,226
903.51,226
903.564,226
903.618,225
903.671,226
903.725,226
903.779,226
903.833,225
903.886,225
903.94,226
903.994,226
904.096,225
904.149,225
904.203,226
904.257,225
904.311,225
904.365,225
904.418,225
904.472,226
904.526,225
904.58,225
904.633,226
904.687,225
904.741,225
904.795,226
904.848,226
904.902,225
904.956,226
905.01,226
905.063,225
905.117,226
905.171,226
905.225,225
905.278,225
905.332,226
905.386,226
905.44,226
905.494,226
905.547,226
905.601,226
905.655,226
905.709,225
905.762,225
905.816,225
905.87,226
905.924,226
905.977,225
906.031,225
906.085,226
906.139,225
906.192,226
906.246,226
906.3,226
906.354,226
906.407,226
906.461,225
906.515,225
906.569,225
906.622,226
906.676,225
906.73,225
906.784,226
906.837,225
906.891,226
906.945,225
906.999,226
907.053,226
907.106,226
907.16,226
907.214,226
907.268,226
907.321,226
907.375,226
907.429,226
907.483,226
907.536,226
907.59,226
907.644,226
907.698,225
907.751,225
907.805,226
907.859,226
907.913,226
907.966,225
908.02,225
908.074,226
908.128,225
908.182,226
908.235,225
908.289,226
908.343,225
908.397,225
908.45,226
908.504,226
908.558,226
908.612,226
908.665,226
908.719,226
908.773,226
908.827,225
908.88,225
908.934,226
908.988,225
909.042,226
909.095,226
909.149,226
909.203,226
909.257,226
909.31,226
909.364,226
909.418,226
909.526,226
909.579,226
909.633,226
909.687,225
909.741,226
909.794,226
909.848,225
909.902,225
909.956,226
910.009,226
910.063,226
910.117,226
910.171,226
910.224,226
910.278,226
910.332,226
910.386,226
910.439,226
910.493,226
910.547,226
910.601,226
910.654,226
910.708,226
910.762,225
910.816,226
910.87,226
910.923,226
910.977,226
911.031,226
911.085,226
911.138,226
911.192,226
911.246,226
911.3,225
911.353,225
911.407,225
911.461,226
911.515,226
911.568,226
911.622,226
911.676,226
911.73,226
911.783,225
911.837,226
911.891,225
911.945,225
911.998,226
912.052,226
912.106,226
912.16,226
912.214,226
912.267,226
912.321,226
912.375,226
912.429,226
912.482,226
912.536,226
912.59,226
912.644,226
912.697,226
912.751,226
912.805,226
912.859,226
912.912,226
912.966,226
913.02,226
913.074,226
913.127,226
913.181,226
913.235,225
913.289,226
913.343,226
913.396,226
913.45,226
913.504,226
913.558,226
913.611,226
913.665,226
913.719,226
913.773,226
913.826,225
913.88,225
913.934,226
913.988,226
914.041,226
914.095,226
914.149,225
914.203,225
914.256,226
914.31,226
914.364,226
914.418,226
914.471,226
914.525,225
914.579,226
914.633,225
914.686,226
914.74,226
914.794,225
914.848,225
915.039,225
915.093,225
915.146,225
915.2,226
915.254,225
915.308,226
915.361,226
915.415,225
915.469,226
915.523,226
915.576,226
915.63,225
915.684,225
915.738,226
915.791,225
915.845,225
915.899,225
915.953,225
916.006,226
916.06,225
916.114,226
916.168,225
916.222,226
916.275,225
916.329,226
916.383,225
916.437,226
916.49,225
916.544,225
916.598,225
916.652,226
916.705,225
916.759,225
916.813,225
916.867,225
916.92,226
916.974,225
917.028,225
917.082,226
917.135,225
917.189,225
917.243,226
917.297,225
917.35,225
917.404,226
917.458,226
917.512,226
917.566,226
917.619,226
917.673,226
917.727,226
917.781,226
917.834,226
917.888,226
917.942,226
917.996,226
918.049,226
918.103,226
918.157,226
918.211,225
918.264,226
918.318,225
918.372,225
918.426,226
918.479,226
918.533,225
918.587,225
918.641,225
918.694,226
918.748,225
918.802,225
918.856,225
918.909,225
918.963,226
919.017,226
919.071,225
919.125,226
919.178,225
919.232,226
919.286,225
919.34,225
919.393,225
919.447,225
919.501,225
919.555,225
919.608,226
919.662,226
919.716,226
919.77,226
919.823,225
919.877,226
919.931,226
919.985,226
920.038,226
920.092,226
920.146,226
920.2,226
920.254,226
920.307,226
920.361,226
920.463,226
920.517,226
920.57,226
920.624,226
920.678,226
920.732,226
920.785,226
920.839,226
920.893,226
920.947,226
921.0,226
921.054,226
921.108,226
921.162,226
921.215,226
921.269,226
921.323,226
921.377,226
921.43,226
921.484,226
921.538,226
921.592,226
921.646,226
921.699,226
921.753,226
921.807,226
921.861,226
921.914,226
921.968,226
922.022,226
922.076,226
922.129,226
922.183,226
922.237,226
922.291,226
922.344,226
922.398,225
922.452,226
922.506,225
922.559,225
922.613,226
922.667,225
922.721,226
922.774,226
922.828,226
922.882,225
922.936,225
922.99,226
923.043,226
923.097,225
923.151,226
923.205,226
923.258,226
923.312,225
923.366,225
923.42,226
923.473,226
923.527,226
923.581,225
923.635,226
923.688,226
923.742,225
923.796,226
923.85,226
923.903,226
923.957,225
924.011,225
924.065,226
924.118,226
924.172,226
924.226,226
924.28,226
924.334,226
924.387,226
924.441,226
924.495,226
924.549,226
924.602,226
924.656,226
924.71,225
924.764,225
924.817,226
924.871,226
924.925,225
924.979,226
925.032,226
925.086,226
925.14,225
925.194,225
925.247,225
925.301,225
925.355,225
925.409,226
925.462,225
925.516,225
925.57,225
925.624,226
925.677,225
925.731,226
925.785,226
925.893,225
925.946,226
926.0,226
926.054,226
926.108,226
926.161,225
926.215,226
926.269,226
926.323,226
926.376,226
926.43,225
926.484,226
926.538,226
926.591,225
926.645,226
926.699,226
926.753,226
926.806,226
926.86,226
926.914,226
926.968,226
927.022,226
927.075,226
927.129,226
927.183,226
927.237,225
927.29,225
927.344,226
927.398,225
927.452,226
927.505,225
927.559,226
927.613,225
927.667,226
927.72,226
927.774,225
927.828,226
927.882,226
927.935,226
927.989,226
928.043,226
928.097,226
928.15,226
928.204,226
928.258,226
928.312,226
928.366,226
928.419,226
928.473,226
928.527,226
928.581,226
928.634,226
928.688,226
928.742,226
928.796,226
928.849,226
928.903,226
928.957,226
929.011,226
929.064,226
929.118,226
929.172,226
929.226,226
929.279,226
929.333,226
929.387,226
929.441,225
929.494,225
929.548,226
929.602,226
929.656,226
929.71,226
929.763,225
929.817,226
929.871,226
929.925,226
929.978,226
930.032,226
930.086,226
930.14,226
930.193,226
930.247,226
930.301,226
930.355,226
930.408,226
930.462,225
930.516,226
930.57,226
930.623,226
930.677,226
930.731,226
930.785,226
930.838,226
930.892,226
930.946,226
931.0,226
931.054,226
931.107,226
931.161,226
931.215,226
931.317,226
931.37,226
931.424,226
931.478,226
931.532,226
931.585,226
931.639,226
931.693,226
931.747,226
931.8,226
931.854,226
931.908,226
931.962,226
932.015,226
932.069,226
932.123,226
932.177,226
932.23,225
932.284,226
932.338,225
932.392,225
932.446,226
932.499,226
932.553,225
932.607,226
932.661,226
932.714,225
932.768,226
932.822,226
932.876,225
932.929,225
932.983,226
933.037,226
933.091,226
933.144,226
933.198,226
933.252,225
933.306,226
933.359,225
933.413,226
933.467,225
933.521,225
933.574,225
933.628,225
933.682,225
933.736,225
933.789,226
933.843,225
933.897,226
933.951,226
934.005,226
934.058,225
934.112,226
934.166,225
934.22,226
934.273,226
934.327,226
934.381,226
934.435,226
934.488,226
934.542,226
934.596,226
934.65,226
934.703,226
934.757,226
934.811,226
934.865,226
934.918,225
934.972,226
935.026,226
935.08,225
935.133,225
935.187,226
935.241,225
935.295,226
935.349,225
935.402,225
935.456,225
935.51,226
935.564,226
935.617,225
935.671,225
935.725,226
935.779,225
935.832,226
935.886,226
935.94,226
935.994,226
936.047,226
936.101,226
936.155,226
936.209,226
936.262,226
936.316,225
936.37,226
936.424,225
936.477,225
936.531,225
936.585,225
936.639,226
936.757,226
936.811,226
936.864,226
936.918,226
936.972,226
937.026,226
937.079,226
937.133,226
937.187,226
937.241,225
937.294,226
937.348,226
937.402,226
937.456,226
937.51,226
937.563,226
937.617,226
937.671,226
937.725,226
937.778,226
937.832,226
937.886,226
937.94,226
937.993,226
938.047,226
938.101,226
938.155,226
938.208,226
938.262,226
938.316,226
938.37,226
938.423,226
938.477,226
938.531,226
938.585,226
938.638,226
938.692,226
938.746,226
938.8,226
938.854,226
938.907,225
938.961,226
939.015,225
939.069,226
939.122,225
939.176,225
939.23,226
939.284,226
939.337,226
939.391,226
939.445,226
939.499,226
939.552,226
939.606,226
939.66,226
939.714,226
939.767,226
939.821,226
939.875,226
939.929,226
939.982,226
940.036,226
940.09,226
940.144,226
940.198,226
940.251,226
940.305,226
940.359,226
940.413,226
940.466,226
940.52,226
940.574,226
940.628,226
940.681,226
940.735,226
940.789,226
940.843,226
940.896,226
940.95,226
941.004,226
941.058,226
941.111,226
941.165,226
941.219,226
941.273,226
941.326,226
941.38,226
941.434,226
941.488,226
941.542,226
941.595,226
941.649,226
941.703,226
941.757,226
941.81,226
941.864,226
941.918,226
941.972,226
942.025,225
942.079,226
942.187,226
942.24,225
942.294,225
942.348,226
942.402,226
942.455,226
942.509,225
942.563,225
942.617,226
942.67,226
942.724,226
942.778,226
942.832,226
942.886,226
942.939,226
942.993,226
943.047,226
943.101,226
943.154,226
943.208,226
943.262,225
943.316,226
943.369,226
943.423,226
943.477,226
943.531,226
943.584,226
943.638,226
943.692,226
943.746,226
943.799,226
943.853,226
943.907,226
943.961,226
944.014,226
944.068,226
944.122,226
944.176,226
944.23,226
944.283,226
944.337,225
944.391,226
944.445,226
944.498,226
944.552,226
944.606,226
944.66,226
944.713,226
944.767,226
944.821,226
944.875,226
944.928,225
944.982,226
945.036,226
945.09,226
945.143,226
945.197,225
945.251,225
945.305,225
945.358,225
945.412,225
945.466,226
945.52,226
945.573,226
945.627,226
945.681,226
945.735,226
945.789,226
945.842,226
945.896,226
945.95,226
946.004,226
946.057,226
946.111,226
946.165,226
946.219,226
946.272,226
946.326,226
946.38,226
946.434,226
946.487,226
946.541,226
946.595,226
946.649,226
946.702,226
946.756,226
946.81,226
946.864,226
946.918,226
946.971,226
947.025,226
947.079,226
947.133,226
947.186,226
947.24,226
947.294,226
947.348,226
947.401,225
947.455,225
947.509,226
947.611,226
947.664,225
947.718,226
947.772,226
947.826,226
947.879,226
947.933,226
947.987,226
948.041,225
948.094,226
948.148,226
948.202,226
948.256,226
948.309,225
948.363,225
948.417,226
948.471,226
948.525,226
948.578,226
948.632,225
948.686,225
948.74,225
948.793,226
948.847,226
948.901,226
948.955,225
949.008,226
949.062,226
949.116,226
949.17,226
949.223,226
949.277,226
949.331,226
949.385,226
949.438,226
949.492,226
949.546,226
949.6,226
949.654,226
949.707,226
949.761,226
949.815,226
949.869,226
949.922,226
949.976,226
950.03,226
950.084,226
950.137,226
950.191,226
950.245,226
950.299,226
950.352,226
950.406,226
950.46,226
950.514,225
950.567,226
950.621,225
950.675,226
950.729,225
950.782,225
950.836,226
950.89,225
950.944,226
950.997,225
951.051,226
951.105,225
951.159,226
951.213,225
951.266,225
951.32,225
951.374,226
951.428,225
951.481,225
951.535,225
951.589,226
951.643,225
951.696,225
951.75,226
951.804,225
951.858,226
951.911,225
951.965,226
952.019,226
952.073,226
952.126,226
952.18,226
952.234,226
952.288,226
952.342,226
952.395,225
952.449,226
952.503,226
952.557,226
952.61,226
952.664,226
952.718,226
952.772,226
952.825,226
952.879,226
952.933,226
953.035,226
953.088,226
953.142,226
953.196,226
953.25,225
953.303,226
953.357,226
953.411,226
953.465,226
953.518,226
953.572,226
953.626,226
953.68,226
953.734,226
953.787,226
953.841,225
953.895,226
953.949,226
954.002,226
954.056,226
954.11,226
954.164,226
954.217,226
954.271,226
954.325,226
954.379,226
954.432,226
954.486,226
954.54,226
954.594,226
954.647,226
954.701,226
954.755,226
954.809,226
954.862,226
954.916,226
954.97,226
955.024,226
955.078,226
955.131,226
955.185,226
955.239,226
955.293,226
955.346,226
955.4,226
955.454,226
955.508,226
955.561,226
955.615,226
955.669,226
955.723,226
955.776,226
955.83,226
955.884,226
955.938,227
955.991,226
956.045,226
956.099,226
956.153,226
956.206,226
956.26,226
956.314,226
956.368,226
956.422,226
956.475,226
956.529,226
956.583,226
956.637,226
956.69,226
956.744,226
956.798,226
956.852,226
956.905,226
956.959,226
957.013,226
957.067,226
957.12,225
957.174,226
957.228,226
957.282,226
957.335,226
957.389,226
957.443,226
957.497,226
957.55,226
957.604,226
957.658,226
957.712,226
957.766,226
957.819,226
957.873,226
957.927,226
957.981,226
958.034,226
958.088,226
958.142,226
958.196,226
958.249,226
958.303,226
958.357,226
958.464,226
958.518,226
958.572,226
958.626,226
958.679,226
958.733,226
958.787,226
958.841,226
958.894,226
958.948,226
959.002,226
959.056,226
959.109,226
959.163,225
959.217,225
959.271,226
959.325,226
959.378,226
959.432,226
959.486,226
959.54,225
959.593,225
959.647,225
959.701,226
959.755,226
959.808,226
959.862,225
959.916,226
959.97,226
960.023,226
960.077,226
960.131,226
960.185,226
960.238,226
960.292,226
960.346,226
960.4,226
960.454,226
960.507,226
960.561,226
960.615,226
960.669,226
960.722,226
960.776,226
960.83,226
960.884,226
960.937,226
960.991,226
961.045,226
961.099,226
961.152,226
961.206,226
961.26,226
961.314,226
961.367,226
961.421,226
961.475,226
961.529,226
961.582,226
961.636,226
961.69,226
961.744,225
961.797,226
961.851,225
961.905,226
961.959,226
962.013,225
962.066,225
962.12,225
962.174,226
962.228,226
962.281,226
962.335,226
962.389,225
962.443,225
962.496,225
962.55,226
962.604,226
962.658,226
962.711,225
962.765,226
962.819,226
962.873,226
962.926,226
962.98,226
963.034,226
963.088,226
963.142,226
963.195,226
963.249,226
963.303,226
963.357,226
963.41,226
963.464,226
963.518,226
963.572,226
963.625,226
963.679,225
963.733,226
963.787,226
963.888,226
963.942,226
963.996,226
964.05,226
964.103,226
964.157,226
964.211,226
964.265,225
964.318,226
964.372,226
964.426,226
964.48,226
964.534,226
964.587,226
964.641,226
964.695,226
964.749,226
964.802,226
964.856,226
964.91,226
964.964,226
965.017,226
965.071,226
965.125,226
965.179,226
965.232,226
965.286,226
965.34,226
965.394,226
965.447,226
965.501,226
965.555,226
965.609,226
965.662,226
965.716,226
965.77,226
965.824,226
965.878,226
965.931,226
965.985,226
966.039,226
966.093,226
966.146,226
966.2,226
966.254,226
966.308,226
966.361,225
966.415,226
966.469,226
966.523,226
966.576,226
966.63,226
966.684,226
966.738,226
966.791,226
966.845,226
966.899,226
966.953,226
967.006,226
967.06,226
967.114,226
967.168,226
967.222,226
967.275,226
967.329,226
967.383,226
967.437,226
967.49,226
967.544,226
967.598,226
967.652,226
967.705,226
967.759,226
967.813,226
967.867,226
967.92,226
967.974,226
968.028,226
968.082,226
968.135,226
968.189,226
968.243,226
968.297,226
968.35,226
968.404,226
968.458,226
968.512,226
968.566,226
968.619,226
968.673,226
968.727,226
968.781,226
968.834,226
968.888,226
968.942,226
968.996,226
969.049,226
969.103,226
969.157,226
969.211,226
969.312,226
969.366,226
969.42,226
969.474,226
969.527,226
969.581,226
969.635,226
969.689,226
969.742,226
969.796,226
969.85,226
969.904,226
969.958,226
970.011,226
970.065,226
970.119,226
970.173,226
970.226,226
970.28,226
970.334,226
970.388,226
970.441,226
970.495,226
970.549,226
970.603,226
970.656,226
970.71,226
970.764,226
970.818,226
970.871,226
970.925,226
970.979,226
971.033,226
971.086,226
971.14,226
971.194,226
971.248,226
971.302,226
971.355,226
971.409,226
971.463,226
971.517,226
971.57,226
971.624,226
971.678,226
971.732,226
971.785,226
971.839,226
971.893,226
971.947,226
972.0,226
972.054,226
972.108,226
972.162,226
972.215,226
972.269,226
972.323,226
972.377,226
972.43,226
972.484,226
972.538,226
972.592,226
972.646,226
972.699,226
972.753,226
972.807,226
972.861,226
972.914,226
972.968,226
973.022,226
973.076,226
973.129,226
973.183,226
973.237,226
973.291,226
973.344,226
973.398,226
973.452,226
973.506,226
973.559,226
973.613,226
973.667,226
973.721,226
973.774,226
973.828,226
973.882,226
973.936,226
973.99,226
974.043,226
974.097,226
974.151,226
974.205,226
974.258,226
974.312,226
974.366,226
974.42,226
974.473,226
974.527,226
974.581,226
974.635,226
974.742,226
974.796,226
974.85,226
974.903,226
974.957,226
975.011,226
975.065,226
975.118,226
975.172,226
975.226,226
975.28,226
975.334,226
975.387,226
975.441,226
975.495,226
975.549,226
975.602,226
975.656,226
975.71,226
975.764,226
975.817,226
975.871,226
975.925,226
975.979,226
976.032,226
976.086,226
976.14,226
976.194,226
976.247,226
976.301,226
976.355,226
976.409,226
976.462,226
976.516,226
976.57,226
976.624,226
976.678,226
976.731,226
976.785,225
976.839,226
976.893,226
976.946,226
977.0,226
977.054,225
977.108,226
977.161,226
977.215,226
977.269,226
977.323,226
977.376,226
977.43,226
977.484,226
977.538,225
977.591,226
977.645,226
977.699,226
977.753,226
977.806,226
977.86,226
977.914,226
977.968,225
978.022,226
978.075,226
978.129,226
978.183,226
978.237,226
978.29,226
978.344,226
978.398,226
978.452,226
978.505,226
978.559,226
978.613,226
978.667,226
978.72,226
978.774,226
978.828,226
978.882,226
978.935,226
978.989,226
979.043,226
979.097,226
979.15,226
979.204,226
979.258,226
979.312,226
979.366,226
979.419,226
979.473,226
979.527,226
979.581,226
979.634,226
979.688,226
979.742,225
979.796,226
979.849,226
979.903,225
979.957,226
980.011,226
980.064,226
980.166,225
980.22,225
980.274,226
980.327,226
980.381,225
980.435,225
980.489,225
980.542,226
980.596,226
980.65,226
980.704,225
980.758,226
980.811,226
980.865,225
980.919,226
980.973,226
981.026,225
981.08,225
981.134,225
981.188,225
981.241,226
981.295,226
981.349,226
981.403,226
981.456,226
981.51,225
981.564,226
981.618,226
981.671,226
981.725,226
981.779,226
981.833,225
981.886,226
981.94,226
981.994,226
982.048,226
982.102,226
982.155,226
982.209,226
982.263,226
982.317,226
982.37,226
982.424,226
982.478,226
982.532,226
982.585,226
982.639,226
982.693,226
982.747,226
982.8,226
982.854,226
982.908,226
982.962,226
983.015,226
983.069,226
983.123,226
983.177,226
983.23,226
983.284,226
983.338,226
983.392,226
983.445,226
983.499,226
983.553,225
983.607,226
983.661,225
983.714,225
983.768,226
983.822,226
983.876,225
983.929,226
983.983,226
984.037,226
984.091,225
984.144,226
984.198,226
984.252,226
984.306,225
984.359,226
984.413,225
984.467,225
984.521,226
984.574,226
984.628,225
984.682,226
984.736,226
984.79,226
984.843,226
984.897,226
984.951,226
985.005,226
985.058,226
985.112,226
985.166,226
985.22,226
985.273,226
985.327,226
985.381,226
985.435,226
985.488,226
985.59,226
985.644,226
985.698,226
985.751,226
985.805,226
985.859,225
985.913,226
985.966,226
986.02,226
986.074,226
986.128,226
986.181,225
986.235,225
986.289,225
986.343,226
986.397,226
986.45,225
986.504,225
986.558,226
986.612,225
986.665,226
986.719,225
986.773,225
986.827,226
986.88,226
986.934,225
986.988,225
987.042,226
987.095,226
987.149,226
987.203,226
987.257,226
987.31,226
987.364,226
987.418,225
987.472,226
987.526,226
987.579,226
987.633,226
987.687,226
987.741,225
987.794,225
987.848,226
987.902,225
987.956,226
988.009,226
988.063,226
988.117,227
988.171,226
988.224,226
988.278,226
988.332,226
988.386,226
988.439,225
988.493,226
988.547,226
988.601,225
988.654,226
988.708,226
988.762,226
988.816,226
988.869,225
988.923,226
988.977,226
989.031,225
989.085,225
989.138,225
989.192,226
989.246,227
989.3,226
989.353,226
989.407,226
989.461,225
989.515,226
989.568,225
989.622,225
989.676,226
989.73,226
989.783,226
989.837,225
989.891,226
989.945,226
989.998,226
990.052,225
990.106,225
990.16,225
990.213,225
990.267,226
990.321,226
990.375,226
990.429,226
990.482,226
990.536,226
990.59,225
990.644,226
990.697,225
990.751,226
990.805,225
990.859,226
990.912,225
991.02,226
991.074,226
991.127,226
991.181,225
991.235,225
991.289,226
991.342,225
991.396,226
991.45,225
991.504,226
991.558,226
991.611,227
991.665,226
991.719,226
991.773,225
991.826,225
991.88,226
991.934,225
991.988,226
992.041,226
992.095,226
992.149,226
992.203,226
992.256,225
992.31,225
992.364,225
992.418,225
992.471,226
992.525,225
992.579,225
992.633,225
992.686,226
992.74,225
992.791,177
992.842,169
992.891,162
992.941,154
992.989,145
993.037,137
993.085,129
993.133,122
993.179,117
993.226,108
993.272,101
993.318,94
993.364,87
993.409,82
993.453,77
993.498,73
993.542,71
993.586,69
993.631,68
993.675,68
993.719,67
993.763,67
993.807,66
993.851,66
993.895,66
993.94,69
993.984,72
994.029,77
994.074,82
994.119,88
994.165,94
994.211,100
994.258,105
994.311,226
994.365,225
994.418,226
994.472,225
994.526,226
994.58,225
994.634,229
994.687,225
994.741,226
994.795,226
994.848,225
994.902,226
994.956,226
995.01,226
995.063,226
995.117,225
995.171,226
995.225,226
995.278,226
995.332,225
995.386,225
995.44,226
995.494,226
995.544,178
995.595,170
995.644,164
995.694,158
995.744,151
995.792,143
995.841,136
995.888,130
995.936,124
995.983,114
996.03,105
996.124,91
996.17,87
996.215,86
996.26,86
996.305,87
996.35,86
996.395,86
996.44,84
996.486,84
996.531,86
996.576,91
996.623,100
996.669,109
996.717,117
996.764,122
996.814,168
996.867,225
996.921,225
996.975,224
997.028,210
997.081,225
997.135,226
997.189,226
997.243,225
997.296,226
997.35,225
997.404,226
997.458,226
997.511,226
997.565,225
997.619,226
997.673,225
997.726,226
997.78,225
997.834,226
997.888,225
997.941,225
997.995,225
998.049,225
998.103,225
998.157,225
998.21,226
998.264,225
998.318,226
998.372,226
998.425,226
998.479,225
998.533,226
998.587,226
998.64,226
998.694,225
998.748,225
998.802,226
998.855,225
998.909,225
998.963,226
999.017,225
999.07,226
999.124,226
999.178,225
999.232,225
999.286,226
999.339,225
999.393,225
999.447,225
999.501,225
999.554,225
999.608,226
999.662,225
999.716,225
999.769,225
999.823,225
999.877,225
999.931,225
999.984,225
1000.038,225
1000.092,225
1000.146,225
1000.199,225
1000.253,226
1000.307,225
1000.361,225
1000.414,225
1000.468,225
1000.522,226
1000.576,225
1000.629,225
1000.683,225
1000.737,225
1000.791,225
1000.845,226
1000.898,226
1000.952,226
1001.006,226
1001.06,226
1001.113,226
1001.167,225
1001.221,226
1001.275,225
1001.328,226
1001.43,226
1001.484,225
1001.538,225
1001.591,225
1001.645,226
1001.699,225
1001.753,225
1001.806,225
1001.86,225
1001.914,226
1001.968,225
1002.021,225
1002.075,225
1002.129,226
1002.183,226
1002.237,225
1002.29,225
1002.344,226
1002.398,226
1002.452,225
1002.505,225
1002.559,225
1002.613,226
1002.667,226
1002.72,226
1002.774,225
1002.828,226
1002.882,225
1002.935,226
1002.989,225
1003.043,226
1003.097,226
1003.15,226
1003.204,225
1003.258,225
1003.312,226
1003.365,225
1003.419,226
1003.473,226
1003.527,226
1003.581,226
1003.634,225
1003.688,226
1003.742,226
1003.796,226
1003.849,226
1003.903,225
1003.957,225
1004.011,226
1004.064,225
1004.118,225
1004.172,226
1004.226,226
1004.279,226
1004.333,226
1004.387,225
1004.441,226
1004.494,226
1004.548,225
1004.602,226
1004.656,226
1004.71,226
1004.763,226
1004.817,225
1004.871,225
1004.925,225
1004.978,225
1005.032,226
1005.086,226
1005.14,225
1005.193,226
1005.247,226
1005.301,226
1005.355,225
1005.408,225
1005.462,225
1005.516,226
1005.57,226
1005.623,226
1005.677,226
1005.731,226
1005.785,225
1005.838,226
1005.892,225
1005.946,226
1006.0,225
1006.053,225
1006.107,225
1006.161,225
1006.215,226
1006.269,226
1006.322,225
1006.376,225
1006.43,225
1006.484,225
1006.537,226
1006.591,225
1006.645,225
1006.699,226
1006.752,225
1006.86,226
1006.914,226
1006.967,226
1007.021,226
1007.075,225
1007.129,225
1007.182,225
1007.236,225
1007.29,226
1007.344,225
1007.398,226
1007.451,226
1007.505,225
1007.559,225
1007.613,225
1007.666,226
1007.72,226
1007.774,226
1007.828,226
1007.881,225
1007.935,226
1007.989,226
1008.043,226
1008.096,225
1008.15,225
1008.204,226
1008.258,226
1008.311,226
1008.365,225
1008.419,226
1008.473,226
1008.526,225
1008.58,226
1008.634,226
1008.688,226
1008.742,226
1008.795,226
1008.849,226
1008.903,226
1008.957,226
1009.01,226
1009.064,225
1009.118,225
1009.172,225
1009.225,225
1009.279,226
1009.333,225
1009.387,226
1009.44,226
1009.494,225
1009.548,225
1009.602,225
1009.655,226
1009.709,226
1009.763,225
1009.817,226
1009.87,226
1009.924,226
1009.978,226
1010.032,226
1010.085,225
1010.139,225
1010.193,226
1010.247,226
1010.301,225
1010.354,225
1010.408,226
1010.462,226
1010.516,226
1010.569,226
1010.623,226
1010.677,226
1010.731,226
1010.784,225
1010.838,225
1010.892,226
1010.946,225
1010.999,225
1011.053,226
1011.107,226
1011.161,226
1011.214,226
1011.268,226
1011.322,225
1011.376,226
1011.429,225
1011.483,226
1011.537,225
1011.591,225
1011.645,225
1011.698,225
1011.752,226
1011.806,225
1011.86,225
1011.913,225
1011.967,225
1012.021,226
1012.075,225
1012.128,225
1012.182,225
1012.284,225
1012.338,225
1012.391,225
1012.445,225
1012.499,225
1012.553,226
1012.606,225
1012.66,225
1012.714,225
1012.768,226
1012.822,226
1012.875,226
1012.929,225
1012.983,226
1013.037,225
1013.09,226
1013.144,226
1013.198,226
1013.252,225
1013.305,225
1013.359,225
1013.413,226
1013.467,226
1013.52,225
1013.574,225
1013.628,225
1013.682,225
1013.735,226
1013.789,226
1013.843,225
1013.897,225
1013.95,226
1014.004,226
1014.058,225
1014.112,226
1014.166,226
1014.219,226
1014.273,225
1014.327,225
1014.381,226
1014.434,226
1014.488,226
1014.542,226
1014.596,226
1014.649,226
1014.703,226
1014.757,225
1014.811,225
1014.864,226
1014.918,225
1014.972,225
1015.026,226
1015.079,226
1015.133,226
1015.187,226
1015.241,225
1015.294,225
1015.348,226
1015.402,225
1015.456,226
1015.51,226
1015.563,226
1015.617,225
1015.671,226
1015.725,226
1015.778,225
1015.832,226
1015.886,225
1015.94,225
1015.993,226
1016.047,226
1016.101,225
1016.155,226
1016.208,226
1016.262,226
1016.316,226
1016.37,226
1016.423,226
1016.477,226
1016.531,226
1016.585,226
1016.638,225
1016.692,226
1016.746,225
1016.8,225
1016.854,226
1016.907,225
1016.961,226
1017.015,226
1017.069,226
1017.122,226
1017.176,226
1017.23,226
1017.284,226
1017.337,226
1017.391,226
1017.445,226
1017.499,226
1017.552,226
1017.606,226
1017.708,226
1017.762,226
1017.815,226
1017.869,226
1017.923,226
1017.977,226
1018.03,226
1018.084,226
1018.138,226
1018.192,226
1018.246,226
1018.299,226
1018.353,226
1018.407,225
1018.461,226
1018.514,226
1018.568,226
1018.622,225
1018.676,226
1018.729,226
1018.783,226
1018.837,226
1018.891,226
1018.944,226
1018.998,226
1019.052,226
1019.106,226
1019.159,226
1019.213,226
1019.267,226
1019.321,226
1019.374,226
1019.428,226
1019.482,226
1019.536,226
1019.59,226
1019.643,226
1019.697,226
1019.751,225
1019.805,226
1019.858,226
1019.912,226
1019.966,226
1020.02,226
1020.073,225
1020.127,226
1020.181,226
1020.235,226
1020.288,225
1020.342,226
1020.396,225
1020.45,225
1020.503,226
1020.557,226
1020.611,226
1020.665,226
1020.718,226
1020.772,225
1020.826,226
1020.88,225
1020.933,226
1020.987,226
1021.041,226
1021.095,226
1021.149,226
1021.202,225
1021.256,225
1021.31,226
1021.364,225
1021.417,226
1021.471,225
1021.525,225
1021.579,226
1021.632,226
1021.686,225
1021.74,226
1021.794,226
1021.847,226
1021.901,226
1021.955,226
1022.009,225
1022.062,225
1022.116,226
1022.17,226
1022.224,225
1022.278,226
1022.331,226
1022.385,226
1022.439,226
1022.493,225
1022.546,226
1022.6,226
1022.654,225
1022.708,225
1022.761,225
1022.815,225
1022.869,226
1022.923,226
1022.976,225
1023.03,225
1023.138,225
1023.191,226
1023.245,226
1023.299,225
1023.353,226
1023.406,226
1023.46,225
1023.514,226
1023.568,225
1023.621,225
1023.675,226
1023.729,226
1023.783,225
1023.837,225
1023.89,226
1023.944,225
1023.998,226
1024.052,226
1024.105,226
1024.159,226
1024.213,226
1024.267,226
1024.32,226
1024.374,226
1024.428,226
1024.482,225
1024.535,226
1024.589,226
1024.643,226
1024.697,226
1024.75,226
1024.804,226
1024.858,226
1024.912,226
1024.966,226
1025.019,225
1025.073,226
1025.127,226
1025.181,226
1025.234,225
1025.288,226
1025.342,226
1025.396,226
1025.449,226
1025.503,225
1025.557,226
1025.611,226
1025.664,226
1025.718,226
1025.772,226
1025.826,226
1025.879,226
1025.933,226
1025.987,226
1026.041,226
1026.094,226
1026.148,226
1026.202,226
1026.256,226
1026.31,226
1026.363,225
1026.417,225
1026.471,225
1026.525,225
1026.578,225
1026.632,226
1026.686,225
1026.74,226
1026.793,226
1026.847,226
1026.901,226
1026.955,226
1027.008,226
1027.062,226
1027.116,226
1027.17,225
1027.223,226
1027.277,226
1027.331,226
1027.385,225
1027.438,226
1027.492,226
1027.546,225
1027.6,226
1027.654,226
1027.707,226
1027.761,226
1027.815,226
1027.869,226
1027.922,226
1027.976,226
1028.03,226
1028.084,226
1028.137,226
1028.191,226
1028.245,226
1028.299,226
1028.352,226
1028.406,226
1028.46,225
1028.562,226
1028.615,226
1028.669,226
1028.723,226
1028.777,226
1028.83,226
1028.884,226
1028.938,225
1028.992,226
1029.045,226
1029.099,226
1029.153,225
1029.207,226
1029.261,226
1029.314,226
1029.368,226
1029.422,225
1029.476,226
1029.529,226
1029.583,225
1029.637,225
1029.691,226
1029.744,226
1029.798,225
1029.852,225
1029.906,225
1029.959,225
1030.013,225
1030.067,225
1030.121,225
1030.174,226
1030.228,226
1030.282,226
1030.336,226
1030.39,226
1030.443,226
1030.497,226
1030.551,226
1030.605,226
1030.658,226
1030.712,226
1030.766,226
1030.82,226
1030.873,226
1030.927,226
1030.981,226
1031.035,226
1031.088,226
1031.142,226
1031.196,226
1031.25,226
1031.303,226
1031.357,226
1031.411,226
1031.465,226
1031.518,226
1031.572,226
1031.626,226
1031.68,226
1031.734,226
1031.787,226
1031.841,226
1031.895,226
1031.949,226
1032.002,226
1032.056,226
1032.11,226
1032.164,226
1032.217,225
1032.271,226
1032.325,225
1032.379,225
1032.432,226
1032.486,226
1032.54,226
1032.594,226
1032.647,226
1032.701,225
1032.755,226
1032.809,226
1032.862,226
1032.916,226
1032.97,226
1033.024,226
1033.078,226
1033.131,226
1033.185,226
1033.239,226
1033.293,226
1033.346,226
1033.4,226
1033.454,226
1033.508,226
1033.561,226
1033.615,226
1033.669,226
1033.723,226
1033.776,226
1033.83,226
1033.884,226
1033.986,226
1034.039,226
1034.093,225
1034.147,226
1034.201,226
1034.254,225
1034.308,226
1034.362,226
1034.416,225
1034.47,226
1034.523,226
1034.577,226
1034.631,225
1034.685,226
1034.738,226
1034.792,226
1034.846,226
1034.9,225
1034.953,225
1035.007,226
1035.061,225
1035.115,226
1035.168,226
1035.222,226
1035.276,226
1035.33,226
1035.383,225
1035.437,225
1035.491,225
1035.545,226
1035.598,225
1035.652,225
1035.706,225
1035.76,225
1035.814,226
1035.867,226
1035.921,225
1035.975,225
1036.029,225
1036.082,226
1036.136,226
1036.19,226
1036.244,226
1036.297,225
1036.351,226
1036.405,225
1036.459,225
1036.512,225
1036.566,225
1036.62,226
1036.674,226
1036.727,226
1036.781,225
1036.835,225
1036.889,225
1036.942,225
1036.996,225
1037.05,225
1037.104,226
1037.157,225
1037.211,226
1037.265,226
1037.319,226
1037.373,226
1037.426,226
1037.48,225
1037.534,226
1037.588,226
1037.641,226
1037.695,226
1037.749,225
1037.803,226
1037.856,225
1037.91,225
1037.964,226
1038.018,226
1038.071,226
1038.125,226
1038.179,226
1038.233,226
1038.286,226
1038.34,226
1038.394,225
1038.448,225
1038.501,225
1038.555,226
1038.609,226
1038.663,226
1038.717,225
1038.77,225
1038.824,225
1038.878,226
1038.932,226
1038.985,226
1039.039,226
1039.093,226
1039.147,226
1039.2,226
1039.254,226
1039.308,226
1039.415,226
1039.469,226
1039.523,226
1039.577,226
1039.63,226
1039.684,225
1039.738,226
1039.792,226
1039.846,225
1039.899,226
1039.953,226
1040.007,226
1040.061,226
1040.114,225
1040.168,225
1040.222,225
1040.276,225
1040.329,225
1040.383,225
1040.437,225
1040.491,225
1040.544,225
1040.598,225
1040.652,225
1040.706,226
1040.759,226
1040.813,226
1040.867,225
1040.921,226
1040.974,226
1041.028,226
1041.082,226
1041.136,225
1041.189,225
1041.243,225
1041.297,225
1041.351,225
1041.405,225
1041.458,225
1041.512,225
1041.566,226
1041.62,226
1041.673,226
1041.727,226
1041.781,226
1041.835,225
1041.888,226
1041.942,225
1041.996,225
1042.05,226
1042.103,225
1042.157,226
1042.211,226
1042.265,226
1042.318,226
1042.372,226
1042.426,226
1042.48,226
1042.534,226
1042.587,226
1042.641,226
1042.695,225
1042.749,226
1042.802,226
1042.856,225
1042.91,226
1042.964,225
1043.017,226
1043.071,226
1043.125,226
1043.179,225
1043.232,225
1043.286,226
1043.34,226
1043.394,226
1043.447,226
1043.501,226
1043.555,226
1043.609,225
1043.662,225
1043.716,225
1043.77,226
1043.824,225
1043.878,226
1043.931,226
1043.985,225
1044.039,225
1044.093,225
1044.146,226
1044.2,225
1044.254,226
1044.308,225
1044.361,225
1044.415,226
1044.469,225
1044.523,226
1044.576,226
1044.63,225
1044.684,226
1044.738,225
1044.839,225
1044.893,225
1044.947,225
1045.001,225
1045.054,225
1045.108,225
1045.162,225
1045.216,225
1045.269,225
1045.323,225
1045.377,225
1045.431,226
1045.485,226
1045.538,226
1045.592,226
1045.646,226
1045.7,226
1045.753,226
1045.807,226
1045.861,226
1045.915,226
1045.968,226
1046.022,226
1046.076,225
1046.13,226
1046.183,226
1046.237,226
1046.291,226
1046.345,226
1046.398,226
1046.452,226
1046.506,225
1046.56,225
1046.613,226
1046.667,226
1046.721,226
1046.775,226
1046.829,225
1046.882,225
1046.936,226
1046.99,225
1047.044,225
1047.097,225
1047.151,225
1047.205,225
1047.259,225
1047.312,225
1047.366,225
1047.42,226
1047.474,225
1047.527,225
1047.581,226
1047.635,226
1047.689,225
1047.742,225
1047.796,225
1047.85,225
1047.904,225
1047.957,225
1048.011,225
1048.065,226
1048.119,225
1048.173,226
1048.226,226
1048.28,225
1048.334,226
1048.388,225
1048.441,225
1048.495,225
1048.549,225
1048.603,225
1048.656,225
1048.71,226
1048.764,226
1048.818,225
1048.871,226
1048.925,226
1048.979,225
1049.033,226
1049.086,226
1049.14,226
1049.194,226
1049.248,226
1049.302,226
1049.355,226
1049.409,226
1049.463,226
1049.517,226
1049.57,226
1049.624,226
1049.678,225
1049.732,226
1049.785,226
1049.839,226
1049.893,226
1049.947,226
1050.0,226
1050.054,226
1050.108,226
1050.162,226
1050.263,226
1050.317,226
1050.371,226
1050.425,226
1050.478,226
1050.532,226
1050.586,226
1050.64,226
1050.694,226
1050.747,226
1050.801,226
1050.855,226
1050.909,226
1050.962,225
1051.016,226
1051.07,226
1051.124,226
1051.177,226
1051.231,226
1051.285,226
1051.339,226
1051.392,226
1051.446,226
1051.5,226
1051.554,226
1051.607,226
1051.661,226
1051.715,226
1051.769,226
1051.822,226
1051.876,226
1051.93,226
1051.984,226
1052.038,226
1052.091,226
1052.145,226
1052.199,226
1052.253,225
1052.306,225
1052.36,226
1052.414,226
1052.468,225
1052.521,225
1052.575,225
1052.629,225
1052.683,225
1052.736,225
1052.79,226
1052.844,225
1052.898,225
1052.951,226
1053.005,225
1053.059,225
1053.113,225
1053.166,225
1053.22,225
1053.274,225
1053.328,225
1053.381,225
1053.435,225
1053.489,225
1053.543,225
1053.597,225
1053.65,225
1053.704,225
1053.758,226
1053.812,226
1053.865,225
1053.919,225
1053.973,225
1054.027,225
1054.08,225
1054.134,226
1054.188,226
1054.242,226
1054.295,226
1054.349,225
1054.403,225
1054.457,226
1054.51,225
1054.564,225
1054.618,226
1054.672,225
1054.725,225
1054.779,226
1054.833,225
1054.887,225
1054.941,226
1054.994,225
1055.048,225
1055.102,226
1055.156,225
1055.209,226
1055.263,225
1055.317,225
1055.371,225
1055.424,225
1055.478,225
1055.532,225
1055.586,226
1055.693,226
1055.747,225
1055.801,225
1055.854,225
1055.908,225
1055.962,225
1056.016,226
1056.07,226
1056.123,226
1056.177,226
1056.231,225
1056.285,226
1056.338,226
1056.392,225
1056.446,226
1056.5,225
1056.553,226
1056.607,225
1056.661,225
1056.715,226
1056.768,226
1056.822,226
1056.876,226
1056.93,226
1056.983,226
1057.037,226
1057.091,225
1057.145,226
1057.198,226
1057.252,226
1057.306,225
1057.36,226
1057.414,226
1057.467,226
1057.521,226
1057.575,226
1057.629,226
1057.682,226
1057.736,226
1057.79,226
1057.844,226
1057.897,226
1057.951,226
1058.005,226
1058.059,226
1058.112,226
1058.166,226
1058.22,226
1058.274,226
1058.327,226
1058.381,226
1058.435,226
1058.489,226
1058.542,226
1058.596,226
1058.65,226
1058.704,226
1058.758,226
1058.811,226
1058.865,226
1058.919,226
1058.973,226
1059.026,226
1059.08,226
1059.134,226
1059.188,226
1059.241,226
1059.295,226
1059.349,226
1059.403,226
1059.456,226
1059.51,226
1059.564,226
1059.618,226
1059.671,226
1059.725,226
1059.779,226
1059.833,226
1059.886,226
1059.94,226
1059.994,226
1060.048,226
1060.102,226
1060.155,226
1060.209,226
1060.263,226
1060.317,226
1060.37,226
1060.424,226
1060.478,226
1060.532,226
1060.585,226
1060.639,226
1060.693,226
1060.747,226
1060.8,226
1060.854,226
1060.908,226
1060.962,226
1061.015,226
1061.117,226
1061.171,226
1061.225,226
1061.278,225
1061.332,226
1061.386,226
1061.44,226
1061.494,226
1061.547,226
1061.601,226
1061.655,226
1061.709,226
1061.762,226
1061.816,226
1061.87,226
1061.924,226
1061.977,226
1062.031,226
1062.085,226
1062.139,226
1062.192,226
1062.246,226
1062.3,226
1062.354,226
1062.407,226
1062.461,226
1062.515,226
1062.569,226
1062.622,226
1062.676,226
1062.73,226
1062.784,226
1062.838,226
1062.891,226
1062.945,226
1062.999,226
1063.053,226
1063.106,226
1063.16,226
1063.214,226
1063.268,226
1063.321,226
1063.375,226
1063.429,226
1063.483,226
1063.536,226
1063.59,226
1063.644,226
1063.698,226
1063.751,226
1063.805,225
1063.859,226
1063.913,226
1063.966,226
1064.02,225
1064.074,225
1064.128,226
1064.182,226
1064.235,226
1064.289,226
1064.343,226
1064.397,226
1064.45,226
1064.504,226
1064.558,226
1064.612,226
1064.665,226
1064.719,226
1064.773,226
1064.827,226
1064.88,226
1064.934,226
1064.988,226
1065.042,226
1065.095,226
1065.149,226
1065.203,226
1065.257,226
1065.31,226
1065.364,226
1065.418,226
1065.472,225
1065.526,226
1065.579,226
1065.633,226
1065.687,226
1065.741,226
1065.794,226
1065.848,226
1065.902,226
1065.956,226
1066.009,226
1066.063,226
1066.117,226
1066.171,226
1066.224,225
1066.278,226
1066.332,225
1066.386,226
1066.439,225
1066.541,226
1066.595,226
1066.649,226
1066.702,226
1066.756,225
1066.81,226
1066.864,226
1066.918,226
1066.971,226
1067.025,225
1067.079,225
1067.133,226
1067.186,226
1067.24,226
1067.294,225
1067.348,226
1067.401,226
1067.455,226
1067.509,226
1067.563,226
1067.616,225
1067.67,226
1067.724,226
1067.778,226
1067.831,226
1067.885,226
1067.939,226
1067.993,226
1068.046,226
1068.1,226
1068.154,226
1068.208,226
1068.262,226
1068.315,226
1068.369,226
1068.423,226
1068.477,226
1068.53,226
1068.584,226
1068.638,226
1068.692,226
1068.745,226
1068.799,226
1068.853,226
1068.907,226
1068.96,226
1069.014,226
1069.068,226
1069.122,226
1069.175,226
1069.229,226
1069.283,226
1069.337,226
1069.39,226
1069.444,226
1069.498,226
1069.552,226
1069.606,226
1069.659,226
1069.713,226
1069.767,226
1069.821,226
1069.874,226
1069.928,226
1069.982,226
1070.036,226
1070.089,226
1070.143,226
1070.197,226
1070.251,226
1070.304,226
1070.358,226
1070.412,226
1070.466,226
1070.519,226
1070.573,226
1070.627,226
1070.681,226
1070.734,226
1070.788,226
1070.842,226
1070.896,226
1070.95,226
1071.003,226
1071.057,226
1071.111,226
1071.165,226
1071.218,226
1071.272,226
1071.326,226
1071.38,226
1071.433,226
1071.487,226
1071.541,226
1071.595,226
1071.648,226
1071.702,226
1071.756,226
1071.81,226
1071.863,226
1071.971,226
1072.025,226
1072.078,226
1072.132,226
1072.186,226
1072.24,226
1072.294,226
1072.347,226
1072.401,226
1072.455,226
1072.509,226
1072.562,226
1072.616,226
1072.67,226
1072.724,226
1072.777,226
1072.831,226
1072.885,226
1072.939,226
1072.992,226
1073.046,226
1073.1,226
1073.154,226
1073.207,226
1073.261,226
1073.315,226
1073.369,226
1073.422,226
1073.476,226
1073.53,226
1073.584,226
1073.638,226
1073.691,225
1073.745,226
1073.799,226
1073.853,226
1073.906,226
1073.96,226
1074.014,226
1074.068,226
1074.121,226
1074.175,226
1074.229,226
1074.283,226
1074.336,226
1074.39,226
1074.444,226
1074.498,226
1074.551,226
1074.605,226
1074.659,226
1074.713,226
1074.766,226
1074.82,226
1074.874,226
1074.928,226
1074.982,226
1075.035,226
1075.089,226
1075.143,226
1075.197,226
1075.25,226
1075.304,226
1075.358,226
1075.412,226
1075.465,226
1075.519,226
1075.573,226
1075.627,226
1075.68,226
1075.734,226
1075.788,226
1075.842,226
1075.895,226
1075.949,226
1076.003,226
1076.057,226
1076.11,226
1076.164,226
1076.218,226
1076.272,226
1076.326,226
1076.379,226
1076.433,226
1076.487,225
1076.541,226
1076.594,225
1076.648,226
1076.702,226
1076.756,225
1076.809,225
1076.863,225
1076.917,226
1076.971,226
1077.024,226
1077.078,225
1077.132,226
1077.186,226
1077.239,226
1077.293,226
1077.395,226
1077.449,226
1077.502,226
1077.556,226
1077.61,226
1077.664,226
1077.718,226
1077.771,226
1077.825,226
1077.879,226
1077.933,226
1077.986,226
1078.04,226
1078.094,226
1078.148,226
1078.201,226
1078.255,226
1078.309,226
1078.363,226
1078.416,226
1078.47,226
1078.524,226
1078.578,226
1078.631,226
1078.685,226
1078.739,226
1078.793,226
1078.846,226
1078.9,226
1078.954,226
1079.008,226
1079.062,226
1079.115,226
1079.169,226
1079.223,226
1079.277,226
1079.33,226
1079.384,226
1079.438,226
1079.492,225
1079.545,226
1079.599,225
1079.653,225
1079.707,226
1079.76,227
1079.814,226
1079.868,226
1079.922,225
1079.975,225
1080.029,225
1080.083,225
1080.137,225
1080.19,226
1080.244,226
1080.298,226
1080.352,225
1080.406,226
1080.459,225
1080.513,225
1080.567,227
1080.621,227
1080.674,225
1080.728,225
1080.782,225
1080.836,226
1080.889,226
1080.943,226
1080.997,225
1081.051,226
1081.104,225
1081.158,226
1081.212,225
1081.266,225
1081.319,226
1081.373,226
1081.427,226
1081.481,226
1081.534,225
1081.588,225
1081.642,226
1081.696,225
1081.75,226
1081.803,226
1081.857,225
1081.911,226
1081.965,225
1082.018,225
1082.072,225
1082.126,225
1082.18,226
1082.233,225
1082.287,226
1082.341,226
1082.395,225
1082.448,226
1082.502,226
1082.556,226
1082.61,225
1082.663,226
1082.717,226
1082.819,226
1082.873,225
1082.926,225
1082.98,226
1083.034,226
1083.088,226
1083.142,226
1083.195,225
1083.249,226
1083.303,225
1083.357,225
1083.41,225
1083.464,225
1083.518,225
1083.572,226
1083.625,226
1083.679,226
1083.733,226
1083.787,225
1083.84,225
1083.894,225
1083.948,225
1084.002,225
1084.055,225
1084.109,226
1084.163,226
1084.217,226
1084.27,225
1084.324,225
1084.378,226
1084.432,226
1084.485,225
1084.539,225
1084.593,225
1084.647,226
1084.701,225
1084.754,226
1084.808,225
1084.862,225
1084.916,225
1084.969,226
1085.023,226
1085.077,226
1085.131,226
1085.184,225
1085.238,226
1085.292,226
1085.346,226
1085.399,225
1085.453,225
1085.507,226
1085.561,225
1085.614,225
1085.668,226
1085.722,226
1085.776,226
1085.829,225
1085.883,225
1085.937,226
1085.991,226
1086.045,226
1086.098,226
1086.152,225
1086.206,226
1086.26,226
1086.313,226
1086.367,225
1086.421,226
1086.475,225
1086.528,226
1086.582,225
1086.636,226
1086.69,225
1086.743,225
1086.797,225
1086.851,226
1086.905,225
1086.958,226
1087.012,226
1087.066,226
1087.12,225
1087.173,225
1087.227,226
1087.281,226
1087.335,225
1087.389,226
1087.442,225
1087.496,225
1087.55,225
1087.604,225
1087.657,225
1087.711,226
1087.765,225
1087.819,225
1087.872,226
1087.926,225
1087.98,225
1088.034,226
1088.087,225
1088.141,225
1088.304,225
1088.358,225
1088.412,225
1088.466,226
1088.519,226
1088.573,225
1088.627,226
1088.681,225
1088.734,226
1088.788,225
1088.842,225
1088.896,225
1088.949,225
1089.003,226
1089.057,225
1089.111,225
1089.165,225
1089.218,226
1089.272,226
1089.326,226
1089.38,225
1089.433,226
1089.487,225
1089.541,226
1089.595,226
1089.648,226
1089.702,226
1089.756,226
1089.81,226
1089.863,226
1089.917,226
1089.971,226
1090.025,225
1090.078,226
1090.132,226
1090.186,226
1090.24,226
1090.293,226
1090.347,226
1090.401,226
1090.455,226
1090.509,225
1090.562,225
1090.616,225
1090.67,225
1090.724,225
1090.777,226
1090.831,226
1090.885,225
1090.939,226
1090.992,226
1091.046,225
1091.1,226
1091.154,226
1091.207,226
1091.261,226
1091.315,226
1091.369,226
1091.422,226
1091.476,225
1091.53,226
1091.584,226
1091.638,226
1091.691,225
1091.745,225
1091.799,226
1091.853,226
1091.906,225
1091.96,226
1092.014,226
1092.068,226
1092.121,225
1092.175,226
1092.229,226
1092.283,225
1092.336,225
1092.39,225
1092.444,225
1092.498,225
1092.551,225
1092.605,226
1092.659,226
1092.713,226
1092.766,225
1092.82,226
1092.874,226
1092.928,226
1092.982,226
1093.035,226
1093.089,226
1093.143,226
1093.197,226
1093.25,225
1093.304,225
1093.358,226
1093.412,225
1093.465,226
1093.519,226
1093.573,225
1093.627,226
1093.728,226
1093.782,226
1093.836,226
1093.89,226
1093.943,226
1093.997,226
1094.051,226
1094.105,226
1094.158,226
1094.212,226
1094.266,225
1094.32,226
1094.373,225
1094.427,226
1094.481,226
1094.535,226
1094.589,226
1094.642,226
1094.696,225
1094.75,226
1094.804,225
1094.857,226
1094.911,226
1094.965,226
1095.019,226
1095.072,226
1095.126,226
1095.18,226
1095.234,226
1095.287,226
1095.341,225
1095.395,225
1095.449,225
1095.502,226
1095.556,226
1095.61,225
1095.664,226
1095.718,226
1095.771,226
1095.825,225
1095.879,226
1095.933,226
1095.986,225
1096.04,226
1096.094,226
1096.148,226
1096.201,226
1096.255,226
1096.309,226
1096.363,225
1096.416,225
1096.47,226
1096.524,226
1096.578,226
1096.631,225
1096.685,225
1096.739,225
1096.793,226
1096.846,225
1096.9,226
1096.954,225
1097.008,225
1097.061,225
1097.115,226
1097.169,225
1097.223,226
1097.277,226
1097.33,226
1097.384,226
1097.438,226
1097.492,226
1097.545,226
1097.599,226
1097.653,226
1097.707,226
1097.76,226
1097.814,226
1097.868,226
1097.922,226
1097.975,226
1098.029,225
1098.083,225
1098.137,225
1098.19,226
1098.244,225
1098.298,225
1098.352,226
1098.405,225
1098.459,226
1098.513,226
1098.567,226
1098.621,226
1098.674,225
1098.728,226
1098.782,226
1098.836,225
1098.889,225
1098.943,226
1098.997,226
1099.051,226
1099.158,226
1099.212,226
1099.266,225
1099.319,226
1099.373,226
1099.427,226
1099.481,226
1099.534,226
1099.588,226
1099.642,226
1099.696,226
1099.749,225
1099.803,226
1099.857,226
1099.911,226
1099.965,226
1100.018,226
1100.072,226
1100.126,226
1100.18,226
1100.233,226
1100.287,226
1100.341,226
1100.395,226
1100.448,226
1100.502,226
1100.556,226
1100.61,226
1100.663,226
1100.717,225
1100.771,226
1100.825,226
1100.878,226
1100.932,225
1100.986,226
1101.04,226
1101.093,225
1101.147,226
1101.201,226
1101.255,225
1101.309,226
1101.362,226
1101.416,226
1101.47,226
1101.524,226
1101.577,226
1101.631,226
1101.685,226
1101.739,226
1101.792,226
1101.846,225
1101.9,226
1101.954,225
1102.007,226
1102.061,226
1102.115,226
1102.169,226
1102.222,226
1102.276,225
1102.33,226
1102.384,225
1102.437,226
1102.491,226
1102.545,225
1102.599,226
1102.653,226
1102.706,226
1102.76,226
1102.814,225
1102.868,226
1102.921,226
1102.975,226
1103.029,226
1103.083,225
1103.136,226
1103.19,226
1103.244,226
1103.298,226
1103.351,226
1103.405,226
1103.459,226
1103.513,226
1103.566,226
1103.62,226
1103.674,226
1103.728,225
1103.782,226
1103.835,226
1103.889,225
1103.943,226
1103.997,226
1104.05,226
1104.104,226
1104.158,226
1104.212,226
1104.265,226
1104.319,226
1104.373,226
1104.427,226
1104.48,225
1104.582,226
1104.636,226
1104.69,226
1104.743,226
1104.797,225
1104.851,225
1104.905,226
1104.958,225
1105.012,225
1105.066,225
1105.12,225
1105.174,226
1105.227,226
1105.281,226
1105.335,226
1105.389,226
1105.442,226
1105.496,225
1105.55,226
1105.604,225
1105.657,225
1105.711,226
1105.765,225
1105.819,225
1105.872,225
1105.926,226
1105.98,226
1106.034,225
1106.087,225
1106.141,225
1106.195,226
1106.249,225
1106.302,225
1106.356,226
1106.41,226
1106.464,226
1106.517,226
1106.571,225
1106.625,225
1106.679,226
1106.733,226
1106.786,226
1106.84,225
1106.894,225
1106.948,226
1107.001,226
1107.055,226
1107.109,226
1107.163,225
1107.216,226
1107.27,226
1107.324,225
1107.378,225
1107.431,225
1107.485,225
1107.539,226
1107.593,225
1107.646,225
1107.7,226
1107.754,226
1107.808,225
1107.861,225
1107.915,225
1107.969,225
1108.023,225
1108.077,226
1108.13,226
1108.184,225
1108.238,226
1108.292,226
1108.345,225
1108.399,226
1108.453,225
1108.507,225
1108.56,226
1108.614,226
1108.668,226
1108.722,226
1108.775,225
1108.829,226
1108.883,226
1108.937,225
1108.99,226
1109.044,225
1109.098,225
1109.152,226
1109.206,226
1109.259,225
1109.313,225
1109.367,225
1109.421,225
1109.474,225
1109.528,225
1109.582,225
1109.636,225
1109.689,226
1109.743,225
1109.797,226
1109.851,225
1109.904,226
1110.006,226
1110.06,226
1110.114,226
1110.167,226
1110.221,226
1110.275,226
1110.329,226
1110.382,225
1110.436,226
1110.49,226
1110.544,226
1110.597,225
1110.651,226
1110.705,226
1110.759,226
1110.813,225
1110.866,225
1110.92,226
1110.974,225
1111.028,226
1111.081,226
1111.135,226
1111.189,226
1111.243,225
1111.296,226
1111.35,226
1111.404,226
1111.458,225
1111.511,225
1111.565,225
1111.619,225
1111.673,225
1111.726,225
1111.78,225
1111.834,225
1111.888,226
1111.942,226
1111.995,226
1112.049,226
1112.103,226
1112.157,226
1112.21,226
1112.264,226
1112.318,226
1112.372,226
1112.425,226
1112.479,226
1112.533,226
1112.587,226
1112.64,225
1112.694,226
1112.748,226
1112.802,226
1112.855,226
1112.909,226
1112.963,226
1113.017,226
1113.07,226
1113.124,226
1113.178,226
1113.232,226
1113.286,226
1113.339,226
1113.393,226
1113.447,226
1113.501,226
1113.554,225
1113.608,226
1113.662,226
1113.716,225
1113.769,226
1113.823,225
1113.877,226
1113.931,226
1113.984,226
1114.038,225
1114.092,226
1114.146,226
1114.199,225
1114.253,226
1114.307,225
1114.361,226
1114.414,225
1114.468,226
1114.522,225
1114.576,226
1114.63,226
1114.683,225
1114.737,225
1114.791,225
1114.845,225
1114.898,226
1114.952,226
1115.006,226
1115.06,225
1115.113,225
1115.167,225
1115.221,225
1115.275,226
1115.328,226
1115.436,225
1115.49,226
1115.543,225
1115.597,226
1115.651,226
1115.705,226
1115.758,226
1115.812,226
1115.866,226
1115.92,226
1115.974,226
1116.027,226
1116.081,226
1116.135,226
1116.189,226
1116.242,226
1116.296,226
1116.35,226
1116.404,226
1116.457,226
1116.511,225
1116.565,225
1116.619,225
1116.672,225
1116.726,226
1116.78,225
1116.834,225
1116.887,226
1116.941,226
1116.995,225
1117.049,226
1117.102,226
1117.156,225
1117.21,226
1117.264,226
1117.318,226
1117.371,226
1117.425,226
1117.479,226
1117.533,226
1117.586,226
1117.64,225
1117.694,225
1117.748,225
1117.801,226
1117.855,226
1117.909,225
1117.963,225
1118.016,225
1118.07,225
1118.124,225
1118.178,226
1118.231,225
1118.285,226
1118.339,225
1118.393,225
1118.446,225
1118.5,225
1118.554,225
1118.608,226
1118.661,225
1118.715,225
1118.769,225
1118.823,225
1118.877,225
1118.93,226
1118.984,225
1119.038,225
1119.092,225
1119.145,225
1119.199,225
1119.253,225
1119.307,225
1119.36,226
1119.414,225
1119.468,225
1119.522,225
1119.575,225
1119.629,225
1119.683,225
1119.737,225
1119.79,225
1119.844,225
1119.898,225
1119.952,225
1120.005,225
1120.059,225
1120.113,225
1120.167,225
1120.221,226
1120.274,225
1120.328,225
1120.382,226
1120.436,225
1120.489,225
1120.543,225
1120.597,225
1120.651,225
1120.704,225
1120.758,225
1120.86,225
1120.914,225
1120.967,225
1121.021,225
1121.075,225
1121.129,225
1121.182,225
1121.236,225
1121.29,225
1121.344,226
1121.397,225
1121.451,225
1121.505,226
1121.559,225
1121.613,225
1121.666,225
1121.72,226
1121.774,225
1121.828,225
1121.881,225
1121.935,225
1121.989,225
1122.043,225
1122.096,225
1122.15,225
1122.204,225
1122.258,226
1122.311,226
1122.365,225
1122.419,226
1122.473,226
1122.526,225
1122.58,225
1122.634,225
1122.688,226
1122.741,225
1122.795,226
1122.849,226
1122.903,225
1122.957,225
1123.01,225
1123.064,225
1123.118,225
1123.172,226
1123.225,225
1123.279,225
1123.333,225
1123.387,225
1123.44,225
1123.494,226
1123.548,225
1123.602,225
1123.655,225
1123.709,225
1123.763,226
1123.817,226
1123.87,226
1123.924,226
1123.978,226
1124.032,226
1124.086,226
1124.139,225
1124.193,226
1124.247,226
1124.301,225
1124.354,225
1124.408,225
1124.462,225
1124.516,226
1124.569,225
1124.623,226
1124.677,226
1124.731,226
1124.784,226
1124.838,225
1124.892,226
1124.946,225
1124.999,225
1125.053,225
1125.107,225
1125.161,225
1125.214,226
1125.268,225
1125.322,225
1125.376,225
1125.43,226
1125.483,225
1125.537,226
1125.591,226
1125.645,226
1125.698,226
1125.752,226
1125.806,225
1125.86,225
1125.913,226
1125.967,225
1126.021,226
1126.075,226
1126.128,226
1126.182,225
1126.284,225
1126.338,226
1126.391,226
1126.445,226
1126.499,226
1126.553,226
1126.606,226
1126.66,225
1126.714,226
1126.768,226
1126.822,226
1126.875,226
1126.929,225
1126.983,225
1127.037,226
1127.09,225
1127.144,226
1127.198,226
1127.252,226
1127.305,226
1127.359,226
1127.413,225
1127.467,226
1127.52,226
1127.574,226
1127.628,226
1127.682,225
1127.735,226
1127.789,225
1127.843,226
1127.897,225
1127.95,225
1128.004,226
1128.058,225
1128.112,225
1128.166,226
1128.219,225
1128.273,226
1128.327,225
1128.381,226
1128.434,225
1128.488,225
1128.542,225
1128.596,226
1128.649,225
1128.703,226
1128.757,226
1128.811,226
1128.864,226
1128.918,226
1128.972,226
1129.026,225
1129.079,226
1129.133,226
1129.187,225
1129.241,226
1129.294,226
1129.348,226
1129.402,225
1129.456,225
1129.51,226
1129.563,225
1129.617,225
1129.671,226
1129.725,226
1129.778,226
1129.832,225
1129.886,225
1129.94,225
1129.993,225
1130.047,226
1130.101,225
1130.155,226
1130.208,225
1130.262,225
1130.316,225
1130.37,225
1130.423,226
1130.477,226
1130.531,225
1130.585,225
1130.638,226
1130.692,225
1130.746,226
1130.8,225
1130.853,225
1130.907,225
1130.961,226
1131.015,226
1131.069,225
1131.122,225
1131.176,226
1131.23,225
1131.284,225
1131.337,225
1131.391,225
1131.445,225
1131.499,225
1131.552,225
1131.606,226
1131.714,226
1131.767,225
1131.821,225
1131.875,225
1131.929,225
1131.982,225
1132.036,225
1132.09,225
1132.144,226
1132.197,225
1132.251,225
1132.305,226
1132.359,225
1132.413,226
1132.466,226
1132.52,225
1132.574,226
1132.628,226
1132.681,226
1132.735,226
1132.789,226
1132.843,225
1132.896,226
1132.95,226
1133.004,226
1133.058,226
1133.111,226
1133.165,226
1133.219,226
1133.273,226
1133.326,226
1133.38,225
1133.434,226
1133.488,226
1133.542,226
1133.595,225
1133.649,225
1133.703,225
1133.757,225
1133.81,225
1133.864,225
1133.918,226
1133.972,226
1134.025,226
1134.079,226
1134.133,225
1134.187,226
1134.24,226
1134.294,225
1134.348,226
1134.402,226
1134.455,225
1134.509,225
1134.563,225
1134.617,225
1134.67,225
1134.724,226
1134.778,226
1134.832,225
1134.885,225
1134.939,225
1134.993,226
1135.047,226
1135.101,226
1135.154,226
1135.208,225
1135.262,226
1135.316,225
1135.369,226
1135.423,226
1135.477,226
1135.531,225
1135.584,226
1135.638,226
1135.692,226
1135.746,226
1135.799,225
1135.853,226
1135.907,225
1135.961,225
1136.014,225
1136.068,225
1136.122,225
1136.176,226
1136.23,226
1136.283,225
1136.337,225
1136.391,226
1136.445,226
1136.498,226
1136.552,226
1136.606,225
1136.66,225
1136.713,225
1136.767,225
1136.821,225
1136.875,225
1136.928,226
1136.982,226
1137.036,226
1137.138,225
1137.191,226
1137.245,225
1137.299,226
1137.353,225
1137.406,225
1137.46,226
1137.514,226
1137.568,226
1137.622,226
1137.675,225
1137.729,225
1137.783,226
1137.837,226
1137.89,226
1137.944,225
1137.998,226
1138.052,225
1138.105,226
1138.159,226
1138.213,226
1138.267,226
1138.32,226
1138.374,225
1138.428,225
1138.479,182
1138.529,172
1138.579,163
1138.628,155
1138.677,147
1138.725,138
1138.773,130
1138.82,120
1138.867,109
1138.913,99
1138.959,91
1139.004,86
1139.049,83
1139.095,84
1139.14,84
1139.185,85
1139.23,85
1139.275,84
1139.32,84
1139.365,87
1139.411,91
1139.457,97
1139.504,104
1139.55,112
1139.598,117
1139.647,163
1139.701,226
1139.755,226
1139.808,225
1139.862,225
1139.916,225
1139.97,226
1140.023,226
1140.077,226
1140.131,225
1140.185,226
1140.238,225
1140.292,225
1140.346,226
1140.4,225
1140.453,225
1140.507,225
1140.561,226
1140.615,225
1140.669,225
1140.722,226
1140.776,225
1140.83,225
1140.884,225
1140.937,225
1140.991,225
1141.045,226
1141.099,225
1141.152,225
1141.206,225
1141.26,225
1141.314,225
1141.367,226
1141.421,225
1141.475,226
1141.529,226
1141.582,225
1141.636,225
1141.69,225
1141.744,226
1141.798,226
1141.851,225
1141.905,225
1141.959,225
1142.013,226
1142.066,225
1142.12,226
1142.174,225
1142.228,225
1142.281,225
1142.383,226
1142.437,225
1142.491,226
1142.544,225
1142.598,225
1142.652,225
1142.706,226
1142.759,225
1142.813,225
1142.867,225
1142.921,226
1142.974,226
1143.028,225
1143.082,226
1143.136,226
1143.19,226
1143.243,226
1143.297,225
1143.351,225
1143.405,225
1143.455,176
1143.506,167
1143.555,159
1143.605,150
1143.653,141
1143.701,131
1143.749,123
1143.796,116
1143.842,107
1143.888,98
1143.933,90
1143.978,84
1144.023,79
1144.068,74
1144.113,71
1144.157,70
1144.201,70
1144.245,70
1144.289,69
1144.333,70
1144.377,69
1144.422,69
1144.466,70
1144.51,74
1144.555,78
1144.6,84
1144.646,91
1144.692,99
1144.739,106
1144.792,225
1144.846,226
1144.899,225
1144.953,226
1145.007,225
1145.061,226
1145.114,225
1145.168,225
1145.222,226
1145.276,226
1145.329,226
1145.383,226
1145.437,226
1145.491,226
1145.544,225
1145.598,225
1145.652,226
1145.706,225
1145.759,225
1145.813,226
1145.867,226
1145.921,226
1145.974,226
1146.028,226
1146.082,226
1146.136,226
1146.189,225
1146.243,225
1146.297,225
1146.351,226
1146.405,226
1146.458,225
1146.512,225
1146.566,226
1146.62,225
1146.673,225
1146.727,225
1146.781,225
1146.835,225
1146.888,225
1146.942,226
1146.996,225
1147.05,225
1147.103,225
1147.157,225
1147.211,225
1147.265,225
1147.318,226
1147.372,226
1147.426,226
1147.48,226
1147.587,226
1147.641,225
1147.695,226
1147.749,226
1147.802,225
1147.856,225
1147.91,226
1147.964,226
1148.017,226
1148.071,226
1148.125,226
1148.179,226
1148.232,225
1148.286,225
1148.34,225
1148.394,226
1148.447,226
1148.501,225
1148.555,226
1148.609,226
1148.662,226
1148.716,225
1148.77,226
1148.824,226
1148.878,226
1148.931,226
1148.985,225
1149.039,225
1149.093,225
1149.146,225
1149.2,225
1149.254,226
1149.308,226
1149.361,226
1149.415,226
1149.469,226
1149.523,226
1149.576,225
1149.63,225
1149.684,226
1149.738,225
1149.791,226
1149.845,225
1149.899,226
1149.953,225
1150.006,225
1150.06,225
1150.114,226
1150.168,226
1150.221,225
1150.275,225
1150.329,226
1150.383,225
1150.437,226
1150.49,226
1150.544,226
1150.598,226
1150.652,226
1150.705,225
1150.759,225
1150.813,225
1150.867,226
1150.92,226
1150.974,226
1151.028,225
1151.082,225
1151.135,225
1151.189,225
1151.243,225
1151.297,225
1151.35,225
1151.404,226
1151.458,226
1151.512,225
1151.566,226
1151.619,225
1151.673,226
1151.727,226
1151.781,225
1151.834,226
1151.888,226
1151.942,226
1151.996,225
1152.049,225
1152.103,225
1152.157,226
1152.211,225
1152.264,225
1152.318,226
1152.372,226
1152.426,226
1152.479,226
1152.533,226
1152.587,225
1152.641,225
1152.694,225
1152.748,226
1152.802,226
1152.856,226
1152.91,226
1153.011,225
1153.065,226
1153.119,226
1153.173,226
1153.226,226
1153.28,225
1153.334,226
1153.388,226
1153.441,226
1153.495,225
1153.549,225
1153.603,225
1153.656,225
1153.71,226
1153.764,225
1153.818,226
1153.871,225
1153.925,225
1153.979,226
1154.033,225
1154.086,226
1154.14,226
1154.194,226
1154.248,225
1154.301,225
1154.355,226
1154.409,226
1154.463,225
1154.517,226
1154.57,226
1154.624,226
1154.678,225
1154.732,226
1154.785,225
1154.839,225
1154.893,226
1154.947,226
1155.0,225
1155.054,226
1155.108,225
1155.162,225
1155.215,225
1155.269,225
1155.323,226
1155.377,226
1155.43,226
1155.484,226
1155.538,226
1155.592,225
1155.645,225
1155.699,225
1155.753,226
1155.807,226
1155.861,225
1155.914,226
1155.968,226
1156.022,226
1156.076,225
1156.129,225
1156.183,225
1156.237,225
1156.291,226
1156.344,226
1156.398,226
1156.452,226
1156.506,225
1156.559,225
1156.613,226
1156.667,226
1156.721,226
1156.774,226
1156.828,226
1156.882,226
1156.936,226
1156.989,225
1157.043,226
1157.097,225
1157.151,226
1157.205,226
1157.258,226
1157.312,226
1157.366,226
1157.42,225
1157.473,225
1157.527,226
1157.581,225
1157.635,226
1157.688,225
1157.742,225
1157.796,225
1157.85,226
1157.903,225
1157.957,225
1158.011,226
1158.065,225
1158.118,225
1158.172,226
1158.226,225
1158.28,226
1158.334,226
1158.435,225
1158.489,226
1158.543,226
1158.597,225
1158.65,226
1158.704,226
1158.758,226
1158.812,226
1158.865,226
1158.919,226
1158.973,226
1159.027,225
1159.08,226
1159.134,226
1159.188,226
1159.242,226
1159.295,226
1159.349,226
1159.403,225
1159.457,225
1159.51,226
1159.564,225
1159.618,225
1159.672,226
1159.726,226
1159.779,226
1159.833,225
1159.887,225
1159.941,225
1159.994,225
1160.048,226
1160.102,226
1160.156,226
1160.209,226
1160.263,226
1160.317,226
1160.371,226
1160.424,225
1160.478,226
1160.532,226
1160.586,226
1160.639,226
1160.693,226
1160.747,225
1160.801,225
1160.854,225
1160.908,226
1160.962,226
1161.016,226
1161.07,226
1161.123,225
1161.177,226
1161.231,226
1161.285,225
1161.338,225
1161.392,226
1161.446,226
1161.5,226
1161.553,226
1161.607,226
1161.661,225
1161.715,225
1161.768,226
1161.822,226
1161.876,226
1161.93,226
1161.983,226
1162.037,226
1162.091,226
1162.145,226
1162.198,225
1162.252,226
1162.306,226
1162.36,226
1162.413,225
1162.467,226
1162.521,226
1162.575,225
1162.629,226
1162.682,226
1162.736,226
1162.79,225
1162.844,226
1162.897,226
1162.951,225
1163.005,226
1163.059,226
1163.112,225
1163.166,225
1163.22,226
1163.274,225
1163.327,226
1163.381,225
1163.435,226
1163.489,225
1163.542,226
1163.596,226
1163.65,225
1163.704,225
1163.758,226
1163.865,225
1163.919,226
1163.973,225
1164.026,225
1164.08,225
1164.134,226
1164.188,225
1164.241,225
1164.295,225
1164.349,226
1164.403,225
1164.456,225
1164.51,225
1164.564,225
1164.618,225
1164.671,225
1164.725,226
1164.779,225
1164.833,225
1164.886,225
1164.94,225
1164.994,225
1165.048,226
1165.101,225
1165.155,225
1165.209,226
1165.263,225
1165.317,225
1165.37,226
1165.424,225
1165.478,226
1165.532,225
1165.585,225
1165.639,226
1165.693,226
1165.747,225
1165.8,225
1165.854,225
1165.908,226
1165.962,226
1166.015,226
1166.069,226
1166.123,226
1166.177,225
1166.23,225
1166.284,225
1166.338,226
1166.392,226
1166.446,226
1166.499,225
1166.553,226
1166.607,226
1166.661,226
1166.714,225
1166.768,225
1166.822,226
1166.876,225
1166.929,225
1166.983,225
1167.037,226
1167.091,225
1167.144,225
1167.198,225
1167.252,225
1167.306,225
1167.359,225
1167.413,225
1167.467,225
1167.521,226
1167.574,226
1167.628,225
1167.682,225
1167.736,226
1167.789,225
1167.843,225
1167.897,225
1167.951,226
1168.005,226
1168.058,225
1168.112,225
1168.166,225
1168.22,225
1168.273,226
1168.327,226
1168.381,226
1168.435,226
1168.488,226
1168.542,225
1168.596,225
1168.65,225
1168.703,226
1168.757,226
1168.811,226
1168.865,225
1168.918,225
1168.972,225
1169.026,225
1169.08,226
1169.133,226
1169.187,226
1169.289,226
1169.343,226
1169.397,226
1169.45,226
1169.504,225
1169.558,226
1169.612,226
1169.665,226
1169.719,225
1169.773,226
1169.827,226
1169.88,225
1169.934,225
1169.988,225
1170.042,225
1170.095,226
1170.149,226
1170.203,226
1170.257,226
1170.31,226
1170.364,226
1170.418,226
1170.472,226
1170.525,225
1170.579,225
1170.633,226
1170.687,226
1170.741,226
1170.794,226
1170.848,225
1170.902,225
1170.956,225
1171.009,226
1171.063,226
1171.117,225
1171.171,226
1171.224,226
1171.278,225
1171.332,225
1171.386,225
1171.439,226
1171.493,226
1171.547,225
1171.601,226
1171.654,226
1171.708,226
1171.762,226
1171.816,226
1171.869,225
1171.923,226
1171.977,226
1172.031,226
1172.085,225
1172.138,226
1172.192,226
1172.246,226
1172.3,226
1172.353,226
1172.407,226
1172.461,226
1172.515,226
1172.568,225
1172.622,225
1172.676,225
1172.73,225
1172.783,226
1172.837,225
1172.891,226
1172.945,226
1172.998,226
1173.052,225
1173.106,226
1173.16,226
1173.214,226
1173.267,225
1173.321,225
1173.375,225
1173.429,225
1173.482,225
1173.536,225
1173.59,225
1173.644,225
1173.697,226
1173.751,226
1173.805,225
1173.859,226
1173.912,226
1173.966,226
1174.02,226
1174.074,226
1174.127,226
1174.181,226
1174.235,225
1174.289,225
1174.342,226
1174.396,226
1174.45,226
1174.504,225
1174.558,226
1174.611,226
1174.713,225
1174.767,226
1174.821,226
1174.874,226
1174.928,226
1174.982,226
1175.036,225
1175.089,226
1175.143,225
1175.197,226
1175.251,226
1175.304,226
1175.358,225
1175.412,225
1175.466,225
1175.519,226
1175.573,225
1175.627,226
1175.681,225
1175.734,225
1175.788,225
1175.842,225
1175.896,225
1175.949,225
1176.003,225
1176.057,225
1176.111,225
1176.165,225
1176.218,225
1176.272,225
1176.326,225
1176.38,225
1176.433,225
1176.487,225
1176.541,226
1176.595,225
1176.648,225
1176.702,226
1176.756,226
1176.81,226
1176.863,226
1176.917,225
1176.971,225
1177.025,226
1177.078,226
1177.132,225
1177.186,225
1177.24,226
1177.293,225
1177.347,225
1177.401,226
1177.455,225
1177.509,225
1177.562,225
1177.616,225
1177.67,225
1177.724,225
1177.777,226
1177.831,226
1177.885,226
1177.939,225
1177.992,225
1178.046,225
1178.1,226
1178.154,226
1178.207,225
1178.261,225
1178.315,226
1178.369,225
1178.422,226
1178.476,226
1178.53,225
1178.584,225
1178.638,226
1178.691,226
1178.745,226
1178.799,226
1178.853,226
1178.906,226
1178.96,226
1179.014,225
1179.068,225
1179.121,225
1179.175,225
1179.229,226
1179.283,225
1179.336,225
1179.39,225
1179.444,225
1179.498,225
1179.551,226
1179.605,226
1179.659,226
1179.713,226
1179.766,226
1179.82,226
1179.874,225
1179.928,226
1179.982,226
1180.035,226
1180.143,226
1180.197,226
1180.25,225
1180.304,226
1180.358,226
1180.412,226
1180.465,225
1180.519,225
1180.573,225
1180.627,225
1180.68,226
1180.734,226
1180.788,226
1180.842,226
1180.895,225
1180.949,225
1181.003,226
1181.057,226
1181.11,226
1181.164,226
1181.218,225
1181.272,225
1181.326,226
1181.379,225
1181.433,226
1181.487,226
1181.541,226
1181.594,226
1181.648,225
1181.702,226
1181.756,226
1181.809,226
1181.863,226
1181.917,226
1181.971,225
1182.024,225
1182.078,225
1182.132,226
1182.186,226
1182.239,226
1182.293,225
1182.347,225
1182.401,225
1182.454,226
1182.508,226
1182.562,226
1182.616,226
1182.669,225
1182.723,225
1182.777,226
1182.831,225
1182.885,226
1182.938,225
1182.992,226
1183.046,226
1183.1,226
1183.153,226
1183.207,226
1183.261,225
1183.315,226
1183.368,225
1183.422,226
1183.476,226
1183.53,226
1183.583,225
1183.637,226
1183.691,226
1183.745,225
1183.798,226
1183.852,226
1183.906,226
1183.96,226
1184.013,225
1184.067,225
1184.121,226
1184.175,225
1184.229,225
1184.282,225
1184.336,226
1184.39,226
1184.444,226
1184.497,226
1184.551,225
1184.605,225
1184.659,226
1184.712,225
1184.766,226
1184.82,226
1184.874,226
1184.927,226
1184.981,226
1185.035,225
1185.089,225
1185.142,226
1185.196,226
1185.25,226
1185.304,226
1185.358,226
1185.411,225
1185.465,225
1185.567,225
1185.621,225
1185.674,225
1185.728,226
1185.782,225
1185.836,226
1185.889,226
1185.943,226
1185.997,226
1186.051,226
1186.104,225
1186.158,225
1186.212,225
1186.266,225
1186.319,226
1186.373,226
1186.427,226
1186.481,226
1186.534,225
1186.588,225
1186.642,225
1186.696,225
1186.749,225
1186.803,226
1186.857,225
1186.911,225
1186.965,226
1187.018,225
1187.072,225
1187.126,225
1187.18,226
1187.233,226
1187.287,225
1187.341,225
1187.395,226
1187.448,225
1187.502,225
1187.556,225
1187.61,225
1187.663,225
1187.717,226
1187.771,225
1187.825,226
1187.878,226
1187.932,225
1187.986,225
1188.04,225
1188.093,225
1188.147,226
1188.201,226
1188.255,226
1188.309,225
1188.362,225
1188.416,226
1188.47,226
1188.524,226
1188.577,226
1188.631,226
1188.685,225
1188.739,225
1188.792,225
1188.846,226
1188.9,226
1188.954,225
1189.007,225
1189.061,226
1189.115,225
1189.169,225
1189.222,226
1189.276,227
1189.33,226
1189.384,225
1189.437,225
1189.491,225
1189.545,225
1189.599,226
1189.653,226
1189.706,226
1189.76,225
1189.814,225
1189.868,225
1189.921,226
1189.975,225
1190.029,226
1190.083,225
1190.136,225
1190.19,226
1190.244,225
1190.298,226
1190.351,225
1190.405,225
1190.459,226
1190.513,226
1190.566,226
1190.62,226
1190.674,226
1190.728,226
1190.782,226
1190.835,225
1190.889,225
1190.991,226
1191.045,226
1191.098,225
1191.152,225
1191.206,226
1191.26,225
1191.313,226
1191.367,226
1191.421,226
1191.475,226
1191.528,226
1191.582,226
1191.636,226
1191.69,226
1191.743,226
1191.797,226
1191.851,226
1191.905,226
1191.958,226
1192.012,226
1192.066,226
1192.12,226
1192.174,226
1192.227,226
1192.281,225
1192.335,225
1192.389,226
1192.442,226
1192.496,226
1192.55,226
1192.604,226
1192.657,226
1192.711,226
1192.765,226
1192.819,226
1192.872,226
1192.926,226
1192.98,226
1193.034,226
1193.087,226
1193.141,226
1193.195,226
1193.249,226
1193.302,226
1193.356,226
1193.41,225
1193.464,226
1193.517,226
1193.571,226
1193.625,225
1193.679,226
1193.733,226
1193.786,225
1193.84,226
1193.894,226
1193.948,226
1194.001,226
1194.055,225
1194.109,226
1194.163,225
1194.216,225
1194.27,225
1194.324,225
1194.378,225
1194.431,225
1194.485,226
1194.539,226
1194.593,226
1194.646,225
1194.7,225
1194.754,225
1194.808,225
1194.862,226
1194.915,225
1194.969,226
1195.023,225
1195.077,225
1195.13,226
1195.184,226
1195.238,226
1195.292,225
1195.345,225
1195.399,225
1195.453,226
1195.507,225
1195.56,225
1195.614,226
1195.668,226
1195.722,225
1195.775,225
1195.829,225
1195.883,225
1195.937,225
1195.99,225
1196.044,225
1196.098,225
1196.152,226
1196.205,225
1196.259,225
1196.313,226
1196.421,225
1196.474,226
1196.528,226
1196.582,225
1196.636,225
1196.689,226
1196.743,226
1196.797,226
1196.851,225
1196.904,225
1196.958,225
1197.012,225
1197.066,225
1197.119,225
1197.173,225
1197.227,225
1197.281,225
1197.334,226
1197.388,226
1197.442,226
1197.496,225
1197.549,225
1197.603,225
1197.657,226
1197.711,226
1197.765,226
1197.818,225
1197.872,225
1197.926,225
1197.98,225
1198.033,226
1198.087,226
1198.141,225
1198.195,225
1198.248,226
1198.302,225
1198.356,226
1198.41,225
1198.463,226
1198.517,226
1198.571,225
1198.625,226
1198.678,225
1198.732,225
1198.786,225
1198.84,226
1198.893,225
1198.947,226
1199.001,226
1199.055,226
1199.109,226
1199.162,226
1199.216,226
1199.27,226
1199.324,226
1199.377,226
1199.431,226
1199.485,226
1199.539,226
1199.592,226
1199.646,226
1199.7,226
1199.754,226
1199.807,226
1199.861,226
1199.915,226
1199.969,225
1200.022,225
1200.076,226
1200.13,225
1200.184,226
1200.237,225
1200.291,226
1200.345,226
1200.399,225
1200.453,225
1200.506,226
1200.56,226
1200.614,226
1200.668,225
1200.721,225
1200.775,226
1200.829,225
1200.883,226
1200.936,226
1200.99,225
1201.044,226
1201.098,226
1201.151,225
1201.205,226
1201.259,226
1201.313,226
1201.366,225
1201.42,225
1201.474,226
1201.528,225
1201.582,226
1201.635,226
1201.689,225
1201.743,226
1201.845,226
1201.898,226
1201.952,226
1202.006,226
1202.06,226
1202.113,226
1202.167,225
1202.221,226
1202.275,226
1202.328,226
1202.382,226
1202.436,225
1202.49,226
1202.543,226
1202.597,226
1202.651,226
1202.705,226
1202.758,226
1202.812,225
1202.866,226
1202.92,225
1202.973,226
1203.027,226
1203.081,226
1203.135,226
1203.189,226
1203.242,226
1203.296,225
1203.35,226
1203.404,225
1203.457,226
1203.511,226
1203.565,226
1203.619,225
1203.672,226
1203.726,226
1203.78,226
1203.834,226
1203.887,226
1203.941,226
1203.995,226
1204.049,226
1204.102,226
1204.156,226
1204.21,226
1204.264,226
1204.318,226
1204.371,226
1204.425,226
1204.479,226
1204.533,226
1204.586,226
1204.64,226
1204.694,226
1204.748,226
1204.801,226
1204.855,226
1204.909,226
1204.963,225
1205.016,225
1205.07,226
1205.124,225
1205.178,226
1205.231,226
1205.285,225
1205.339,226
1205.393,226
1205.446,225
1205.5,226
1205.554,226
1205.608,226
1205.662,226
1205.715,226
1205.769,226
1205.823,226
1205.877,225
1205.93,226
1205.984,226
1206.038,225
1206.092,226
1206.145,226
1206.199,226
1206.253,226
1206.307,226
1206.36,226
1206.414,226
1206.468,226
1206.522,226
1206.575,226
1206.629,226
1206.683,226
1206.737,226
1206.79,226
1206.844,226
1206.898,226
1206.952,226
1207.006,226
1207.059,226
1207.113,226
1207.167,226
1207.269,226
1207.322,226
1207.376,226
1207.43,226
1207.484,226
1207.537,225
1207.591,225
1207.645,226
1207.699,226
1207.752,226
1207.806,225
1207.86,225
1207.914,226
1207.967,226
1208.021,226
1208.075,226
1208.129,226
1208.182,225
1208.236,225
1208.29,225
1208.344,225
1208.397,225
1208.451,225
1208.505,226
1208.559,226
1208.613,226
1208.666,226
1208.72,225
1208.774,225
1208.828,226
1208.881,226
1208.935,225
1208.989,226
1209.043,226
1209.096,225
1209.15,225
1209.204,225
1209.258,225
1209.311,226
1209.365,226
1209.419,226
1209.473,225
1209.526,226
1209.58,225
1209.634,225
1209.688,225
1209.742,226
1209.795,226
1209.849,226
1209.903,226
1209.957,226
1210.01,226
1210.064,226
1210.118,226
1210.172,225
1210.225,226
1210.279,226
1210.333,226
1210.387,225
1210.44,226
1210.494,225
1210.548,226
1210.602,226
1210.655,225
1210.709,226
1210.763,226
1210.817,226
1210.87,225
1210.924,225
1210.978,225
1211.032,225
1211.085,225
1211.139,226
1211.193,225
1211.247,226
1211.301,225
1211.354,225
1211.408,225
1211.462,225
1211.516,225
1211.569,225
1211.623,225
1211.677,225
1211.731,225
1211.784,226
1211.838,226
1211.892,226
1211.946,226
1211.999,225
1212.053,225
1212.107,226
1212.161,226
1212.214,226
1212.268,226
1212.322,226
1212.376,226
1212.43,226
1212.483,226
1212.537,226
1212.591,226
1212.698,226
1212.752,225
1212.806,226
1212.86,225
1212.913,225
1212.967,225
1213.021,225
1213.075,225
1213.128,226
1213.182,226
1213.236,226
1213.29,226
1213.343,226
1213.397,225
1213.451,225
1213.505,225
1213.558,225
1213.612,225
1213.666,225
1213.72,225
1213.774,226
1213.827,226
1213.881,226
1213.935,226
1213.989,225
1214.042,226
1214.096,225
1214.15,226
1214.204,225
1214.257,226
1214.311,226
1214.365,226
1214.419,226
1214.472,226
1214.526,226
1214.58,225
1214.634,225
1214.687,225
1214.741,225
1214.795,225
1214.849,225
1214.902,226
1214.956,225
1215.01,225
1215.064,225
1215.118,226
1215.171,226
1215.225,226
1215.279,226
1215.333,226
1215.386,225
1215.44,225
1215.494,225
1215.548,225
1215.601,226
1215.655,225
1215.709,225
1215.763,225
1215.816,225
1215.87,225
1215.924,225
1215.978,225
1216.031,226
1216.085,225
1216.139,225
1216.193,225
1216.246,225
1216.3,225
1216.354,226
1216.408,226
1216.462,226
1216.515,226
1216.569,226
1216.623,225
1216.677,225
1216.73,225
1216.784,225
1216.838,225
1216.892,225
1216.945,225
1216.999,226
1217.053,225
1217.107,225
1217.16,225
1217.214,226
1217.268,225
1217.322,225
1217.375,225
1217.429,226
1217.483,225
1217.537,225
1217.59,225
1217.644,225
1217.698,226
1217.752,226
1217.805,226
1217.859,226
1217.913,226
1217.967,225
1218.021,225
1218.122,226
1218.176,226
1218.23,226
1218.284,225
1218.337,225
1218.391,226
1218.445,225
1218.499,225
1218.552,226
1218.606,226
1218.66,226
1218.714,226
1218.767,225
1218.821,226
1218.875,225
1218.929,226
1218.982,225
1219.036,226
1219.09,225
1219.144,225
1219.198,226
1219.251,225
1219.305,225
1219.359,226
1219.413,226
1219.466,226
1219.52,226
1219.574,225
1219.628,225
1219.681,226
1219.735,226
1219.789,226
1219.843,226
1219.896,225
1219.95,225
1220.004,226
1220.058,225
1220.111,226
1220.165,225
1220.219,226
1220.273,226
1220.326,225
1220.38,225
1220.434,225
1220.488,225
1220.542,226
1220.595,225
1220.649,226
1220.703,225
1220.757,225
1220.81,225
1220.864,225
1220.918,226
1220.972,225
1221.025,226
1221.079,225
1221.133,225
1221.187,225
1221.24,226
1221.294,226
1221.348,226
1221.402,226
1221.455,226
1221.509,226
1221.563,226
1221.617,226
1221.67,225
1221.724,225
1221.778,225
1221.832,226
1221.885,225
1221.939,226
1221.993,226
1222.047,226
1222.101,225
1222.154,226
1222.208,226
1222.262,225
1222.316,225
1222.369,226
1222.423,225
1222.477,226
1222.531,226
1222.584,226
1222.638,226
1222.692,226
1222.746,225
1222.799,226
1222.853,226
1222.907,226
1222.961,225
1223.014,225
1223.068,225
1223.122,226
1223.176,226
1223.23,226
1223.283,226
1223.337,225
1223.391,226
1223.445,226
1223.546,226
1223.6,226
1223.654,226
1223.708,225
1223.761,225
1223.815,225
1223.869,225
1223.923,226
1223.976,225
1224.03,226
1224.084,225
1224.138,226
1224.191,226
1224.245,226
1224.299,225
1224.353,226
1224.406,225
1224.46,226
1224.514,225
1224.568,225
1224.622,226
1224.675,225
1224.729,226
1224.783,226
1224.837,225
1224.89,225
1224.944,225
1224.998,226
1225.052,225
1225.105,225
1225.159,226
1225.213,226
1225.267,225
1225.32,225
1225.374,225
1225.428,225
1225.482,225
1225.535,226
1225.589,225
1225.643,226
1225.697,225
1225.75,226
1225.804,226
1225.858,225
1225.912,226
1225.966,226
1226.019,226
1226.073,226
1226.127,226
1226.181,226
1226.234,225
1226.288,226
1226.342,226
1226.396,226
1226.449,225
1226.503,226
1226.557,225
1226.611,225
1226.664,226
1226.718,226
1226.772,226
1226.826,225
1226.879,225
1226.933,225
1226.987,225
1227.041,226
1227.094,225
1227.148,225
1227.202,226
1227.256,225
1227.309,225
1227.363,225
1227.417,226
1227.471,226
1227.525,226
1227.578,226
1227.632,226
1227.686,225
1227.74,225
1227.793,225
1227.847,225
1227.901,225
1227.955,226
1228.008,225
1228.062,226
1228.116,225
1228.17,226
1228.223,225
1228.277,225
1228.331,226
1228.385,226
1228.438,226
1228.492,226
1228.546,226
1228.6,226
1228.654,226
1228.707,226
1228.761,226
1228.815,226
1228.869,226
1228.976,226
1229.03,226
1229.084,226
1229.137,226
1229.191,226
1229.245,226
1229.299,225
1229.352,225
1229.406,226
1229.46,225
1229.514,226
1229.567,226
1229.621,226
1229.675,226
1229.729,226
1229.782,226
1229.836,225
1229.89,226
1229.944,225
1229.997,225
1230.051,226
1230.105,226
1230.159,226
1230.213,226
1230.266,225
1230.32,226
1230.374,225
1230.428,225
1230.481,226
1230.535,226
1230.589,226
1230.643,226
1230.696,225
1230.75,226
1230.804,226
1230.858,226
1230.911,226
1230.965,226
1231.019,225
1231.073,225
1231.126,225
1231.18,225
1231.234,226
1231.288,225
1231.341,225
1231.395,226
1231.449,225
1231.503,225
1231.557,226
1231.61,225
1231.664,226
1231.718,226
1231.772,226
1231.825,225
1231.879,226
1231.933,226
1231.987,226
1232.04,226
1232.094,225
1232.148,226
1232.202,225
1232.255,226
1232.309,226
1232.363,226
1232.417,226
1232.47,226
1232.524,225
1232.578,226
1232.632,225
1232.685,225
1232.739,225
1232.793,225
1232.847,225
1232.901,225
1232.954,225
1233.008,226
1233.062,226
1233.116,225
1233.169,225
1233.223,225
1233.277,225
1233.331,226
1233.384,225
1233.438,226
1233.492,226
1233.546,226
1233.599,226
1233.653,225
1233.707,226
1233.761,225
1233.814,226
1233.868,226
1233.922,226
1233.976,225
1234.03,226
1234.083,226
1234.137,225
1234.191,226
1234.245,226
1234.298,226
1234.416,225
1234.47,225
1234.524,226
1234.578,226
1234.631,225
1234.685,226
1234.739,226
1234.793,226
1234.846,226
1234.9,225
1234.954,226
1235.008,226
1235.061,225
1235.115,225
1235.169,225
1235.223,226
1235.277,225
1235.33,226
1235.384,226
1235.438,226
1235.492,225
1235.545,226
1235.599,225
1235.653,225
1235.707,225
1235.76,225
1235.814,226
1235.868,226
1235.922,226
1235.975,225
1236.029,225
1236.083,226
1236.137,226
1236.19,226
1236.244,226
1236.298,226
1236.352,225
1236.405,225
1236.459,225
1236.513,225
1236.567,226
1236.621,226
1236.674,226
1236.728,226
1236.782,226
1236.836,226
1236.889,226
1236.943,226
1236.997,226
1237.051,225
1237.104,225
1237.158,226
1237.212,226
1237.266,226
1237.319,226
1237.373,225
1237.427,225
1237.481,226
1237.534,226
1237.588,225
1237.642,225
1237.696,226
1237.75,226
1237.803,225
1237.857,225
1237.911,226
1237.965,226
1238.018,225
1238.072,226
1238.126,226
1238.18,226
1238.233,226
1238.287,225
1238.341,226
1238.395,226
1238.448,226
1238.502,225
1238.556,226
1238.61,226
1238.663,226
1238.717,225
1238.771,225
1238.825,226
1238.878,225
1238.932,225
1238.986,225
1239.04,225
1239.093,225
1239.147,226
1239.201,226
1239.255,225
1239.309,226
1239.362,226
1239.416,225
1239.47,225
1239.524,225
1239.577,226
1239.631,225
1239.685,225
1239.739,225
1239.84,225
1239.894,226
1239.948,225
1240.002,225
1240.055,225
1240.109,225
1240.163,225
1240.217,225
1240.27,225
1240.324,225
1240.378,225
1240.432,225
1240.485,225
1240.539,225
1240.593,225
1240.647,225
1240.701,225
1240.754,225
1240.808,225
1240.862,225
1240.916,225
1240.969,225
1241.023,225
1241.077,225
1241.131,225
1241.184,225
1241.238,225
1241.292,226
1241.346,226
1241.399,225
1241.453,225
1241.507,226
1241.561,226
1241.615,226
1241.668,226
1241.722,225
1241.776,225
1241.829,225
1241.883,226
1241.937,226
1241.991,226
1242.045,226
1242.098,225
1242.152,225
1242.206,225
1242.26,226
1242.313,225
1242.367,225
1242.421,226
1242.475,225
1242.528,225
1242.582,225
1242.636,226
1242.69,225
1242.743,226
1242.797,226
1242.851,225
1242.905,226
1242.958,225
1243.012,226
1243.066,225
1243.12,226
1243.174,226
1243.227,226
1243.281,226
1243.335,226
1243.389,225
1243.442,225
1243.496,226
1243.55,225
1243.604,226
1243.657,225
1243.711,225
1243.765,225
1243.819,226
1243.872,225
1243.926,226
1243.98,225
1244.034,225
1244.087,225
1244.141,225
1244.195,225
1244.249,225
1244.302,226
1244.356,226
1244.41,225
1244.464,226
1244.517,225
1244.571,225
1244.625,226
1244.679,225
1244.733,226
1244.786,226
1244.84,226
1244.894,225
1244.948,225
1245.001,226
1245.055,225
1245.109,226
1245.163,226
1245.27,226
1245.324,226
1245.378,225
1245.431,226
1245.485,225
1245.539,225
1245.593,225
1245.646,225
1245.7,225
1245.754,225
1245.808,225
1245.862,226
1245.915,225
1245.969,225
1246.023,225
1246.077,226
1246.13,226
1246.184,225
1246.238,225
1246.292,225
1246.345,226
1246.399,225
1246.453,226
1246.507,225
1246.56,225
1246.614,225
1246.668,226
1246.722,226
1246.775,226
1246.829,226
1246.883,226
1246.937,226
1246.99,226
1247.044,226
1247.098,226
1247.152,226
1247.206,226
1247.259,226
1247.313,226
1247.367,226
1247.421,226
1247.474,226
1247.528,226
1247.582,226
1247.636,226
1247.689,226
1247.743,225
1247.797,225
1247.851,226
1247.904,225
1247.958,225
1248.012,225
1248.066,225
1248.119,225
1248.173,225
1248.227,225
1248.281,226
1248.334,226
1248.388,225
1248.442,226
1248.496,225
1248.549,225
1248.603,226
1248.657,225
1248.711,225
1248.765,226
1248.818,226
1248.872,225
1248.926,225
1248.98,225
1249.033,225
1249.087,225
1249.141,226
1249.195,226
1249.248,226
1249.302,226
1249.356,226
1249.41,225
1249.463,226
1249.517,225
1249.571,225
1249.625,226
1249.678,225
1249.732,226
1249.786,225
1249.84,226
1249.893,225
1249.947,225
1250.001,226
1250.055,226
1250.109,226
1250.162,226
1250.216,225
1250.27,226
1250.324,225
1250.377,225
1250.431,226
1250.485,225
1250.539,226
1250.592,226
1250.694,225
1250.748,226
1250.802,225
1250.855,226
1250.909,226
1250.963,226
1251.017,226
1251.07,225
1251.124,225
1251.178,226
1251.232,226
1251.285,225
1251.339,225
1251.393,225
1251.447,226
1251.501,225
1251.554,225
1251.608,226
1251.662,226
1251.716,226
1251.769,225
1251.823,226
1251.877,226
1251.931,226
1251.984,225
1252.038,226
1252.092,225
1252.146,225
1252.199,225
1252.253,226
1252.307,226
1252.361,226
1252.414,226
1252.468,226
1252.522,226
1252.576,226
1252.63,226
1252.683,226
1252.737,226
1252.791,226
1252.845,226
1252.898,226
1252.952,226
1253.006,226
1253.06,226
1253.113,226
1253.167,226
1253.221,226
1253.275,226
1253.328,226
1253.382,226
1253.436,226
1253.49,226
1253.543,226
1253.597,226
1253.651,225
1253.705,226
1253.758,226
1253.812,226
1253.866,226
1253.92,226
1253.974,226
1254.027,226
1254.081,225
1254.135,226
1254.189,226
1254.242,226
1254.296,225
1254.35,225
1254.404,226
1254.457,226
1254.511,226
1254.565,225
1254.619,226
1254.672,225
1254.726,226
1254.78,226
1254.834,226
1254.887,226
1254.941,226
1254.995,226
1255.049,225
1255.102,226
1255.156,225
1255.21,226
1255.264,226
1255.317,225
1255.371,225
1255.425,226
1255.479,226
1255.533,226
1255.586,226
1255.64,225
1255.694,225
1255.748,226
1255.801,226
1255.855,226
1255.909,226
1255.963,226
1256.016,226
1256.118,226
1256.172,226
1256.226,226
1256.279,226
1256.333,226
1256.387,226
1256.441,225
1256.494,225
1256.548,226
1256.602,226
1256.656,226
1256.71,226
1256.763,226
1256.817,226
1256.871,225
1256.925,226
1256.978,226
1257.032,226
1257.086,225
1257.14,226
1257.193,225
1257.247,226
1257.301,226
1257.355,225
1257.408,226
1257.462,226
1257.516,225
1257.57,225
1257.623,225
1257.677,226
1257.731,226
1257.785,226
1257.838,226
1257.892,225
1257.946,226
1258.0,225
1258.054,226
1258.107,226
1258.161,225
1258.215,226
1258.269,226
1258.322,226
1258.376,226
1258.43,226
1258.484,226
1258.537,226
1258.591,226
1258.645,226
1258.699,226
1258.752,226
1258.806,226
1258.86,226
1258.914,226
1258.967,226
1259.021,226
1259.075,226
1259.129,226
1259.182,226
1259.236,226
1259.29,226
1259.344,226
1259.398,226
1259.451,226
1259.505,226
1259.559,226
1259.613,226
1259.666,226
1259.72,226
1259.774,226
1259.828,226
1259.881,226
1259.935,226
1259.989,226
1260.043,226
1260.096,226
1260.15,226
1260.204,226
1260.258,225
1260.311,226
1260.365,226
1260.419,226
1260.473,226
1260.526,226
1260.58,225
1260.634,225
1260.688,225
1260.741,226
1260.795,225
1260.849,226
1260.903,225
1260.957,226
1261.01,226
1261.064,226
1261.118,226
1261.172,226
1261.225,226
1261.279,225
1261.333,226
1261.387,226
1261.44,225
1261.548,226
1261.602,226
1261.655,226
1261.709,226
1261.763,226
1261.817,226
1261.87,226
1261.924,226
1261.978,226
1262.032,226
1262.086,226
1262.139,226
1262.193,226
1262.247,226
1262.301,226
1262.354,226
1262.408,226
1262.462,226
1262.516,226
1262.569,226
1262.623,226
1262.677,226
1262.731,226
1262.784,226
1262.838,226
1262.892,226
1262.946,226
1262.999,225
1263.053,226
1263.107,226
1263.161,226
1263.215,227
1263.268,226
1263.322,226
1263.376,226
1263.429,225
1263.483,225
1263.537,225
1263.591,225
1263.645,226
1263.698,226
1263.752,226
1263.806,226
1263.86,225
1263.913,226
1263.967,225
1264.021,226
1264.075,226
1264.128,226
1264.182,226
1264.236,226
1264.29,226
1264.343,226
1264.397,226
1264.451,226
1264.505,226
1264.558,226
1264.612,226
1264.666,226
1264.72,226
1264.774,226
1264.827,226
1264.881,226
1264.935,226
1264.989,226
1265.042,226
1265.096,226
1265.15,226
1265.204,226
1265.257,226
1265.311,226
1265.365,226
1265.419,226
1265.472,226
1265.526,226
1265.58,226
1265.634,226
1265.687,226
1265.741,226
1265.795,226
1265.849,226
1265.902,226
1265.956,226
1266.01,226
1266.064,225
1266.117,225
1266.171,225
1266.225,225
1266.279,226
1266.333,225
1266.386,226
1266.44,226
1266.494,226
1266.548,226
1266.601,226
1266.655,226
1266.709,226
1266.763,225
1266.816,226
1266.87,226
1266.972,225
1267.026,226
1267.079,226
1267.133,226
1267.187,226
1267.241,226
1267.294,226
1267.348,226
1267.402,226
1267.456,226
1267.509,226
1267.563,226
1267.617,226
1267.671,226
1267.725,226
1267.778,226
1267.832,226
1267.886,226
1267.94,226
1267.993,226
1268.047,226
1268.101,226
1268.155,226
1268.208,226
1268.262,226
1268.316,226
1268.37,226
1268.423,226
1268.477,226
1268.531,226
1268.585,226
1268.638,226
1268.692,226
1268.746,226
1268.8,226
1268.854,226
1268.907,226
1268.961,225
1269.015,226
1269.069,225
1269.122,225
1269.176,225
1269.23,226
1269.284,226
1269.337,225
1269.391,225
1269.445,226
1269.499,225
1269.552,225
1269.606,225
1269.66,226
1269.714,226
1269.767,226
1269.821,226
1269.875,226
1269.929,226
1269.982,226
1270.036,225
1270.09,225
1270.144,225
1270.197,225
1270.251,226
1270.305,226
1270.359,226
1270.413,225
1270.466,225
1270.52,225
1270.574,225
1270.628,226
1270.681,226
1270.735,225
1270.789,226
1270.843,226
1270.896,226
1270.95,225
1271.004,225
1271.058,226
1271.111,226
1271.165,226
1271.219,225
1271.273,225
1271.326,226
1271.38,227
1271.434,225
1271.488,225
1271.541,225
1271.595,226
1271.649,226
1271.703,226
1271.757,225
1271.81,226
1271.864,225
1271.918,225
1271.972,225
1272.025,225
1272.079,225
1272.133,225
1272.187,226
1272.24,226
1272.294,225
1272.396,226
1272.45,226
1272.503,226
1272.557,226
1272.611,226
1272.665,225
1272.718,226
1272.772,226
1272.826,226
1272.88,226
1272.933,225
1272.987,225
1273.041,225
1273.095,226
1273.149,225
1273.202,225
1273.256,226
1273.31,225
1273.364,226
1273.417,225
1273.471,225
1273.525,225
1273.579,225
1273.632,226
1273.686,225
1273.74,226
1273.794,225
1273.847,225
1273.901,226
1273.955,226
1274.009,226
1274.062,226
1274.116,226
1274.17,226
1274.224,226
1274.278,226
1274.331,226
1274.385,226
1274.439,226
1274.493,226
1274.546,226
1274.6,226
1274.654,225
1274.708,226
1274.761,225
1274.815,225
1274.869,225
1274.923,226
1274.976,225
1275.03,225
1275.084,226
1275.138,226
1275.191,226
1275.245,225
1275.299,226
1275.353,226
1275.406,226
1275.46,225
1275.514,225
1275.568,226
1275.621,225
1275.675,226
1275.729,226
1275.783,225
1275.837,225
1275.89,225
1275.944,225
1275.998,225
1276.052,226
1276.105,225
1276.159,226
1276.213,226
1276.267,225
1276.32,225
1276.374,225
1276.428,226
1276.482,225
1276.535,225
1276.589,226
1276.643,226
1276.697,225
1276.75,225
1276.804,225
1276.858,225
1276.912,226
1276.966,226
1277.019,226
1277.073,225
1277.127,226
1277.181,226
1277.234,226
1277.288,226
1277.342,226
1277.396,226
1277.449,226
1277.503,226
1277.557,226
1277.611,226
1277.664,226
1277.718,226
1277.826,226
1277.879,226
1277.933,226
1277.987,226
1278.041,226
1278.094,226
1278.148,226
1278.202,226
1278.256,226
1278.31,226
1278.363,226
1278.417,226
1278.471,225
1278.525,225
1278.578,226
1278.632,226
1278.686,226
1278.74,226
1278.793,226
1278.847,225
1278.901,225
1278.955,226
1279.008,225
1279.062,225
1279.116,225
1279.17,226
1279.223,225
1279.277,225
1279.331,226
1279.385,225
1279.438,225
1279.492,225
1279.546,225
1279.6,226
1279.653,225
1279.707,225
1279.761,226
1279.815,226
1279.869,225
1279.922,225
1279.976,226
1280.03,225
1280.084,225
1280.137,225
1280.191,225
1280.245,225
1280.299,225
1280.352,226
1280.406,225
1280.46,226
1280.514,226
1280.567,226
1280.621,226
1280.675,225
1280.729,225
1280.782,226
1280.836,226
1280.89,226
1280.944,225
1280.998,226
1281.051,225
1281.105,226
1281.159,225
1281.213,225
1281.266,225
1281.32,225
1281.374,225
1281.428,225
1281.481,226
1281.535,226
1281.589,225
1281.643,226
1281.696,225
1281.75,226
1281.804,225
1281.858,226
1281.911,226
1281.965,225
1282.019,225
1282.073,226
1282.127,226
1282.18,226
1282.234,225
1282.288,226
1282.342,226
1282.395,225
1282.449,225
1282.503,226
1282.557,226
1282.61,226
1282.664,225
1282.718,226
1282.772,225
1282.825,226
1282.879,226
1282.933,226
1282.987,226
1283.04,226
1283.094,226
1283.148,226
1283.25,225
1283.303,226
1283.357,226
1283.411,226
1283.465,225
1283.518,225
1283.572,226
1283.626,225
1283.68,225
1283.733,225
1283.787,226
1283.841,225
1283.895,226
1283.949,226
1284.002,226
1284.056,225
1284.11,225
1284.164,225
1284.217,225
1284.271,225
1284.325,225
1284.379,226
1284.432,225
1284.486,226
1284.54,225
1284.594,226
1284.647,226
1284.701,226
1284.755,225
1284.809,226
1284.862,225
1284.916,226
1284.97,226
1285.024,225
1285.078,226
1285.131,225
1285.185,225
1285.239,226
1285.293,226
1285.346,226
1285.4,226
1285.454,226
1285.508,226
1285.561,226
1285.615,225
1285.669,226
1285.723,226
1285.776,226
1285.83,225
1285.884,225
1285.938,226
1285.991,225
1286.045,226
1286.099,225
1286.153,225
1286.206,225
1286.26,225
1286.314,226
1286.368,225
1286.421,225
1286.475,226
1286.529,225
1286.583,226
1286.637,226
1286.69,226
1286.744,225
1286.798,225
1286.852,226
1286.905,225
1286.959,225
1287.013,226
1287.067,225
1287.12,225
1287.174,225
1287.228,225
1287.282,225
1287.335,225
1287.389,225
1287.443,225
1287.497,226
1287.55,226
1287.604,225
1287.658,226
1287.712,225
1287.765,225
1287.819,226
1287.873,226
1287.927,226
1287.981,226
1288.034,225
1288.088,226
1288.142,225
1288.196,225
1288.249,226
1288.303,226
1288.357,226
1288.411,226
1288.464,226
1288.518,225
1288.572,225
1288.674,225
1288.727,225
1288.781,225
1288.835,225
1288.889,225
1288.942,225
1288.996,226
1289.05,225
1289.104,225
1289.157,225
1289.211,226
1289.265,226
1289.319,225
1289.373,226
1289.426,226
1289.48,226
1289.534,226
1289.588,225
1289.641,225
1289.695,225
1289.749,225
1289.803,225
1289.856,226
1289.91,225
1289.964,226
1290.018,226
1290.071,226
1290.125,225
1290.179,226
1290.233,226
1290.286,225
1290.34,226
1290.394,226
1290.448,226
1290.502,226
1290.555,225
1290.609,226
1290.663,226
1290.717,226
1290.77,226
1290.824,226
1290.878,226
1290.932,226
1290.985,226
1291.039,226
1291.093,226
1291.147,226
1291.2,226
1291.254,225
1291.308,226
1291.362,226
1291.415,225
1291.469,226
1291.523,225
1291.577,226
1291.63,226
1291.684,226
1291.738,225
1291.792,226
1291.845,226
1291.899,226
1291.953,226
1292.007,226
1292.061,225
1292.114,226
1292.168,226
1292.222,225
1292.276,225
1292.329,225
1292.383,226
1292.437,225
1292.491,226
1292.544,225
1292.598,225
1292.652,226
1292.706,226
1292.759,225
1292.813,226
1292.867,225
1292.921,225
1292.974,225
1293.028,225
1293.082,225
1293.136,225
1293.189,225
1293.243,226
1293.297,225
1293.351,226
1293.405,225
1293.458,226
1293.512,226
1293.566,225
1293.62,225
1293.673,225
1293.727,225
1293.781,226
1293.835,226
1293.888,225
1293.942,226
1293.996,225
1294.103,226
1294.157,225
1294.211,225
1294.265,225
1294.318,225
1294.372,225
1294.426,225
1294.48,226
1294.534,226
1294.587,226
1294.641,226
1294.695,225
1294.749,225
1294.802,226
1294.856,225
1294.91,225
1294.964,225
1295.017,225
1295.071,226
1295.125,226
1295.179,225
1295.232,226
1295.286,226
1295.34,226
1295.394,225
1295.447,225
1295.501,225
1295.555,225
1295.609,226
1295.662,226
1295.716,225
1295.77,225
1295.824,225
1295.877,225
1295.931,225
1295.985,225
1296.039,225
1296.093,226
1296.146,225
1296.2,226
1296.254,226
1296.308,225
1296.361,226
1296.415,226
1296.469,226
1296.523,225
1296.576,225
1296.63,226
1296.684,226
1296.738,226
1296.791,226
1296.845,225
1296.899,226
1296.953,226
1297.006,226
1297.06,225
1297.114,225
1297.168,225
1297.222,226
1297.275,225
1297.329,225
1297.383,225
1297.437,226
1297.49,226
1297.544,225
1297.598,225
1297.652,226
1297.705,226
1297.759,226
1297.813,226
1297.867,226
1297.92,226
1297.974,226
1298.028,225
1298.082,225
1298.135,225
1298.189,225
1298.243,226
1298.297,225
1298.35,225
1298.404,225
1298.458,226
1298.512,226
1298.565,225
1298.619,226
1298.673,226
1298.727,226
1298.781,225
1298.834,225
1298.888,225
1298.942,225
1298.996,225
1299.049,225
1299.103,226
1299.157,226
1299.211,226
1299.264,226
1299.318,226
1299.372,226
1299.426,226
1299.527,225
1299.581,225
1299.635,226
1299.689,226
1299.742,226
1299.796,226
1299.85,225
1299.904,225
1299.957,225
1300.011,225
1300.065,225
1300.119,225
1300.173,225
1300.226,225
1300.28,226
1300.334,225
1300.388,226
1300.441,226
1300.495,226
1300.549,225
1300.603,226
1300.656,225
1300.71,225
1300.764,225
1300.818,225
1300.871,225
1300.925,226
1300.979,226
1301.033,225
1301.086,225
1301.14,225
1301.194,226
1301.248,226
1301.302,226
1301.355,226
1301.409,226
1301.463,226
1301.517,226
1301.57,226
1301.624,225
1301.678,225
1301.732,226
1301.785,226
1301.839,226
1301.893,226
1301.947,225
1302.0,226
1302.054,226
1302.108,226
1302.162,226
1302.215,226
1302.269,225
1302.323,225
1302.377,226
1302.43,226
1302.484,226
1302.538,226
1302.592,226
1302.646,226
1302.699,225
1302.753,225
1302.807,225
1302.861,226
1302.914,226
1302.968,225
1303.022,226
1303.076,225
1303.129,225
1303.183,225
1303.237,225
1303.291,225
1303.344,225
1303.398,225
1303.452,226
1303.506,225
1303.559,225
1303.613,225
1303.667,225
1303.721,226
1303.774,225
1303.828,226
1303.882,226
1303.936,225
1303.989,226
1304.043,225
1304.097,225
1304.151,226
1304.205,226
1304.258,225
1304.312,226
1304.366,226
1304.42,226
1304.473,226
1304.527,225
1304.581,225
1304.635,225
1304.688,225
1304.742,226
1304.796,225
1304.85,225
1304.957,225
1305.011,225
1305.065,226
1305.118,226
1305.172,225
1305.226,226
1305.28,225
1305.333,225
1305.387,225
1305.441,226
1305.495,226
1305.549,226
1305.602,226
1305.656,226
1305.71,226
1305.764,225
1305.817,226
1305.871,226
1305.925,225
1305.979,226
1306.032,225
1306.086,226
1306.14,225
1306.194,225
1306.247,226
1306.301,226
1306.355,225
1306.409,225
1306.462,225
1306.516,225
1306.57,225
1306.624,226
1306.677,225
1306.731,225
1306.785,225
1306.839,225
1306.893,226
1306.946,225
1307.0,225
1307.054,225
1307.108,226
1307.161,226
1307.215,226
1307.269,226
1307.323,226
1307.376,226
1307.43,225
1307.484,225
1307.538,225
1307.591,226
1307.645,226
1307.699,226
1307.753,225
1307.806,226
1307.86,226
1307.914,225
1307.968,225
1308.022,226
1308.075,225
1308.129,225
1308.183,226
1308.237,226
1308.29,225
1308.344,225
1308.398,226
1308.452,226
1308.505,226
1308.559,225
1308.613,226
1308.667,225
1308.72,225
1308.774,226
1308.828,226
1308.882,226
1308.935,226
1308.989,225
1309.043,225
1309.097,226
1309.15,226
1309.204,225
1309.258,225
1309.312,226
1309.365,225
1309.419,225
1309.473,225
1309.527,225
1309.581,225
1309.634,226
1309.688,226
1309.742,226
1309.796,225
1309.849,226
1309.903,226
1309.957,226
1310.011,225
1310.064,225
1310.118,225
1310.172,225
1310.226,225
1310.279,225
1310.381,225
1310.435,226
1310.489,226
1310.542,226
1310.596,226
1310.65,226
1310.704,227
1310.758,226
1310.811,226
1310.865,225
1310.919,225
1310.973,225
1311.026,225
1311.08,225
1311.134,225
1311.188,225
1311.241,225
1311.295,225
1311.349,225
1311.403,225
1311.456,226
1311.51,226
1311.564,226
1311.618,226
1311.671,226
1311.725,226
1311.779,226
1311.833,226
1311.886,225
1311.94,226
1311.994,226
1312.048,225
1312.101,225
1312.155,226
1312.209,226
1312.263,225
1312.317,226
1312.37,225
1312.424,225
1312.478,225
1312.532,226
1312.585,225
1312.639,225
1312.693,225
1312.747,226
1312.8,226
1312.854,226
1312.908,225
1312.962,225
1313.015,225
1313.069,225
1313.123,225
1313.177,225
1313.23,225
1313.284,225
1313.338,226
1313.392,226
1313.446,226
1313.499,226
1313.553,226
1313.607,226
1313.661,225
1313.714,225
1313.768,225
1313.822,225
1313.876,225
1313.929,226
1313.983,226
1314.037,226
1314.091,226
1314.144,226
1314.198,225
1314.252,225
1314.306,226
1314.359,226
1314.413,226
1314.467,226
1314.521,225
1314.574,225
1314.628,225
1314.682,225
1314.736,225
1314.79,226
1314.843,226
1314.897,226
1314.951,226
1315.005,226
1315.058,225
1315.112,225
1315.166,226
1315.22,226
1315.273,226
1315.327,226
1315.381,225
1315.435,225
1315.488,226
1315.542,226
1315.596,226
1315.65,225
1315.703,225
1315.805,225
1315.859,226
1315.913,225
1315.966,225
1316.02,225
1316.074,225
1316.128,225
1316.181,226
1316.235,225
1316.289,225
1316.343,225
1316.397,225
1316.45,225
1316.504,226
1316.558,226
1316.612,225
1316.665,225
1316.719,226
1316.773,226
1316.827,225
1316.88,225
1316.934,226
1316.988,226
1317.042,225
1317.095,225
1317.149,225
1317.203,226
1317.257,225
1317.31,225
1317.364,225
1317.418,225
1317.472,225
1317.526,226
1317.579,226
1317.633,226
1317.687,226
1317.741,225
1317.794,226
1317.848,225
1317.902,226
1317.956,225
1318.009,225
1318.063,225
1318.117,225
1318.171,226
1318.224,226
1318.278,225
1318.332,226
1318.386,225
1318.439,225
1318.493,225
1318.547,225
1318.601,225
1318.654,225
1318.708,225
1318.762,225
1318.816,225
1318.869,225
1318.923,225
1318.977,226
1319.031,225
1319.085,225
1319.138,225
1319.192,226
1319.246,225
1319.3,226
1319.353,225
1319.407,225
1319.461,225
1319.515,225
1319.568,225
1319.622,225
1319.676,225
1319.73,226
1319.783,226
1319.837,226
1319.891,226
1319.945,226
1319.998,225
1320.052,225
1320.106,225
1320.16,225
1320.214,226
1320.267,226
1320.321,226
1320.375,226
1320.429,226
1320.482,226
1320.536,226
1320.59,225
1320.644,226
1320.697,225
1320.751,226
1320.805,226
1320.859,226
1320.912,226
1320.966,226
1321.02,225
1321.074,226
1321.127,226
1321.235,226
1321.289,225
1321.342,225
1321.396,225
1321.45,225
1321.504,226
1321.558,226
1321.611,226
1321.665,226
1321.719,225
1321.773,226
1321.826,225
1321.88,226
1321.934,225
1321.988,225
1322.041,225
1322.095,225
1322.149,225
1322.203,225
1322.256,226
1322.31,225
1322.364,225
1322.418,225
1322.471,225
1322.525,226
1322.579,226
1322.633,226
1322.686,226
1322.74,226
1322.794,226
1322.848,225
1322.901,225
1322.955,226
1323.009,226
1323.063,226
1323.117,226
1323.17,226
1323.224,226
1323.278,226
1323.332,226
1323.385,226
1323.439,226
1323.493,226
1323.547,226
1323.6,226
1323.654,226
1323.708,225
1323.762,226
1323.815,226
1323.869,225
1323.923,226
1323.977,226
1324.03,226
1324.084,226
1324.138,226
1324.192,226
1324.245,226
1324.299,225
1324.353,225
1324.407,225
1324.461,226
1324.514,225
1324.568,225
1324.622,225
1324.676,225
1324.729,225
1324.783,225
1324.837,225
1324.891,226
1324.944,225
1324.998,225
1325.052,225
1325.106,225
1325.159,225
1325.213,226
1325.267,225
1325.321,225
1325.374,225
1325.428,225
1325.482,225
1325.536,225
1325.589,225
1325.643,225
1325.697,225
1325.751,225
1325.805,225
1325.858,226
1325.912,225
1325.966,225
1326.02,226
1326.073,225
1326.127,225
1326.181,225
1326.235,225
1326.288,225
1326.342,225
1326.396,225
1326.45,226
1326.503,226
1326.557,226
1326.659,226
1326.713,226
1326.766,226
1326.82,226
1326.874,226
1326.928,225
1326.981,226
1327.035,226
1327.089,225
1327.143,225
1327.197,225
1327.25,225
1327.304,225
1327.358,225
1327.412,225
1327.465,225
1327.519,225
1327.573,225
1327.627,225
1327.68,225
1327.734,225
1327.788,225
1327.842,225
1327.895,225
1327.949,225
1328.003,225
1328.057,225
1328.11,225
1328.164,225
1328.218,225
1328.272,225
1328.325,225
1328.379,225
1328.433,225
1328.487,225
1328.541,226
1328.594,225
1328.648,226
1328.702,226
1328.756,225
1328.809,225
1328.863,225
1328.917,225
1328.971,225
1329.024,225
1329.078,225
1329.132,225
1329.186,225
1329.239,225
1329.293,226
1329.347,226
1329.401,226
1329.454,226
1329.508,226
1329.562,226
1329.616,226
1329.67,226
1329.723,225
1329.777,226
1329.831,225
1329.885,225
1329.938,226
1329.992,225
1330.046,225
1330.1,225
1330.153,225
1330.207,226
1330.261,226
1330.315,226
1330.368,225
1330.422,226
1330.476,226
1330.53,225
1330.583,226
1330.637,226
1330.691,225
1330.745,225
1330.798,225
1330.852,225
1330.906,225
1330.96,225
1331.014,226
1331.067,226
1331.121,226
1331.175,225
1331.229,226
1331.282,226
1331.336,225
1331.39,225
1331.444,225
1331.497,225
1331.551,226
1331.605,225
1331.659,225
1331.712,226
1331.766,226
1331.82,226
1331.874,226
1331.927,226
1331.981,226
1332.083,226
1332.137,226
1332.19,226
1332.244,226
1332.298,226
1332.352,226
1332.406,226
1332.459,226
1332.513,226
1332.567,226
1332.621,226
1332.674,226
1332.728,226
1332.782,226
1332.836,226
1332.889,225
1332.943,226
1332.997,226
1333.051,226
1333.104,225
1333.158,226
1333.212,226
1333.266,225
1333.319,226
1333.373,226
1333.427,226
1333.481,226
1333.534,225
1333.588,226
1333.642,226
1333.696,226
1333.75,226
1333.803,225
1333.857,225
1333.911,225
1333.965,226
1334.018,226
1334.072,226
1334.126,225
1334.18,225
1334.233,225
1334.287,226
1334.341,226
1334.395,226
1334.448,226
1334.502,226
1334.556,226
1334.61,226
1334.663,225
1334.717,225
1334.771,225
1334.825,225
1334.878,226
1334.932,226
1334.986,225
1335.04,225
1335.093,225
1335.147,225
1335.201,225
1335.255,226
1335.309,226
1335.362,225
1335.416,225
1335.47,225
1335.524,225
1335.577,226
1335.631,226
1335.685,225
1335.739,225
1335.792,225
1335.846,225
1335.9,226
1335.954,225
1336.007,225
1336.061,226
1336.115,225
1336.169,226
1336.222,226
1336.276,225
1336.33,225
1336.384,226
1336.438,226
1336.491,225
1336.545,225
1336.599,225
1336.653,225
1336.706,225
1336.76,225
1336.814,226
1336.868,225
1336.921,225
1336.975,225
1337.029,225
1337.083,226
1337.136,225
1337.19,225
1337.244,225
1337.298,225
1337.351,225
1337.405,226
1337.513,225
1337.566,225
1337.62,226
1337.674,226
1337.728,226
1337.781,225
1337.835,226
1337.889,226
1337.943,226
1337.997,225
1338.05,225
1338.104,226
1338.158,226
1338.212,225
1338.265,226
1338.316,171
1338.364,132
1338.411,126
1338.459,121
1338.506,116
1338.552,110
1338.599,105
1338.645,100
1338.691,95
1338.737,91
1338.782,89
1338.828,87
1338.872,81
1338.917,74
1338.961,68
1339.005,62
1339.048,56
1339.091,51
1339.134,46
1339.177,44
1339.22,43
1339.264,42
1339.307,41
1339.349,40
1339.391,40
1339.433,41
1339.475,35
1339.518,36
1339.56,40
1339.602,40
1339.644,37
1339.686,30
1339.728,29
1339.771,33
1339.813,32
1339.855,32
1339.898,33
1339.94,35
1339.982,38
1340.025,38
1340.067,40
1340.109,42
1340.153,43
1340.196,46
1340.242,93
1340.296,224
1340.349,225
1340.396,94
1340.449,225
1340.503,225
1340.557,225
1340.611,225
1340.664,225
1340.718,225
1340.772,224
1340.826,225
1340.879,225
1340.933,225
1340.987,225
1341.041,225
1341.094,225
1341.148,225
1341.202,225
1341.256,225
1341.309,225
1341.363,225
1341.417,225
1341.471,225
1341.525,225
1341.578,225
1341.632,225
1341.686,225
1341.74,225
1341.793,225
1341.847,225
1341.901,225
1341.955,225
1342.008,225
1342.062,225
1342.116,225
1342.17,225
1342.223,225
1342.277,225
1342.331,225
1342.385,226
1342.486,225
1342.54,225
1342.594,225
1342.648,225
1342.701,225
1342.755,225
1342.809,225
1342.863,225
1342.917,225
1342.97,225
1343.024,225
1343.078,225
1343.132,226
1343.185,225
1343.239,225
1343.293,225
1343.347,225
1343.4,225
1343.454,225
1343.508,225
1343.562,225
1343.615,225
1343.669,225
1343.723,225
1343.777,226
1343.83,226
1343.884,225
1343.938,226
1343.992,226
1344.046,226
1344.099,226
1344.153,226
1344.207,225
1344.261,226
1344.314,225
1344.368,225
1344.422,225
1344.476,225
1344.529,225
1344.583,225
1344.637,225
1344.691,226
1344.744,225
1344.798,226
1344.852,226
1344.906,225
1344.959,225
1345.013,225
1345.067,225
1345.121,225
1345.174,225
1345.228,225
1345.282,225
1345.336,225
1345.389,225
1345.443,225
1345.497,225
1345.551,225
1345.605,225
1345.658,225
1345.712,225
1345.766,225
1345.82,225
1345.873,225
1345.927,225
1345.981,225
1346.031,162
1346.082,178
1346.13,133
1346.178,126
1346.225,121
1346.272,117
1346.319,112
1346.366,107
1346.411,101
1346.457,96
1346.503,92
1346.549,89
1346.594,87
1346.639,80
1346.683,74
1346.727,68
1346.771,61
1346.815,56
1346.858,51
1346.901,48
1346.944,46
1346.987,44
1347.03,43
1347.073,42
1347.116,42
1347.16,43
1347.203,43
1347.246,43
1347.289,43
1347.332,42
1347.375,40
1347.418,38
1347.46,37
1347.502,34
1347.592,32
1347.634,32
1347.676,32
1347.719,34
1347.761,35
1347.803,37
1347.846,40
1347.888,40
1347.93,42
1347.974,45
1348.017,49
1348.067,154
1348.116,154
1348.169,224
1348.222,225
1348.276,224
1348.33,224
1348.384,224
1348.437,224
1348.491,225
1348.545,225
1348.599,225
1348.653,225
1348.706,225
1348.76,225
1348.814,225
1348.868,225
1348.921,225
1348.975,225
1349.029,225
1349.083,225
1349.136,224
1349.19,225
1349.244,225
1349.298,225
1349.351,225
1349.405,225
1349.459,225
1349.513,225
1349.566,225
1349.62,225
1349.674,225
1349.728,225
1349.781,225
1349.835,225
1349.889,225
1349.943,225
1349.997,225
1350.05,226
1350.104,225
1350.158,225
1350.212,225
1350.265,226
1350.319,225
1350.373,225
1350.427,225
1350.48,225
1350.534,225
1350.588,225
1350.642,226
1350.695,225
1350.749,225
1350.803,225
1350.857,226
1350.91,226
1350.964,225
1351.018,225
1351.072,226
1351.125,225
1351.179,225
1351.233,226
1351.287,225
1351.341,225
1351.394,225
1351.448,225
1351.502,226
1351.556,226
1351.609,226
1351.663,226
1351.717,226
1351.771,225
1351.824,226
1351.878,225
1351.932,226
1351.986,225
1352.039,225
1352.093,226
1352.147,226
1352.201,225
1352.254,226
1352.308,226
1352.362,226
1352.416,225
1352.469,225
1352.523,226
1352.577,226
1352.631,226
1352.685,226
1352.738,226
1352.792,226
1352.894,225
1352.948,225
1353.001,226
1353.055,226
1353.109,226
1353.163,226
1353.216,226
1353.27,226
1353.324,226
1353.378,226
1353.431,226
1353.485,226
1353.539,226
1353.593,225
1353.646,226
1353.7,226
1353.754,226
1353.808,226
1353.861,225
1353.915,226
1353.969,226
1354.023,226
1354.077,225
1354.13,226
1354.184,226
1354.238,225
1354.292,225
1354.345,225
1354.399,226
1354.453,225
1354.507,226
1354.56,226
1354.614,226
1354.668,225
1354.722,226
1354.775,226
1354.829,226
1354.883,226
1354.937,225
1354.99,225
1355.044,225
1355.098,226
1355.152,225
1355.205,225
1355.259,225
1355.313,226
1355.367,226
1355.421,225
1355.474,225
1355.528,226
1355.582,226
1355.636,226
1355.689,225
1355.743,225
1355.797,225
1355.851,226
1355.904,226
1355.958,226
1356.012,226
1356.066,225
1356.119,226
1356.173,226
1356.227,225
1356.281,225
1356.334,225
1356.388,226
1356.442,226
1356.496,226
1356.55,226
1356.603,226
1356.657,226
1356.711,226
1356.765,225
1356.818,225
1356.872,226
1356.926,226
1356.98,226
1357.033,225
1357.087,225
1357.141,226
1357.195,225
1357.248,226
1357.302,225
1357.356,225
1357.41,226
1357.463,225
1357.517,226
1357.571,225
1357.625,225
1357.678,226
1357.732,225
1357.786,225
1357.84,225
1357.894,226
1357.947,226
1358.001,226
1358.055,225
1358.109,226
1358.162,225
1358.216,225
1358.324,225
1358.377,225
1358.431,226
1358.485,225
1358.539,225
1358.592,225
1358.646,226
1358.7,226
1358.754,225
1358.807,225
1358.861,225
1358.915,225
1358.969,226
1359.022,226
1359.076,226
1359.13,226
1359.184,226
1359.237,225
1359.291,226
1359.345,226
1359.399,225
1359.453,226
1359.506,226
1359.56,226
1359.614,226
1359.668,225
1359.721,226
1359.775,226
1359.829,226
1359.883,226
1359.936,226
1359.99,226
1360.044,225
1360.098,225
1360.151,226
1360.205,226
1360.259,226
1360.313,226
1360.366,226
1360.42,226
1360.474,226
1360.528,226
1360.582,226
1360.635,226
1360.689,226
1360.743,225
1360.797,226
1360.85,226
1360.904,226
1360.958,226
1361.012,225
1361.065,225
1361.119,225
1361.173,225
1361.227,226
1361.28,225
1361.334,225
1361.388,225
1361.442,225
1361.495,226
1361.549,226
1361.603,225
1361.657,226
1361.71,226
1361.764,226
1361.818,225
1361.872,225
1361.925,225
1361.979,225
1362.033,225
1362.087,225
1362.141,226
1362.194,226
1362.248,225
1362.302,225
1362.356,225
1362.409,225
1362.463,226
1362.517,225
1362.571,226
1362.624,226
1362.678,225
1362.732,226
1362.786,226
1362.839,226
1362.893,225
1362.947,225
1363.001,225
1363.054,225
1363.108,225
1363.162,225
1363.216,225
1363.27,226
1363.323,225
1363.377,225
1363.431,226
1363.485,226
1363.538,226
1363.592,226
1363.646,226
1363.748,225
1363.801,225
1363.855,226
1363.909,226
1363.963,226
1364.016,226
1364.07,226
1364.124,226
1364.178,226
1364.231,226
1364.285,226
1364.339,226
1364.393,226
1364.446,226
1364.5,225
1364.554,225
1364.608,225
1364.662,226
1364.715,226
1364.769,225
1364.823,226
1364.877,226
1364.93,225
1364.984,226
1365.038,225
1365.092,225
1365.145,226
1365.199,226
1365.253,226
1365.307,226
1365.36,225
1365.414,225
1365.468,225
1365.522,225
1365.575,225
1365.629,226
1365.683,226
1365.737,225
1365.79,225
1365.844,226
1365.898,225
1365.952,226
1366.005,225
1366.059,226
1366.113,225
1366.167,226
1366.221,225
1366.274,225
1366.328,225
1366.382,225
1366.436,225
1366.489,225
1366.543,226
1366.597,225
1366.651,225
1366.704,226
1366.758,226
1366.812,226
1366.866,226
1366.919,226
1366.973,226
1367.027,226
1367.081,225
1367.134,225
1367.188,226
1367.242,225
1367.296,225
1367.349,225
1367.403,226
1367.457,225
1367.511,226
1367.565,225
1367.618,225
1367.672,225
1367.726,225
1367.78,226
1367.833,226
1367.887,225
1367.941,226
1367.995,226
1368.048,225
1368.102,226
1368.156,225
1368.21,225
1368.263,226
1368.317,226
1368.371,226
1368.425,225
1368.478,225
1368.532,225
1368.586,226
1368.64,225
1368.694,226
1368.747,225
1368.801,225
1368.855,226
1368.909,225
1368.962,226
1369.016,225
1369.07,225
1369.177,226
1369.231,225
1369.285,225
1369.339,225
1369.392,225
1369.446,225
1369.5,226
1369.554,226
1369.607,225
1369.661,225
1369.715,225
1369.769,225
1369.822,225
1369.876,225
1369.93,226
1369.984,226
1370.038,226
1370.091,225
1370.145,225
1370.199,225
1370.253,225
1370.306,225
1370.36,226
1370.414,225
1370.468,225
1370.521,225
1370.575,225
1370.629,226
1370.683,226
1370.736,225
1370.79,226
1370.844,225
1370.898,225
1370.951,225
1371.005,225
1371.059,226
1371.113,226
1371.166,226
1371.22,226
1371.274,225
1371.328,225
1371.382,226
1371.435,226
1371.489,225
1371.543,226
1371.597,226
1371.65,226
1371.704,225
1371.758,226
1371.812,226
1371.865,226
1371.919,225
1371.973,226
1372.027,225
1372.08,225
1372.134,226
1372.188,226
1372.242,225
1372.295,226
1372.349,226
1372.403,226
1372.457,226
1372.51,225
1372.564,225
1372.618,225
1372.672,225
1372.726,226
1372.779,226
1372.833,225
1372.887,226
1372.941,226
1372.994,226
1373.048,226
1373.102,226
1373.156,225
1373.209,226
1373.263,226
1373.317,226
1373.371,225
1373.424,225
1373.478,225
1373.532,225
1373.586,225
1373.639,226
1373.693,226
1373.747,225
1373.801,225
1373.854,226
1373.908,226
1373.962,226
1374.016,225
1374.07,226
1374.123,226
1374.177,226
1374.231,226
1374.285,225
1374.338,226
1374.392,225
1374.446,225
1374.5,225
1374.601,226
1374.655,226
1374.709,226
1374.763,225
1374.816,225
1374.87,226
1374.924,226
1374.978,225
1375.031,226
1375.085,225
1375.139,225
1375.193,225
1375.246,225
1375.3,225
1375.354,225
1375.408,225
1375.462,226
1375.515,226
1375.569,226
1375.623,226
1375.677,225
1375.73,225
1375.784,226
1375.838,226
1375.892,226
1375.945,226
1375.999,226
1376.053,226
1376.107,226
1376.16,225
1376.214,225
1376.268,225
1376.322,225
1376.375,225
1376.429,226
1376.483,226
1376.537,226
1376.59,226
1376.644,226
1376.698,226
1376.752,226
1376.806,226
1376.859,225
1376.913,226
1376.967,225
1377.021,226
1377.074,225
1377.128,225
1377.182,225
1377.236,226
1377.289,226
1377.343,226
1377.397,226
1377.451,225
1377.504,226
1377.558,226
1377.612,225
1377.666,226
1377.719,226
1377.773,225
1377.827,225
1377.881,226
1377.934,226
1377.988,226
1378.042,226
1378.096,226
1378.15,226
1378.203,226
1378.257,226
1378.311,226
1378.365,226
1378.418,225
1378.472,225
1378.526,225
1378.58,226
1378.633,226
1378.687,226
1378.741,225
1378.795,226
1378.848,226
1378.902,226
1378.956,225
1379.01,225
1379.063,226
1379.117,226
1379.171,225
1379.225,226
1379.278,226
1379.332,225
1379.386,226
1379.44,226
1379.494,226
1379.547,225
1379.601,225
1379.655,225
1379.709,225
1379.762,225
1379.816,225
1379.87,226
1379.924,226
1380.042,226
1380.095,225
1380.149,225
1380.203,225
1380.257,225
1380.31,225
1380.364,225
1380.418,225
1380.472,225
1380.525,225
1380.579,225
1380.633,225
1380.687,225
1380.741,225
1380.794,225
1380.848,225
1380.902,226
1380.956,226
1381.009,226
1381.063,226
1381.117,226
1381.171,226
1381.224,226
1381.278,226
1381.332,226
1381.386,226
1381.439,225
1381.493,225
1381.547,226
1381.601,226
1381.654,226
1381.708,226
1381.762,226
1381.816,226
1381.87,226
1381.923,225
1381.977,226
1382.031,226
1382.085,226
1382.138,226
1382.192,225
1382.246,226
1382.3,226
1382.353,226
1382.407,225
1382.461,226
1382.515,226
1382.568,225
1382.622,225
1382.676,226
1382.73,226
1382.783,225
1382.837,225
1382.891,225
1382.945,225
1382.998,225
1383.052,226
1383.106,225
1383.16,225
1383.213,226
1383.267,226
1383.321,226
1383.375,225
1383.429,226
1383.482,226
1383.536,226
1383.59,226
1383.644,225
1383.697,226
1383.751,226
1383.805,226
1383.859,226
1383.912,226
1383.966,225
1384.02,226
1384.074,225
1384.127,225
1384.181,226
1384.235,225
1384.289,225
1384.342,226
1384.396,225
1384.45,225
1384.504,225
1384.557,225
1384.611,226
1384.665,226
1384.719,226
1384.773,225
1384.826,226
1384.88,226
1384.934,225
1384.988,225
1385.041,226
1385.095,226
1385.149,226
1385.203,226
1385.256,225
1385.31,225
1385.364,225
1385.471,225
1385.525,225
1385.579,226
1385.633,225
1385.686,225
1385.74,225
1385.794,225
1385.848,225
1385.901,225
1385.955,225
1386.009,225
1386.063,225
1386.117,225
1386.17,225
1386.224,225
1386.278,225
1386.332,226
1386.385,225
1386.439,225
1386.493,225
1386.547,225
1386.6,225
1386.654,226
1386.708,226
1386.762,226
1386.815,225
1386.869,225
1386.923,226
1386.977,226
1387.03,226
1387.084,226
1387.138,225
1387.192,226
1387.246,226
1387.299,226
1387.353,226
1387.407,226
1387.461,226
1387.514,226
1387.568,226
1387.622,225
1387.676,226
1387.729,225
1387.783,225
1387.837,226
1387.891,226
1387.944,226
1387.998,225
1388.052,226
1388.106,226
1388.159,226
1388.213,226
1388.267,225
1388.321,226
1388.374,226
1388.428,226
1388.482,225
1388.536,226
1388.589,225
1388.643,225
1388.697,225
1388.751,225
1388.805,225
1388.858,225
1388.912,225
1388.966,225
1389.02,225
1389.073,225
1389.127,225
1389.181,225
1389.235,225
1389.288,226
1389.342,225
1389.396,226
1389.45,226
1389.503,225
1389.557,225
1389.611,226
1389.665,226
1389.718,226
1389.772,226
1389.826,225
1389.88,225
1389.934,226
1389.987,226
1390.041,226
1390.095,225
1390.149,225
1390.202,226
1390.256,225
1390.31,225
1390.364,226
1390.417,226
1390.471,226
1390.525,225
1390.579,226
1390.632,225
1390.686,225
1390.74,226
1390.794,226
1390.895,225
1390.949,226
1391.003,226
1391.057,226
1391.11,225
1391.164,226
1391.218,226
1391.272,225
1391.325,225
1391.379,225
1391.433,226
1391.487,226
1391.541,226
1391.594,225
1391.648,225
1391.702,226
1391.756,226
1391.809,226
1391.863,226
1391.917,225
1391.971,225
1392.024,226
1392.078,225
1392.132,226
1392.186,225
1392.239,226
1392.293,226
1392.347,225
1392.401,225
1392.454,226
1392.508,226
1392.562,226
1392.616,225
1392.67,226
1392.723,225
1392.777,226
1392.831,225
1392.885,226
1392.938,226
1392.992,226
1393.046,226
1393.1,226
1393.153,226
1393.207,225
1393.261,226
1393.315,226
1393.368,226
1393.422,225
1393.476,225
1393.53,225
1393.583,225
1393.637,225
1393.691,225
1393.745,225
1393.798,225
1393.852,225
1393.906,225
1393.96,225
1394.014,226
1394.067,225
1394.121,226
1394.175,226
1394.229,226
1394.282,226
1394.336,226
1394.39,226
1394.444,225
1394.497,225
1394.551,225
1394.605,225
1394.659,226
1394.712,226
1394.766,226
1394.82,225
1394.874,226
1394.927,225
1394.981,226
1395.035,226
1395.089,226
1395.143,226
1395.196,226
1395.25,225
1395.304,226
1395.358,226
1395.411,226
1395.465,226
1395.519,226
1395.573,226
1395.626,225
1395.68,226
1395.734,226
1395.788,225
1395.841,226
1395.895,226
1395.949,226
1396.003,226
1396.056,226
1396.11,226
1396.164,226
1396.218,226
1396.319,226
1396.373,226
1396.427,226
1396.481,226
1396.534,226
1396.588,226
1396.642,226
1396.696,226
1396.75,226
1396.803,225
1396.857,225
1396.911,226
1396.965,225
1397.018,226
1397.072,226
1397.126,226
1397.18,226
1397.233,226
1397.287,225
1397.341,226
1397.395,225
1397.448,225
1397.502,225
1397.556,226
1397.61,226
1397.663,226
1397.717,225
1397.771,226
1397.825,226
1397.878,225
1397.932,226
1397.986,226
1398.04,226
1398.094,226
1398.147,226
1398.201,226
1398.255,226
1398.309,225
1398.362,226
1398.416,226
1398.47,226
1398.524,225
1398.577,226
1398.631,226
1398.685,226
1398.739,226
1398.792,226
1398.846,225
1398.9,225
1398.954,225
1399.007,226
1399.061,225
1399.115,225
1399.169,226
1399.222,225
1399.276,225
1399.33,226
1399.384,225
1399.438,226
1399.491,226
1399.545,226
1399.599,226
1399.653,226
1399.706,225
1399.76,226
1399.814,225
1399.868,226
1399.921,226
1399.975,225
1400.029,226
1400.083,226
1400.136,225
1400.19,226
1400.244,226
1400.298,226
1400.351,225
1400.405,225
1400.459,226
1400.513,226
1400.566,226
1400.62,226
1400.674,226
1400.728,226
1400.782,226
1400.835,226
1400.889,226
1400.943,226
1400.997,226
1401.05,226
1401.104,226
1401.158,226
1401.212,226
1401.265,226
1401.319,226
1401.373,226
1401.427,226
1401.48,226
1401.534,226
1401.588,226
1401.642,226
1401.749,226
1401.803,226
1401.857,226
1401.91,226
1401.964,226
1402.018,226
1402.072,226
1402.126,226
1402.179,226
1402.233,226
1402.287,226
1402.341,226
1402.394,226
1402.448,226
1402.502,226
1402.556,226
1402.609,226
1402.663,226
1402.717,226
1402.771,226
1402.824,226
1402.878,226
1402.932,226
1402.986,226
1403.039,226
1403.093,226
1403.147,226
1403.201,226
1403.254,226
1403.308,226
1403.362,226
1403.416,226
1403.47,225
1403.523,226
1403.577,226
1403.631,226
1403.685,225
1403.738,226
1403.792,226
1403.846,226
1403.9,226
1403.953,225
1404.007,226
1404.061,225
1404.115,226
1404.168,226
1404.222,226
1404.276,225
1404.33,226
1404.383,226
1404.437,226
1404.491,226
1404.545,226
1404.598,226
1404.652,226
1404.706,226
1404.76,226
1404.814,226
1404.867,226
1404.921,226
1404.975,226
1405.029,226
1405.082,226
1405.136,226
1405.19,226
1405.244,226
1405.297,226
1405.351,226
1405.405,226
1405.459,226
1405.512,226
1405.566,225
1405.62,225
1405.674,226
1405.727,226
1405.781,226
1405.835,226
1405.889,226
1405.942,226
1405.996,226
1406.05,226
1406.104,226
1406.158,226
1406.211,226
1406.265,226
1406.319,225
1406.373,226
1406.426,225
1406.48,226
1406.534,226
1406.588,225
1406.641,226
1406.695,226
1406.749,226
1406.803,225
1406.856,226
1406.91,226
1406.964,226
1407.018,226
1407.071,226
1407.173,225
1407.227,226
1407.281,226
1407.334,226
1407.388,226
1407.442,226
1407.496,226
1407.55,226
1407.603,226
1407.657,226
1407.711,226
1407.765,225
1407.818,225
1407.872,225
1407.926,226
1407.98,226
1408.033,225
1408.087,226
1408.141,225
1408.195,225
1408.248,226
1408.302,226
1408.356,226
1408.41,225
1408.463,225
1408.517,226
1408.571,226
1408.625,225
1408.678,225
1408.732,226
1408.786,225
1408.84,225
1408.893,225
1408.947,226
1409.001,226
1409.055,225
1409.109,225
1409.162,226
1409.216,225
1409.27,226
1409.324,226
1409.377,225
1409.431,225
1409.485,226
1409.539,226
1409.592,225
1409.646,226
1409.7,226
1409.754,226
1409.807,226
1409.861,226
1409.915,225
1409.969,225
1410.022,226
1410.076,226
1410.13,226
1410.184,226
1410.237,225
1410.291,225
1410.345,226
1410.399,226
1410.453,226
1410.506,226
1410.56,226
1410.614,226
1410.668,225
1410.721,226
1410.775,225
1410.829,225
1410.883,225
1410.936,225
1410.99,225
1411.044,226
1411.098,225
1411.151,226
1411.205,225
1411.259,225
1411.313,225
1411.366,226
1411.42,226
1411.474,226
1411.528,226
1411.581,225
1411.635,226
1411.689,225
1411.743,226
1411.797,225
1411.85,226
1411.904,226
1411.958,226
1412.012,226
1412.065,226
1412.119,226
1412.173,226
1412.227,226
1412.28,226
1412.334,225
1412.388,225
1412.442,226
1412.495,225
1412.597,226
1412.651,225
1412.705,225
1412.758,226
1412.812,226
1412.866,225
1412.92,226
1412.974,226
1413.027,226
1413.081,226
1413.135,225
1413.189,226
1413.242,226
1413.296,225
1413.35,226
1413.404,226
1413.457,225
1413.511,225
1413.565,225
1413.619,225
1413.672,225
1413.726,225
1413.78,226
1413.834,226
1413.887,226
1413.941,225
1413.995,225
1414.049,225
1414.102,225
1414.156,226
1414.21,226
1414.264,226
1414.317,225
1414.371,226
1414.425,225
1414.479,226
1414.533,225
1414.586,225
1414.64,225
1414.694,225
1414.748,226
1414.801,226
1414.855,225
1414.909,226
1414.963,225
1415.016,226
1415.07,225
1415.124,225
1415.178,225
1415.231,226
1415.285,225
1415.339,226
1415.393,226
1415.446,225
1415.5,226
1415.554,225
1415.608,226
1415.661,225
1415.715,226
1415.769,226
1415.823,225
1415.877,225
1415.93,225
1415.984,226
1416.038,225
1416.092,225
1416.145,225
1416.199,225
1416.253,225
1416.307,225
1416.36,225
1416.414,225
1416.468,225
1416.522,225
1416.575,225
1416.629,225
1416.683,225
1416.737,225
1416.79,226
1416.844,226
1416.898,225
1416.952,225
1417.005,225
1417.059,226
1417.113,226
1417.167,225
1417.221,226
1417.274,226
1417.328,225
1417.382,225
1417.436,226
1417.489,226
1417.543,226
1417.597,225
1417.651,225
1417.704,226
1417.758,225
1417.812,225
1417.866,225
1417.919,225
1418.027,226
1418.081,226
1418.134,225
1418.188,226
1418.242,225
1418.296,225
1418.35,226
1418.403,225
1418.457,226
1418.511,225
1418.565,226
1418.618,226
1418.672,226
1418.726,226
1418.78,226
1418.833,226
1418.887,226
1418.941,225
1418.995,225
1419.048,225
1419.102,226
1419.156,226
1419.21,226
1419.263,226
1419.317,225
1419.371,226
1419.425,226
1419.478,226
1419.532,226
1419.586,226
1419.64,226
1419.694,226
1419.747,226
1419.801,226
1419.855,226
1419.909,226
1419.962,226
1420.016,225
1420.07,225
1420.124,226
1420.177,226
1420.231,226
1420.285,226
1420.339,226
1420.392,226
1420.446,226
1420.5,226
1420.554,226
1420.607,226
1420.661,226
1420.715,226
1420.769,226
1420.822,226
1420.876,226
1420.93,226
1420.984,226
1421.038,226
1421.091,226
1421.145,226
1421.199,226
1421.253,226
1421.306,226
1421.36,226
1421.414,226
1421.468,226
1421.521,226
1421.575,226
1421.629,226
1421.683,226
1421.736,226
1421.79,226
1421.844,225
1421.898,225
1421.951,225
1422.005,226
1422.059,225
1422.113,226
1422.166,225
1422.22,225
1422.274,226
1422.328,226
1422.382,226
1422.435,226
1422.489,226
1422.543,226
1422.597,226
1422.65,226
1422.704,226
1422.758,226
1422.812,226
1422.865,226
1422.919,226
1422.973,226
1423.027,226
1423.08,225
1423.134,226
1423.188,226
1423.242,226
1423.295,226
1423.349,226
1423.451,226
1423.505,226
1423.558,225
1423.612,226
1423.666,226
1423.72,226
1423.774,226
1423.827,226
1423.881,226
1423.935,226
1423.989,226
1424.042,225
1424.096,226
1424.15,226
1424.204,226
1424.257,226
1424.311,226
1424.365,226
1424.419,226
1424.472,226
1424.526,226
1424.58,226
1424.634,226
1424.687,226
1424.741,226
1424.795,226
1424.849,226
1424.902,226
1424.956,226
1425.01,226
1425.064,226
1425.117,225
1425.171,226
1425.225,225
1425.279,226
1425.333,225
1425.386,225
1425.44,225
1425.494,226
1425.548,226
1425.601,225
1425.655,227
1425.709,226
1425.763,225
1425.816,226
1425.87,225
1425.924,226
1425.978,225
1426.031,225
1426.085,225
1426.139,225
1426.193,226
1426.246,225
1426.3,226
1426.354,225
1426.408,226
1426.461,225
1426.515,226
1426.569,226
1426.623,226
1426.677,226
1426.73,225
1426.784,226
1426.838,226
1426.892,226
1426.945,226
1426.999,226
1427.053,226
1427.107,226
1427.16,226
1427.214,226
1427.268,226
1427.322,225
1427.375,226
1427.429,226
1427.483,225
1427.537,225
1427.59,225
1427.644,226
1427.698,226
1427.752,225
1427.805,225
1427.859,226
1427.913,226
1427.967,226
1428.021,226
1428.074,225
1428.128,226
1428.182,226
1428.236,226
1428.289,226
1428.343,226
1428.397,225
1428.451,226
1428.504,226
1428.558,226
1428.612,225
1428.666,225
1428.719,226
1428.773,226
1428.875,226
1428.929,225
1428.982,225
1429.036,225
1429.09,226
1429.144,226
1429.198,226
1429.251,226
1429.305,226
1429.359,226
1429.413,226
1429.466,225
1429.52,226
1429.574,226
1429.628,226
1429.681,226
1429.735,226
1429.789,226
1429.843,226
1429.896,226
1429.95,226
1430.004,226
1430.058,225
1430.111,225
1430.165,225
1430.219,226
1430.273,226
1430.326,225
1430.38,225
1430.434,225
1430.488,225
1430.542,226
1430.595,226
1430.649,225
1430.703,225
1430.757,226
1430.81,225
1430.864,226
1430.918,225
1430.972,226
1431.025,225
1431.079,226
1431.133,226
1431.187,226
1431.24,225
1431.294,225
1431.348,226
1431.402,226
1431.455,226
1431.509,225
1431.563,225
1431.617,226
1431.67,225
1431.724,225
1431.778,226
1431.832,226
1431.886,226
1431.939,225
1431.993,226
1432.047,226
1432.101,226
1432.154,225
1432.208,226
1432.262,225
1432.316,225
1432.369,226
1432.423,226
1432.477,225
1432.531,226
1432.584,225
1432.638,226
1432.692,226
1432.746,226
1432.799,226
1432.853,226
1432.907,226
1432.961,226
1433.014,226
1433.068,226
1433.122,226
1433.176,225
1433.229,226
1433.283,226
1433.337,226
1433.391,226
1433.445,226
1433.498,225
1433.552,226
1433.606,226
1433.66,225
1433.713,226
1433.767,226
1433.821,225
1433.875,225
1433.928,226
1433.982,225
1434.036,226
1434.09,225
1434.143,225
1434.197,225
1434.305,225
1434.358,226
1434.412,226
1434.466,226
1434.52,225
1434.574,226
1434.627,226
1434.681,226
1434.735,226
1434.789,225
1434.842,225
1434.896,225
1434.95,226
1435.004,226
1435.057,226
1435.111,226
1435.165,226
1435.219,225
1435.272,226
1435.326,226
1435.38,226
1435.434,226
1435.487,225
1435.541,225
1435.595,226
1435.649,226
1435.702,226
1435.756,226
1435.81,226
1435.864,226
1435.918,226
1435.971,226
1436.025,226
1436.079,226
1436.133,226
1436.186,226
1436.24,226
1436.294,226
1436.348,226
1436.401,226
1436.455,226
1436.509,226
1436.563,226
1436.616,226
1436.67,226
1436.724,226
1436.778,226
1436.831,226
1436.885,226
1436.939,226
1436.993,226
1437.046,226
1437.1,226
1437.154,226
1437.208,226
1437.262,226
1437.315,226
1437.369,225
1437.423,225
1437.477,225
1437.53,225
1437.584,226
1437.638,226
1437.692,225
1437.745,226
1437.799,226
1437.853,226
1437.907,226
1437.96,226
1438.014,226
1438.068,226
1438.122,226
1438.175,226
1438.229,226
1438.283,226
1438.337,226
1438.39,225
1438.444,226
1438.498,226
1438.552,225
1438.606,226
1438.659,226
1438.713,226
1438.767,226
1438.821,226
1438.874,226
1438.928,226
1438.982,226
1439.036,226
1439.089,226
1439.143,226
1439.197,226
1439.251,226
1439.304,226
1439.358,226
1439.412,226
1439.466,226
1439.519,226
1439.573,226
1439.627,226
1439.729,226
1439.782,226
1439.836,226
1439.89,226
1439.944,226
1439.997,225
1440.051,226
1440.105,225
1440.159,225
1440.213,226
1440.266,226
1440.32,225
1440.374,226
1440.428,226
1440.481,226
1440.535,226
1440.589,226
1440.643,226
1440.696,225
1440.75,225
1440.804,226
1440.858,225
1440.911,226
1440.965,225
1441.019,225
1441.073,226
1441.126,226
1441.18,226
1441.234,226
1441.288,226
1441.342,226
1441.395,226
1441.449,225
1441.503,226
1441.557,226
1441.61,226
1441.664,226
1441.718,226
1441.772,225
1441.825,226
1441.879,226
1441.933,225
1441.987,225
1442.04,225
1442.094,225
1442.148,226
1442.202,226
1442.255,226
1442.309,226
1442.363,226
1442.417,226
1442.47,225
1442.524,226
1442.578,226
1442.632,226
1442.686,226
1442.739,226
1442.793,226
1442.847,226
1442.901,226
1442.954,226
1443.008,226
1443.062,225
1443.116,226
1443.169,226
1443.223,225
1443.277,225
1443.331,226
1443.384,225
1443.438,225
1443.492,226
1443.546,226
1443.599,225
1443.653,225
1443.707,226
1443.761,226
1443.814,225
1443.868,226
1443.922,225
1443.976,226
1444.03,226
1444.083,225
1444.137,226
1444.191,225
1444.245,226
1444.298,226
1444.352,226
1444.406,226
1444.46,226
1444.513,225
1444.567,226
1444.621,226
1444.675,225
1444.728,226
1444.782,226
1444.836,225
1444.89,226
1444.943,225
1444.997,226
1445.051,226
1445.153,225
1445.206,226
1445.26,226
1445.314,225
1445.368,226
1445.421,226
1445.475,226
1445.529,226
1445.583,226
1445.637,225
1445.69,225
1445.744,226
1445.798,225
1445.852,226
1445.905,225
1445.959,225
1446.013,225
1446.067,226
1446.12,225
1446.174,226
1446.228,226
1446.282,226
1446.335,226
1446.389,226
1446.443,226
1446.497,225
1446.55,226
1446.604,226
1446.658,226
1446.712,225
1446.765,225
1446.819,226
1446.873,225
1446.927,225
1446.981,225
1447.034,225
1447.088,225
1447.142,226
1447.196,226
1447.249,225
1447.303,226
1447.357,225
1447.411,226
1447.464,225
1447.518,225
1447.572,225
1447.626,226
1447.679,226
1447.733,226
1447.787,226
1447.841,225
1447.894,225
1447.948,225
1448.002,225
1448.056,225
1448.11,226
1448.163,225
1448.217,226
1448.271,226
1448.322,181
1448.372,174
1448.423,168
1448.473,163
1448.522,157
1448.572,151
1448.62,144
1448.669,138
1448.717,132
1448.764,127
1448.812,123
1448.859,120
1448.906,118
1448.952,112
1448.999,106
1449.045,102
1449.091,97
1449.137,94
1449.183,90
1449.228,87
1449.273,85
1449.318,84
1449.363,83
1449.408,83
1449.453,82
1449.498,82
1449.543,81
1449.588,81
1449.633,80
1449.678,80
1449.723,80
1449.769,82
1449.814,85
1449.859,89
1449.905,94
1449.951,99
1449.997,105
1450.044,110
1450.091,115
1450.138,119
1450.186,122
1450.294,226
1450.344,168
1450.397,225
1450.451,225
1450.505,225
1450.558,225
1450.612,225
1450.666,225
1450.72,225
1450.773,225
1450.827,225
1450.881,225
1450.935,226
1450.989,226
1451.042,225
1451.096,225
1451.15,225
1451.204,225
1451.257,225
1451.311,226
1451.365,225
1451.419,225
1451.472,225
1451.526,225
1451.58,226
1451.634,225
1451.687,225
1451.741,225
1451.795,225
1451.849,225
1451.902,225
1451.956,225
1452.01,226
1452.064,226
1452.117,225
1452.171,225
1452.225,225
1452.279,225
1452.331,194
1452.382,187
1452.433,182
1452.483,174
1452.534,167
1452.583,159
1452.633,151
1452.681,145
1452.73,140
1452.779,137
1452.826,132
1452.874,125
1452.921,118
1452.968,112
1453.015,106
1453.061,101
1453.106,97
1453.152,93
1453.198,91
1453.243,89
1453.288,88
1453.333,87
1453.379,87
1453.424,86
1453.469,84
1453.514,85
1453.559,85
1453.604,88
1453.65,91
1453.696,97
1453.742,103
1453.789,109
1453.836,116
1453.884,122
1453.937,226
1453.99,225
1454.044,226
1454.098,226
1454.152,226
1454.205,225
1454.259,226
1454.313,225
1454.367,225
1454.421,226
1454.474,225
1454.528,226
1454.582,225
1454.636,226
1454.689,226
1454.743,225
1454.797,225
1454.851,226
1454.904,226
1454.958,226
1455.012,226
1455.066,226
1455.119,225
1455.173,226
1455.227,226
1455.281,225
1455.334,226
1455.388,225
1455.49,226
1455.544,225
1455.597,225
1455.651,226
1455.705,225
1455.759,225
1455.813,225
1455.866,225
1455.92,226
1455.974,226
1456.028,226
1456.081,225
1456.135,226
1456.189,226
1456.243,226
1456.296,226
1456.35,226
1456.404,226
1456.458,226
1456.511,225
1456.565,225
1456.619,226
1456.673,225
1456.726,226
1456.78,226
1456.834,226
1456.888,226
1456.942,226
1456.995,225
1457.049,225
1457.103,225
1457.157,225
1457.21,226
1457.264,226
1457.318,225
1457.372,226
1457.425,226
1457.479,226
1457.533,226
1457.587,226
1457.64,226
1457.694,226
1457.748,226
1457.802,225
1457.855,226
1457.909,226
1457.963,226
1458.017,226
1458.07,226
1458.124,226
1458.178,226
1458.232,226
1458.286,226
1458.339,226
1458.393,226
1458.447,226
1458.501,226
1458.554,226
1458.608,225
1458.662,226
1458.716,226
1458.769,226
1458.823,225
1458.877,225
1458.931,225
1458.984,225
1459.038,226
1459.092,226
1459.146,225
1459.199,225
1459.253,225
1459.307,225
1459.361,225
1459.414,225
1459.468,225
1459.522,225
1459.576,226
1459.629,225
1459.683,225
1459.737,225
1459.791,225
1459.845,225
1459.898,225
1459.952,225
1460.006,225
1460.06,225
1460.113,226
1460.167,226
1460.221,226
1460.275,226
1460.328,225
1460.382,225
1460.436,225
1460.49,225
1460.543,226
1460.597,226
1460.651,226
1460.705,226
1460.758,226
1460.812,226
1460.914,226
1460.968,226
1461.022,226
1461.075,226
1461.129,226
1461.183,226
1461.237,226
1461.29,226
1461.344,226
1461.398,226
1461.452,226
1461.505,225
1461.559,225
1461.613,225
1461.667,225
1461.72,225
1461.774,226
1461.828,225
1461.882,225
1461.935,226
1461.989,225
1462.043,226
1462.097,226
1462.15,225
1462.204,226
1462.258,226
1462.312,226
1462.366,226
1462.419,226
1462.473,226
1462.527,225
1462.581,226
1462.634,226
1462.688,226
1462.742,226
1462.796,226
1462.849,226
1462.903,226
1462.957,226
1463.011,226
1463.064,226
1463.118,226
1463.172,226
1463.226,226
1463.279,226
1463.333,226
1463.387,226
1463.441,226
1463.494,226
1463.548,226
1463.602,226
1463.656,226
1463.71,226
1463.763,226
1463.817,226
1463.871,226
1463.925,225
1463.978,225
1464.032,226
1464.086,226
1464.14,226
1464.193,226
1464.247,225
1464.301,226
1464.355,226
1464.408,226
1464.462,226
1464.516,226
1464.57,226
1464.623,226
1464.677,226
1464.731,226
1464.785,226
1464.838,226
1464.892,226
1464.946,226
1465.0,226
1465.054,226
1465.107,225
1465.161,226
1465.215,226
1465.269,226
1465.322,226
1465.376,226
1465.43,226
1465.484,226
1465.537,226
1465.591,226
1465.645,226
1465.699,226
1465.752,226
1465.806,226
1465.86,226
1465.914,226
1465.967,226
1466.021,226
1466.075,226
1466.129,226
1466.182,225
1466.236,226
1466.344,225
1466.398,225
1466.451,226
1466.505,225
1466.559,226
1466.613,226
1466.666,226
1466.72,226
1466.774,226
1466.828,226
1466.881,226
1466.935,226
1466.989,226
1467.043,226
1467.096,226
1467.15,226
1467.204,226
1467.258,226
1467.311,226
1467.365,226
1467.419,226
1467.473,226
1467.526,226
1467.58,225
1467.634,225
1467.688,225
1467.741,225
1467.795,226
1467.849,225
1467.903,226
1467.957,226
1468.01,225
1468.064,225
1468.118,225
1468.172,226
1468.225,226
1468.279,225
1468.333,225
1468.387,225
1468.44,225
1468.494,226
1468.548,226
1468.602,226
1468.655,226
1468.709,226
1468.763,226
1468.817,225
1468.87,225
1468.924,226
1468.978,226
1469.032,226
1469.085,225
1469.139,226
1469.193,225
1469.247,225
1469.301,226
1469.354,225
1469.408,225
1469.462,226
1469.516,225
1469.569,226
1469.623,225
1469.677,225
1469.731,226
1469.784,226
1469.838,225
1469.892,225
1469.946,225
1469.999,225
1470.053,226
1470.107,225
1470.161,225
1470.214,226
1470.268,225
1470.322,226
1470.376,225
1470.429,226
1470.483,226
1470.537,225
1470.591,225
1470.645,225
1470.698,226
1470.752,226
1470.806,225
1470.86,225
1470.913,225
1470.967,225
1471.021,225
1471.075,225
1471.128,225
1471.182,226
1471.236,226
1471.29,226
1471.343,226
1471.397,226
1471.451,225
1471.505,226
1471.558,226
1471.612,225
1471.666,226
1471.768,225
1471.822,226
1471.875,226
1471.929,226
1471.983,226
1472.037,225
1472.09,225
1472.144,226
1472.198,226
1472.252,225
1472.305,226
1472.359,226
1472.413,226
1472.467,225
1472.52,226
1472.574,225
1472.628,225
1472.682,225
1472.735,225
1472.789,226
1472.843,226
1472.897,226
1472.95,226
1473.004,226
1473.058,226
1473.112,226
1473.166,226
1473.219,226
1473.273,226
1473.327,226
1473.381,226
1473.434,226
1473.488,226
1473.542,226
1473.596,226
1473.649,226
1473.703,226
1473.757,226
1473.811,226
1473.864,226
1473.918,226
1473.972,226
1474.026,226
1474.079,226
1474.133,226
1474.187,226
1474.241,226
1474.294,226
1474.348,226
1474.402,226
1474.456,226
1474.51,226
1474.563,226
1474.617,226
1474.671,226
1474.725,226
1474.778,226
1474.832,226
1474.886,225
1474.94,225
1474.993,225
1475.047,226
1475.101,226
1475.155,226
1475.208,226
1475.262,226
1475.316,226
1475.37,225
1475.423,226
1475.477,226
1475.531,226
1475.585,226
1475.638,226
1475.692,226
1475.746,226
1475.8,226
1475.854,226
1475.907,226
1475.961,226
1476.015,226
1476.069,226
1476.122,225
1476.176,226
1476.23,226
1476.284,226
1476.337,226
1476.391,226
1476.445,226
1476.499,227
1476.552,226
1476.606,227
1476.66,226
1476.714,226
1476.767,226
1476.821,226
1476.875,226
1476.929,226
1476.982,226
1477.036,226
1477.09,226
1477.192,226
1477.246,226
1477.299,226
1477.353,226
1477.407,226
1477.461,226
1477.514,226
1477.568,226
1477.622,226
1477.676,226
1477.729,226
1477.783,226
1477.837,226
1477.891,226
1477.944,226
1477.998,226
1478.052,226
1478.106,226
1478.159,226
1478.213,226
1478.267,226
1478.321,226
1478.374,226
1478.428,226
1478.482,226
1478.536,226
1478.59,226
1478.643,226
1478.697,226
1478.751,226
1478.805,226
1478.858,226
1478.912,226
1478.966,226
1479.02,226
1479.073,226
1479.127,226
1479.181,226
1479.235,226
1479.288,226
1479.342,227
1479.396,226
1479.45,226
1479.503,226
1479.557,226
1479.611,226
1479.665,226
1479.718,226
1479.772,226
1479.826,226
1479.88,226
1479.934,226
1479.987,226
1480.041,226
1480.095,226
1480.149,226
1480.202,226
1480.256,226
1480.31,226
1480.364,226
1480.417,226
1480.471,226
1480.525,226
1480.579,226
1480.632,226
1480.686,226
1480.74,226
1480.794,226
1480.847,226
1480.901,226
1480.955,226
1481.009,226
1481.062,226
1481.116,226
1481.17,226
1481.224,226
1481.278,226
1481.331,226
1481.385,226
1481.439,226
1481.493,226
1481.546,226
1481.6,226
1481.654,226
1481.708,226
1481.761,226
1481.815,226
1481.869,226
1481.923,226
1481.976,226
1482.03,226
1482.084,226
1482.138,226
1482.191,226
1482.245,226
1482.299,226
1482.353,226
1482.406,226
1482.46,226
1482.514,226
1482.622,226
1482.675,226
1482.729,226
1482.783,226
1482.837,226
1482.89,226
1482.944,226
1482.998,226
1483.052,226
1483.105,226
1483.159,226
1483.213,226
1483.267,226
1483.32,226
1483.374,226
1483.428,226
1483.482,225
1483.535,225
1483.589,226
1483.643,226
1483.697,226
1483.75,226
1483.804,225
1483.858,226
1483.912,225
1483.966,226
1484.019,226
1484.073,225
1484.127,225
1484.181,226
1484.234,225
1484.288,226
1484.342,226
1484.396,226
1484.449,226
1484.503,226
1484.557,226
1484.611,226
1484.664,226
1484.718,226
1484.772,225
1484.826,226
1484.879,225
1484.933,226
1484.987,226
1485.041,226
1485.094,225
1485.148,226
1485.202,226
1485.256,226
1485.309,226
1485.363,225
1485.417,226
1485.471,226
1485.525,226
1485.578,226
1485.632,226
1485.686,226
1485.74,226
1485.793,226
1485.847,226
1485.901,226
1485.955,226
1486.008,226
1486.062,226
1486.116,226
1486.17,226
1486.223,226
1486.277,226
1486.331,226
1486.385,226
1486.438,226
1486.492,226
1486.546,226
1486.6,226
1486.653,226
1486.707,226
1486.761,226
1486.815,226
1486.869,226
1486.922,226
1486.976,226
1487.03,225
1487.084,226
1487.137,226
1487.191,226
1487.245,226
1487.299,226
1487.352,225
1487.406,226
1487.46,226
1487.514,225
1487.567,225
1487.621,226
1487.675,226
1487.729,226
1487.782,226
1487.836,226
1487.89,226
1487.944,226
1488.046,226
1488.099,226
1488.153,226
1488.207,226
1488.261,226
1488.314,226
1488.368,226
1488.422,226
1488.476,226
1488.529,226
1488.583,226
1488.637,226
1488.691,226
1488.744,226
1488.798,226
1488.852,226
1488.906,226
1488.959,226
1489.013,226
1489.067,226
1489.121,226
1489.174,225
1489.228,226
1489.282,225
1489.336,225
1489.39,225
1489.443,226
1489.497,226
1489.551,225
1489.605,226
1489.658,226
1489.712,226
1489.766,226
1489.82,226
1489.873,226
1489.927,226
1489.981,225
1490.035,226
1490.088,226
1490.142,226
1490.196,226
1490.25,226
1490.303,226
1490.357,226
1490.411,226
1490.465,226
1490.518,226
1490.572,226
1490.626,226
1490.68,226
1490.734,226
1490.787,225
1490.841,226
1490.895,226
1490.949,226
1491.002,226
1491.056,226
1491.11,226
1491.164,226
1491.217,226
1491.271,226
1491.325,226
1491.379,226
1491.432,226
1491.486,225
1491.54,226
1491.594,225
1491.647,225
1491.701,226
1491.755,226
1491.809,226
1491.862,225
1491.916,226
1491.97,226
1492.024,226
1492.077,226
1492.131,225
1492.185,226
1492.239,226
1492.293,226
1492.346,226
1492.4,226
1492.454,226
1492.508,226
1492.561,226
1492.615,226
1492.669,225
1492.723,226
1492.776,226
1492.83,226
1492.884,226
1492.938,225
1492.991,226
1493.045,225
1493.099,225
1493.153,225
1493.206,226
1493.26,226
1493.314,226
1493.368,226
1493.47,226
1493.523,226
1493.577,225
1493.631,226
1493.685,225
1493.738,225
1493.792,226
1493.846,226
1493.9,225
1493.953,226
1494.007,225
1494.061,225
1494.115,225
1494.168,225
1494.222,226
1494.276,226
1494.33,226
1494.383,226
1494.437,226
1494.491,226
1494.545,226
1494.598,226
1494.652,226
1494.706,225
1494.76,225
1494.814,226
1494.867,226
1494.921,226
1494.975,226
1495.029,226
1495.082,226
1495.136,226
1495.19,226
1495.244,226
1495.297,226
1495.351,226
1495.405,225
1495.459,225
1495.512,226
1495.566,226
1495.62,225
1495.674,225
1495.727,225
1495.781,225
1495.835,226
1495.889,226
1495.942,225
1495.996,226
1496.05,225
1496.104,226
1496.157,225
1496.211,226
1496.265,225
1496.319,225
1496.373,225
1496.426,225
1496.48,226
1496.534,225
1496.588,225
1496.641,226
1496.695,226
1496.749,226
1496.803,225
1496.856,225
1496.91,225
1496.964,226
1497.018,225
1497.071,226
1497.125,225
1497.179,226
1497.233,225
1497.286,226
1497.34,226
1497.394,225
1497.448,225
1497.501,225
1497.555,225
1497.609,225
1497.663,225
1497.717,225
1497.77,226
1497.824,226
1497.878,226
1497.932,226
1497.985,226
1498.039,225
1498.093,225
1498.147,225
1498.2,226
1498.254,226
1498.308,226
1498.362,226
1498.415,226
1498.469,226
1498.523,225
1498.577,225
1498.63,225
1498.684,225
1498.738,225
1498.792,226
1498.899,226
1498.953,226
1499.007,226
1499.061,226
1499.114,226
1499.168,226
1499.222,225
1499.276,225
1499.329,225
1499.383,225
1499.437,225
1499.491,225
1499.544,226
1499.598,226
1499.652,226
1499.706,225
1499.759,225
1499.813,225
1499.867,225
1499.921,226
1499.974,226
1500.028,226
1500.082,225
1500.136,225
1500.189,225
1500.243,225
1500.297,225
1500.351,225
1500.405,226
1500.458,226
1500.512,225
1500.566,226
1500.62,226
1500.673,226
1500.727,226
1500.781,225
1500.835,225
1500.888,225
1500.942,226
1500.996,225
1501.05,226
1501.103,225
1501.157,225
1501.211,225
1501.265,226
1501.318,226
1501.372,226
1501.426,226
1501.48,225
1501.534,226
1501.587,226
1501.641,226
1501.695,226
1501.749,226
1501.802,226
1501.856,225
1501.91,225
1501.964,226
1502.017,226
1502.071,225
1502.125,226
1502.179,226
1502.232,226
1502.286,226
1502.34,226
1502.394,225
1502.447,226
1502.501,225
1502.555,225
1502.609,225
1502.662,225
1502.716,226
1502.77,226
1502.824,226
1502.877,225
1502.931,226
1502.985,226
1503.039,226
1503.093,226
1503.146,225
1503.2,226
1503.254,225
1503.308,226
1503.361,225
1503.415,226
1503.469,226
1503.523,225
1503.576,226
1503.63,226
1503.684,226
1503.738,225
1503.791,225
1503.845,225
1503.899,225
1503.953,225
1504.006,225
1504.06,225
1504.114,225
1504.168,226
1504.222,226
1504.323,226
1504.377,226
1504.431,225
1504.485,225
1504.538,225
1504.592,226
1504.646,225
1504.7,225
1504.753,225
1504.807,225
1504.861,226
1504.915,226
1504.968,226
1505.022,225
1505.076,225
1505.13,226
1505.183,226
1505.237,226
1505.291,225
1505.345,226
1505.398,225
1505.452,226
1505.506,225
1505.56,226
1505.614,226
1505.667,226
1505.721,226
1505.775,225
1505.829,226
1505.882,226
1505.936,226
1505.99,226
1506.044,225
1506.097,225
1506.151,225
1506.205,225
1506.259,225
1506.312,225
1506.366,226
1506.42,226
1506.474,226
1506.527,226
1506.581,226
1506.635,226
1506.689,226
1506.742,226
1506.796,226
1506.85,226
1506.904,226
1506.958,226
1507.011,226
1507.065,225
1507.119,225
1507.173,225
1507.226,225
1507.28,226
1507.334,225
1507.388,225
1507.441,226
1507.495,226
1507.549,226
1507.603,226
1507.656,225
1507.71,226
1507.764,226
1507.818,225
1507.871,225
1507.925,226
1507.979,226
1508.033,226
1508.086,226
1508.14,225
1508.194,225
1508.248,226
1508.301,225
1508.355,226
1508.409,225
1508.463,225
1508.517,226
1508.57,225
1508.624,226
1508.678,225
1508.732,226
1508.785,226
1508.839,226
1508.893,226
1508.947,226
1509.0,226
1509.054,226
1509.108,225
1509.162,226
1509.215,225
1509.269,225
1509.323,226
1509.377,226
1509.43,226
1509.484,226
1509.538,226
1509.592,226
1509.646,226
1509.747,225
1509.801,226
1509.855,225
1509.909,226
1509.962,226
1510.016,226
1510.07,226
1510.124,226
1510.177,225
1510.231,225
1510.285,225
1510.339,225
1510.392,225
1510.446,225
1510.5,226
1510.554,226
1510.607,225
1510.661,225
1510.715,226
1510.769,226
1510.822,226
1510.876,225
1510.93,225
1510.984,226
1511.038,226
1511.091,226
1511.145,226
1511.199,225
1511.253,226
1511.306,225
1511.36,225
1511.414,225
1511.468,226
1511.521,226
1511.575,226
1511.629,225
1511.683,226
1511.736,226
1511.79,225
1511.844,226
1511.898,226
1511.951,226
1512.005,225
1512.059,226
1512.113,225
1512.166,226
1512.22,226
1512.274,226
1512.328,226
1512.382,226
1512.435,225
1512.489,225
1512.543,225
1512.597,226
1512.65,226
1512.704,226
1512.758,225
1512.812,225
1512.865,225
1512.919,226
1512.973,226
1513.027,226
1513.08,226
1513.134,226
1513.188,225
1513.242,225
1513.295,226
1513.349,226
1513.403,226
1513.457,225
1513.51,225
1513.564,225
1513.618,226
1513.672,225
1513.725,225
1513.779,226
1513.833,226
1513.887,225
1513.941,225
1513.994,226
1514.048,226
1514.102,225
1514.156,225
1514.209,225
1514.263,226
1514.317,226
1514.371,226
1514.424,225
1514.478,225
1514.532,225
1514.586,226
1514.639,225
1514.693,226
1514.747,226
1514.801,226
1514.854,226
1514.908,226
1514.962,225
1515.016,225
1515.069,225
1515.177,226
1515.231,226
1515.285,226
1515.338,226
1515.392,226
1515.446,225
1515.5,225
1515.553,225
1515.607,226
1515.661,226
1515.715,226
1515.768,226
1515.822,225
1515.876,225
1515.93,225
1515.983,226
1516.037,226
1516.091,226
1516.145,226
1516.198,226
1516.252,225
1516.306,226
1516.36,226
1516.414,226
1516.467,226
1516.521,226
1516.575,226
1516.629,226
1516.682,225
1516.736,226
1516.79,226
1516.844,226
1516.897,225
1516.951,226
1517.005,225
1517.059,226
1517.112,226
1517.166,226
1517.22,226
1517.274,225
1517.327,225
1517.381,226
1517.435,225
1517.489,226
1517.542,226
1517.596,226
1517.65,226
1517.704,225
1517.757,225
1517.811,226
1517.865,226
1517.919,226
1517.973,226
1518.026,226
1518.08,226
1518.134,225
1518.188,225
1518.241,226
1518.295,226
1518.349,225
1518.403,226
1518.456,226
1518.51,226
1518.564,226
1518.618,226
1518.671,226
1518.725,226
1518.779,226
1518.833,226
1518.886,225
1518.94,226
1518.994,226
1519.048,225
1519.101,225
1519.155,226
1519.209,225
1519.263,225
1519.317,225
1519.37,225
1519.424,226
1519.478,226
1519.532,226
1519.585,225
1519.639,225
1519.693,226
1519.747,226
1519.8,225
1519.854,226
1519.908,226
1519.962,226
1520.015,225
1520.069,225
1520.123,226
1520.177,225
1520.23,226
1520.284,225
1520.338,225
1520.392,225
1520.445,225
1520.499,226
1520.601,225
1520.655,225
1520.709,225
1520.762,226
1520.816,225
1520.87,225
1520.924,225
1520.977,225
1521.031,225
1521.085,225
1521.139,226
1521.192,226
1521.246,226
1521.3,226
1521.354,226
1521.407,225
1521.461,226
1521.515,226
1521.569,225
1521.622,225
1521.676,225
1521.73,225
1521.784,225
1521.838,226
1521.891,226
1521.945,226
1521.999,226
1522.053,226
1522.106,225
1522.16,225
1522.214,225
1522.268,225
1522.321,225
1522.375,225
1522.429,225
1522.483,225
1522.536,225
1522.59,225
1522.644,226
1522.698,226
1522.751,226
1522.805,226
1522.859,226
1522.913,225
1522.966,225
1523.02,225
1523.074,225
1523.128,226
1523.182,226
1523.235,225
1523.289,225
1523.343,225
1523.397,225
1523.45,226
1523.504,226
1523.558,226
1523.612,225
1523.665,226
1523.719,225
1523.773,226
1523.827,225
1523.88,225
1523.934,226
1523.988,226
1524.042,226
1524.095,225
1524.149,225
1524.203,226
1524.257,226
1524.31,226
1524.364,226
1524.418,226
1524.472,226
1524.526,226
1524.579,226
1524.633,226
1524.687,225
1524.741,225
1524.794,225
1524.848,226
1524.902,226
1524.956,226
1525.009,225
1525.063,225
1525.117,225
1525.171,226
1525.224,225
1525.278,225
1525.332,225
1525.386,225
1525.439,226
1525.493,225
1525.547,225
1525.601,225
1525.654,226
1525.708,226
1525.762,225
1525.816,225
1525.869,225
1525.923,225
1526.025,225
1526.079,225
1526.133,225
1526.186,225
1526.24,225
1526.294,225
1526.348,226
1526.401,225
1526.455,225
1526.509,225
1526.563,225
1526.616,225
1526.67,225
1526.724,225
1526.778,225
1526.831,225
1526.885,225
1526.939,225
1526.993,225
1527.046,225
1527.1,225
1527.154,225
1527.208,225
1527.261,225
1527.315,225
1527.369,225
1527.423,225
1527.477,225
1527.53,225
1527.584,225
1527.638,226
1527.692,225
1527.745,225
1527.799,225
1527.853,226
1527.907,225
1527.96,225
1528.014,225
1528.068,225
1528.122,226
1528.175,226
1528.229,225
1528.283,225
1528.337,225
1528.39,225
1528.444,225
1528.498,225
1528.552,225
1528.605,225
1528.659,226
1528.713,225
1528.767,225
1528.821,225
1528.874,225
1528.928,225
1528.982,225
1529.036,225
1529.089,225
1529.143,225
1529.197,225
1529.251,225
1529.304,225
1529.358,225
1529.412,225
1529.466,225
1529.519,225
1529.573,225
1529.627,225
1529.681,225
1529.734,225
1529.788,225
1529.842,225
1529.896,225
1529.949,225
1530.003,226
1530.057,226
1530.111,225
1530.164,225
1530.218,225
1530.272,226
1530.326,225
1530.38,225
1530.433,225
1530.487,226
1530.541,226
1530.595,225
1530.648,225
1530.702,225
1530.756,225
1530.81,225
1530.863,225
1530.917,225
1530.971,225
1531.025,225
1531.078,225
1531.132,225
1531.186,225
1531.24,225
1531.293,225
1531.347,225
1531.519,225
1531.573,225
1531.627,225
1531.68,225
1531.734,226
1531.788,225
1531.842,225
1531.895,225
1531.949,225
1532.003,225
1532.057,225
1532.11,225
1532.164,225
1532.218,225
1532.272,225
1532.326,226
1532.379,226
1532.433,226
1532.487,225
1532.541,225
1532.594,225
1532.648,225
1532.702,225
1532.756,225
1532.809,225
1532.863,225
1532.917,226
1532.971,225
1533.024,225
1533.078,226
1533.132,225
1533.186,225
1533.239,225
1533.293,225
1533.347,225
1533.401,225
1533.454,225
1533.508,225
1533.562,225
1533.616,225
1533.669,225
1533.723,225
1533.777,225
1533.831,225
1533.885,225
1533.938,225
1533.992,225
1534.046,225
1534.1,226
1534.153,226
1534.207,225
1534.261,225
1534.315,226
1534.368,226
1534.422,225
1534.476,225
1534.53,225
1534.583,225
1534.637,226
1534.691,226
1534.745,225
1534.798,225
1534.852,226
1534.906,225
1534.96,226
1535.014,226
1535.067,225
1535.121,225
1535.175,225
1535.229,225
1535.282,225
1535.336,225
1535.39,225
1535.444,225
1535.497,225
1535.551,225
1535.605,225
1535.659,225
1535.712,225
1535.766,225
1535.82,225
1535.874,225
1535.927,225
1535.981,225
1536.035,225
1536.089,225
1536.142,225
1536.196,225
1536.25,225
1536.304,225
1536.357,225
1536.411,225
1536.465,225
1536.519,226
1536.573,226
1536.626,225
1536.68,225
1536.734,225
1536.788,225
1536.841,225
1536.943,226
1536.997,226
1537.051,225
1537.104,225
1537.158,226
1537.212,226
1537.266,226
1537.319,225
1537.373,225
1537.427,226
1537.481,226
1537.534,225
1537.588,225
1537.642,225
1537.696,226
1537.749,225
1537.803,226
1537.857,226
1537.911,226
1537.965,225
1538.018,226
1538.072,226
1538.126,228
1538.18,227
1538.233,226
1538.287,225
1538.341,225
1538.395,225
1538.448,225
1538.502,225
1538.556,225
1538.61,225
1538.663,225
1538.717,225
1538.771,225
1538.825,225
1538.878,225
1538.932,225
1538.986,225
1539.04,225
1539.093,225
1539.147,226
1539.201,225
1539.255,225
1539.309,228
1539.362,226
1539.416,226
1539.47,226
1539.524,226
1539.577,227
1539.631,225
1539.685,225
1539.739,225
1539.792,226
1539.846,226
1539.9,226
1539.954,225
1540.007,226
1540.061,226
1540.115,226
1540.169,226
1540.222,226
1540.276,225
1540.33,225
1540.384,226
1540.437,226
1540.491,225
1540.545,225
1540.599,225
1540.653,225
1540.706,225
1540.76,225
1540.814,225
1540.868,225
1540.921,225
1540.975,225
1541.029,225
1541.083,225
1541.136,225
1541.19,226
1541.244,225
1541.298,225
1541.351,225
1541.405,225
1541.459,225
1541.513,225
1541.566,225
1541.62,225
1541.674,225
1541.728,225
1541.781,225
1541.835,225
1541.889,225
1541.943,225
1541.997,225
1542.05,225
1542.104,225
1542.158,225
1542.212,225
1542.265,225
1542.367,225
1542.421,225
1542.475,225
1542.528,225
1542.582,225
1542.636,225
1542.69,225
1542.743,226
1542.797,225
1542.851,225
1542.905,225
1542.958,225
1543.012,226
1543.066,225
1543.12,225
1543.174,226
1543.227,226
1543.281,226
1543.335,226
1543.389,225
1543.442,226
1543.496,225
1543.55,226
1543.604,225
1543.657,225
1543.711,225
1543.765,226
1543.819,225
1543.872,225
1543.926,225
1543.98,226
1544.034,226
1544.087,225
1544.141,225
1544.195,225
1544.249,225
1544.302,225
1544.356,225
1544.41,225
1544.464,225
1544.517,225
1544.571,225
1544.625,225
1544.679,226
1544.733,225
1544.786,225
1544.84,225
1544.894,225
1544.948,225
1545.001,225
1545.055,225
1545.109,225
1545.163,225
1545.216,225
1545.27,225
1545.324,226
1545.378,226
1545.431,226
1545.485,226
1545.539,226
1545.593,226
1545.646,225
1545.7,225
1545.754,226
1545.808,225
1545.861,225
1545.915,225
1545.969,226
1546.023,226
1546.077,226
1546.13,225
1546.184,226
1546.238,226
1546.292,226
1546.345,225
1546.399,225
1546.453,225
1546.507,226
1546.56,226
1546.614,225
1546.668,225
1546.722,225
1546.775,225
1546.829,225
1546.883,225
1546.937,225
1546.99,226
1547.044,225
1547.098,225
1547.152,225
1547.205,225
1547.259,226
1547.313,226
1547.367,226
1547.421,226
1547.474,226
1547.528,225
1547.582,225
1547.636,225
1547.689,226
1547.797,226
1547.851,226
1547.904,225
1547.958,226
1548.012,226
1548.066,226
1548.119,225
1548.173,226
1548.227,225
1548.281,225
1548.334,225
1548.388,225
1548.442,225
1548.496,225
1548.549,226
1548.603,225
1548.657,226
1548.711,226
1548.765,225
1548.818,225
1548.872,226
1548.926,226
1548.98,225
1549.033,226
1549.087,225
1549.141,226
1549.195,225
1549.248,226
1549.302,226
1549.356,226
1549.41,226
1549.463,226
1549.517,226
1549.571,226
1549.625,226
1549.678,226
1549.732,226
1549.786,225
1549.84,225
1549.894,226
1549.947,225
1550.001,225
1550.055,225
1550.109,226
1550.162,226
1550.216,225
1550.27,225
1550.324,226
1550.377,226
1550.431,225
1550.485,226
1550.539,226
1550.592,226
1550.646,225
1550.7,226
1550.754,226
1550.807,226
1550.861,225
1550.915,225
1550.969,226
1551.022,225
1551.076,225
1551.13,225
1551.184,225
1551.238,226
1551.291,225
1551.345,226
1551.399,226
1551.453,225
1551.506,226
1551.56,225
1551.614,225
1551.668,226
1551.721,226
1551.775,226
1551.829,226
1551.883,225
1551.936,225
1551.99,225
1552.044,225
1552.098,225
1552.151,225
1552.205,225
1552.259,225
1552.313,225
1552.366,225
1552.42,225
1552.474,226
1552.528,226
1552.581,225
1552.635,226
1552.689,226
1552.743,226
1552.797,225
1552.85,225
1552.904,226
1552.958,225
1553.012,226
1553.065,226
1553.119,225
1553.221,226
1553.275,226
1553.328,226
1553.382,225
1553.436,226
1553.49,226
1553.543,225
1553.597,225
1553.651,226
1553.705,226
1553.758,226
1553.812,226
1553.866,225
1553.92,226
1553.973,225
1554.027,226
1554.081,226
1554.135,226
1554.189,226
1554.242,226
1554.296,226
1554.35,225
1554.404,226
1554.457,226
1554.511,226
1554.565,226
1554.619,225
1554.672,225
1554.726,225
1554.78,226
1554.834,226
1554.887,225
1554.941,225
1554.995,226
1555.049,226
1555.102,226
1555.156,226
1555.21,226
1555.264,225
1555.317,225
1555.371,225
1555.425,225
1555.479,225
1555.533,225
1555.586,225
1555.64,225
1555.694,226
1555.748,225
1555.801,225
1555.855,226
1555.909,226
1555.963,226
1556.016,226
1556.07,225
1556.124,226
1556.178,225
1556.231,225
1556.285,225
1556.339,225
1556.393,226
1556.446,226
1556.5,225
1556.554,225
1556.608,225
1556.662,226
1556.715,226
1556.769,226
1556.823,225
1556.877,226
1556.93,226
1556.984,225
1557.038,225
1557.092,226
1557.145,226
1557.199,226
1557.253,225
1557.307,226
1557.36,225
1557.414,225
1557.468,226
1557.522,225
1557.575,226
1557.629,226
1557.683,226
1557.737,226
1557.79,225
1557.844,226
1557.898,225
1557.952,225
1558.006,226
1558.059,226
1558.113,225
1558.167,226
1558.221,225
1558.274,225
1558.328,226
1558.382,226
1558.436,225
1558.489,225
1558.543,225
1558.645,225
1558.699,225
1558.752,225
1558.806,226
1558.86,226
1558.914,226
1558.967,226
1559.021,225
1559.075,226
1559.129,226
1559.182,225
1559.236,225
1559.29,226
1559.344,225
1559.398,226
1559.451,225
1559.505,226
1559.559,226
1559.613,226
1559.666,226
1559.72,226
1559.774,226
1559.828,226
1559.881,225
1559.935,226
1559.989,225
1560.043,225
1560.096,226
1560.15,225
1560.204,225
1560.258,226
1560.311,226
1560.365,225
1560.419,225
1560.473,225
1560.526,225
1560.58,226
1560.634,226
1560.688,225
1560.742,226
1560.795,226
1560.849,226
1560.903,226
1560.957,226
1561.01,225
1561.064,226
1561.118,225
1561.172,226
1561.225,226
1561.279,226
1561.333,226
1561.387,226
1561.44,226
1561.494,225
1561.548,226
1561.602,225
1561.655,225
1561.709,226
1561.763,225
1561.817,226
1561.87,226
1561.924,226
1561.978,225
1562.032,225
1562.085,225
1562.139,226
1562.193,226
1562.247,225
1562.301,225
1562.354,226
1562.408,225
1562.462,226
1562.516,226
1562.569,226
1562.623,226
1562.677,226
1562.731,226
1562.784,226
1562.838,226
1562.892,225
1562.946,226
1562.999,226
1563.053,226
1563.107,226
1563.161,226
1563.214,226
1563.268,226
1563.322,226
1563.376,226
1563.43,226
1563.483,225
1563.537,226
1563.591,226
1563.645,225
1563.698,225
1563.752,226
1563.806,225
1563.86,226
1563.913,226
1563.967,225
1564.075,225
1564.128,227
1564.182,225
1564.236,225
1564.29,226
1564.343,225
1564.397,226
1564.451,225
1564.505,226
1564.558,225
1564.612,225
1564.666,225
1564.72,225
1564.773,225
1564.827,225
1564.881,226
1564.935,226
1564.989,226
1565.042,226
1565.096,226
1565.15,226
1565.204,225
1565.257,226
1565.311,225
1565.365,225
1565.419,226
1565.472,226
1565.526,226
1565.58,226
1565.634,226
1565.687,225
1565.741,226
1565.795,226
1565.849,225
1565.902,225
1565.956,225
1566.01,225
1566.064,225
1566.117,225
1566.171,225
1566.225,226
1566.279,225
1566.333,226
1566.386,225
1566.44,226
1566.494,225
1566.548,225
1566.601,225
1566.655,225
1566.709,226
1566.763,226
1566.816,225
1566.87,225
1566.924,225
1566.978,226
1567.031,225
1567.085,226
1567.139,226
1567.193,226
1567.246,226
1567.3,226
1567.354,226
1567.408,226
1567.462,226
1567.515,226
1567.569,225
1567.623,225
1567.677,225
1567.73,226
1567.784,226
1567.838,226
1567.892,226
1567.945,225
1567.999,226
1568.053,225
1568.107,226
1568.16,226
1568.214,226
1568.268,225
1568.322,225
1568.375,226
1568.429,226
1568.483,226
1568.537,226
1568.59,226
1568.644,226
1568.698,226
1568.752,225
1568.805,225
1568.859,225
1568.913,225
1568.967,226
1569.021,226
1569.074,226
1569.128,225
1569.182,226
1569.236,225
1569.289,226
1569.343,225
1569.397,225
1569.499,226
1569.552,226
1569.606,225
1569.66,225
1569.714,226
1569.767,226
1569.821,226
1569.875,225
1569.929,225
1569.982,226
1570.036,226
1570.09,225
1570.144,225
1570.197,225
1570.251,226
1570.305,226
1570.359,226
1570.413,225
1570.466,226
1570.52,226
1570.574,226
1570.628,226
1570.681,226
1570.735,225
1570.789,226
1570.843,226
1570.896,225
1570.95,225
1571.004,225
1571.058,225
1571.111,226
1571.165,226
1571.219,226
1571.273,226
1571.326,225
1571.38,226
1571.434,226
1571.488,226
1571.541,225
1571.595,225
1571.649,226
1571.703,225
1571.757,225
1571.81,225
1571.864,226
1571.918,226
1571.972,225
1572.025,226
1572.079,225
1572.133,225
1572.187,225
1572.24,226
1572.294,226
1572.348,226
1572.402,226
1572.455,225
1572.509,225
1572.563,226
1572.617,226
1572.67,225
1572.724,226
1572.778,226
1572.832,225
1572.886,226
1572.939,226
1572.993,226
1573.047,226
1573.101,226
1573.154,226
1573.208,226
1573.262,226
1573.316,226
1573.369,226
1573.423,226
1573.477,226
1573.531,225
1573.584,225
1573.638,225
1573.692,226
1573.746,225
1573.799,225
1573.853,226
1573.907,225
1573.961,226
1574.014,225
1574.068,226
1574.122,226
1574.176,226
1574.229,225
1574.283,225
1574.337,225
1574.391,225
1574.445,225
1574.498,225
1574.552,226
1574.606,226
1574.66,225
1574.713,225
1574.767,225
1574.821,225
1574.923,226
1574.976,226
1575.03,225
1575.084,226
1575.138,225
1575.191,226
1575.245,226
1575.299,225
1575.353,226
1575.406,226
1575.46,226
1575.514,226
1575.568,226
1575.622,226
1575.675,225
1575.729,226
1575.783,226
1575.837,226
1575.89,226
1575.944,225
1575.998,225
1576.052,226
1576.105,226
1576.159,225
1576.213,226
1576.267,225
1576.32,225
1576.374,225
1576.428,225
1576.482,225
1576.535,225
1576.589,226
1576.643,226
1576.697,225
1576.75,226
1576.804,225
1576.858,225
1576.912,226
1576.965,225
1577.019,226
1577.073,225
1577.127,225
1577.181,225
1577.234,225
1577.288,225
1577.342,226
1577.396,226
1577.449,226
1577.503,226
1577.557,226
1577.611,226
1577.664,226
1577.718,226
1577.772,226
1577.826,226
1577.879,226
1577.933,226
1577.987,225
1578.041,226
1578.094,225
1578.148,226
1578.202,226
1578.256,226
1578.31,226
1578.363,226
1578.417,226
1578.471,226
1578.525,225
1578.578,226
1578.632,225
1578.686,226
1578.74,225
1578.793,226
1578.847,226
1578.901,226
1578.955,226
1579.008,226
1579.062,226
1579.116,225
1579.17,225
1579.223,225
1579.277,226
1579.331,226
1579.385,225
1579.438,226
1579.492,226
1579.546,225
1579.6,226
1579.654,226
1579.707,225
1579.761,225
1579.815,225
1579.869,226
1579.922,226
1579.976,226
1580.03,226
1580.084,226
1580.137,225
1580.191,225
1580.245,226
1580.352,226
1580.406,225
1580.46,226
1580.514,225
1580.567,225
1580.621,226
1580.675,226
1580.729,226
1580.782,225
1580.836,226
1580.89,226
1580.944,226
1580.998,226
1581.051,226
1581.105,225
1581.159,226
1581.213,226
1581.266,225
1581.32,226
1581.374,225
1581.428,226
1581.481,226
1581.535,225
1581.589,226
1581.643,226
1581.696,226
1581.75,225
1581.804,226
1581.858,226
1581.911,226
1581.965,226
1582.019,225
1582.073,226
1582.126,226
1582.18,226
1582.234,226
1582.288,226
1582.341,225
1582.395,226
1582.449,226
1582.503,225
1582.557,226
1582.61,226
1582.664,226
1582.718,225
1582.772,225
1582.825,226
1582.879,225
1582.933,225
1582.987,226
1583.04,226
1583.094,225
1583.148,226
1583.202,226
1583.255,226
1583.309,225
1583.363,225
1583.417,225
1583.47,226
1583.524,226
1583.578,226
1583.632,226
1583.686,226
1583.739,226
1583.793,226
1583.847,225
1583.901,226
1583.954,226
1584.008,226
1584.062,226
1584.116,226
1584.169,226
1584.223,226
1584.277,226
1584.331,225
1584.384,226
1584.438,225
1584.492,226
1584.546,226
1584.599,226
1584.653,226
1584.707,225
1584.761,225
1584.814,225
1584.868,225
1584.922,225
1584.976,226
1585.03,226
1585.083,226
1585.137,225
1585.191,226
1585.245,226
1585.298,226
1585.352,226
1585.406,226
1585.46,225
1585.513,226
1585.567,226
1585.621,226
1585.675,225
1585.776,226
1585.83,225
1585.884,225
1585.938,226
1585.991,226
1586.045,226
1586.099,226
1586.153,225
1586.206,225
1586.26,226
1586.314,226
1586.368,226
1586.422,226
1586.475,225
1586.529,226
1586.583,226
1586.637,225
1586.69,226
1586.744,225
1586.798,226
1586.852,225
1586.905,226
1586.959,226
1587.013,226
1587.067,226
1587.12,225
1587.174,225
1587.228,226
1587.282,226
1587.335,226
1587.389,226
1587.443,226
1587.497,226
1587.55,225
1587.604,225
1587.658,226
1587.712,226
1587.766,226
1587.819,226
1587.873,226
1587.927,226
1587.981,226
1588.034,226
1588.088,226
1588.142,226
1588.196,226
1588.249,225
1588.303,226
1588.357,225
1588.411,226
1588.464,225
1588.518,226
1588.572,225
1588.626,226
1588.679,225
1588.733,225
1588.787,226
1588.841,225
1588.894,225
1588.948,225
1589.002,225
1589.056,226
1589.109,225
1589.163,226
1589.217,225
1589.271,226
1589.325,226
1589.378,225
1589.432,226
1589.486,225
1589.54,225
1589.593,226
1589.647,225
1589.701,225
1589.755,225
1589.808,225
1589.862,225
1589.916,225
1589.97,226
1590.023,225
1590.077,225
1590.131,225
1590.185,225
1590.238,225
1590.292,225
1590.346,225
1590.4,226
1590.453,225
1590.507,225
1590.561,226
1590.615,225
1590.669,226
1590.722,226
1590.776,226
1590.83,225
1590.884,226
1590.937,226
1590.991,226
1591.045,225
1591.099,226
1591.206,226
1591.26,225
1591.314,226
1591.367,226
1591.421,226
1591.475,226
1591.529,226
1591.582,226
1591.636,226
1591.69,226
1591.744,226
1591.797,225
1591.851,226
1591.905,226
1591.959,226
1592.013,225
1592.066,226
1592.12,226
1592.174,226
1592.228,225
1592.281,226
1592.335,226
1592.389,226
1592.443,225
1592.496,225
1592.55,226
1592.604,226
1592.658,225
1592.711,225
1592.765,225
1592.819,226
1592.873,226
1592.926,226
1592.98,226
1593.034,226
1593.088,225
1593.142,226
1593.195,226
1593.249,226
1593.303,225
1593.357,225
1593.41,225
1593.464,226
1593.518,226
1593.572,226
1593.625,226
1593.679,226
1593.733,225
1593.787,225
1593.84,225
1593.894,226
1593.948,226
1594.002,226
1594.055,225
1594.109,225
1594.163,226
1594.217,226
1594.27,226
1594.324,225
1594.378,226
1594.432,226
1594.485,225
1594.539,226
1594.593,225
1594.647,225
1594.701,226
1594.754,226
1594.808,225
1594.862,225
1594.916,226
1594.969,226
1595.023,225
1595.077,225
1595.131,225
1595.184,225
1595.238,225
1595.292,225
1595.346,226
1595.399,225
1595.453,225
1595.507,225
1595.561,225
1595.614,225
1595.668,225
1595.722,225
1595.776,225
1595.829,225
1595.883,225
1595.937,225
1595.991,225
1596.045,225
1596.098,225
1596.152,225
1596.206,225
1596.26,225
1596.313,226
1596.367,225
1596.421,225
1596.475,226
1596.528,226
1596.63,225
1596.684,225
1596.738,226
1596.791,225
1596.845,226
1596.899,226
1596.953,226
1597.006,226
1597.06,225
1597.114,226
1597.168,226
1597.221,225
1597.275,226
1597.329,226
1597.383,225
1597.437,225
1597.49,225
1597.544,226
1597.598,225
1597.652,225
1597.705,225
1597.759,226
1597.813,225
1597.867,226
1597.92,226
1597.974,225
1598.028,225
1598.082,225
1598.135,225
1598.189,225
1598.243,226
1598.297,226
1598.35,225
1598.404,225
1598.458,225
1598.512,225
1598.565,225
1598.619,225
1598.673,225
1598.727,225
1598.781,225
1598.834,225
1598.888,225
1598.942,225
1598.996,225
1599.049,225
1599.103,225
1599.157,225
1599.211,225
1599.264,225
1599.318,225
1599.372,226
1599.426,225
1599.479,225
1599.533,225
1599.587,225
1599.641,225
1599.694,225
1599.748,225
1599.802,225
1599.856,225
1599.909,225
1599.963,225
1600.017,225
1600.071,225
1600.125,225
1600.178,225
1600.232,226
1600.286,225
1600.34,225
1600.393,225
1600.447,225
1600.501,225
1600.555,225
1600.608,226
1600.662,225
1600.716,225
1600.77,225
1600.823,226
1600.877,226
1600.931,226
1600.985,225
1601.038,225
1601.092,225
1601.146,226
1601.2,226
1601.253,225
1601.307,225
1601.361,226
1601.415,225
1601.469,226
1601.522,226
1601.576,225
1601.63,225
1601.684,225
1601.737,225
1601.791,225
1601.845,225
1601.899,225
1601.952,226
1602.054,225
1602.108,226
1602.162,225
1602.215,226
1602.269,226
1602.323,225
1602.377,226
1602.43,225
1602.484,226
1602.538,226
1602.592,225
1602.645,225
1602.699,225
1602.753,225
1602.807,226
1602.861,226
1602.914,226
1602.968,226
1603.022,226
1603.076,226
1603.129,226
1603.183,226
1603.237,226
1603.291,226
1603.344,226
1603.398,225
1603.452,225
1603.506,226
1603.559,226
1603.613,226
1603.667,225
1603.721,226
1603.774,226
1603.828,226
1603.882,226
1603.936,225
1603.989,226
1604.043,226
1604.097,225
1604.151,225
1604.205,225
1604.258,225
1604.312,225
1604.366,226
1604.42,225
1604.473,225
1604.527,225
1604.581,226
1604.635,226
1604.688,225
1604.742,225
1604.796,225
1604.85,225
1604.903,225
1604.957,226
1605.011,225
1605.065,225
1605.118,225
1605.172,225
1605.226,225
1605.28,225
1605.333,225
1605.387,225
1605.441,225
1605.495,225
1605.549,225
1605.602,225
1605.656,225
1605.71,225
1605.764,225
1605.817,225
1605.871,225
1605.925,225
1605.979,225
1606.032,225
1606.086,225
1606.14,225
1606.194,225
1606.247,225
1606.301,225
1606.355,226
1606.409,226
1606.462,225
1606.516,226
1606.57,226
1606.624,226
1606.677,225
1606.731,226
1606.785,226
1606.839,225
1606.893,225
1606.946,225
1607.0,225
1607.054,225
1607.108,225
1607.161,225
1607.215,225
1607.269,225
1607.323,226
1607.376,225
1607.484,225
1607.538,225
1607.591,225
1607.645,225
1607.699,225
1607.753,225
1607.806,225
1607.86,225
1607.914,225
1607.968,225
1608.021,225
1608.075,225
1608.129,225
1608.183,225
1608.237,225
1608.29,225
1608.344,225
1608.398,225
1608.452,225
1608.505,226
1608.559,225
1608.613,225
1608.667,225
1608.72,225
1608.774,225
1608.828,225
1608.882,225
1608.935,225
1608.989,225
1609.043,225
1609.097,225
1609.15,226
1609.204,226
1609.258,226
1609.312,225
1609.365,225
1609.419,225
1609.473,225
1609.527,225
1609.581,225
1609.634,225
1609.688,225
1609.742,225
1609.796,225
1609.849,225
1609.903,225
1609.957,225
1610.011,226
1610.064,225
1610.118,225
1610.172,225
1610.226,225
1610.279,225
1610.333,225
1610.387,225
1610.441,225
1610.494,225
1610.548,225
1610.602,225
1610.656,225
1610.709,225
1610.763,225
1610.817,225
1610.871,225
1610.925,225
1610.978,225
1611.032,225
1611.086,226
1611.14,225
1611.193,225
1611.247,225
1611.301,225
1611.355,226
1611.408,225
1611.462,225
1611.516,226
1611.57,225
1611.623,225
1611.677,225
1611.731,225
1611.785,226
1611.838,225
1611.892,226
1611.946,225
1612.0,226
1612.053,226
1612.107,225
1612.161,225
1612.215,226
1612.269,226
1612.322,225
1612.376,226
1612.43,226
1612.484,226
1612.537,225
1612.591,225
1612.645,226
1612.699,225
1612.752,225
1612.806,226
1612.908,225
1612.962,225
1613.015,225
1613.069,225
1613.123,225
1613.177,225
1613.23,225
1613.284,225
1613.338,225
1613.392,225
1613.445,225
1613.499,225
1613.553,225
1613.607,225
1613.661,225
1613.714,225
1613.768,225
1613.822,225
1613.876,225
1613.929,225
1613.983,225
1614.037,225
1614.091,225
1614.144,225
1614.198,225
1614.252,225
1614.306,225
1614.359,225
1614.413,225
1614.467,225
1614.521,225
1614.574,225
1614.628,225
1614.682,226
1614.736,226
1614.79,226
1614.843,226
1614.897,226
1614.951,226
1615.005,225
1615.058,226
1615.112,225
1615.166,225
1615.22,225
1615.273,225
1615.327,225
1615.381,225
1615.435,225
1615.488,225
1615.542,225
1615.596,226
1615.65,225
1615.703,226
1615.757,225
1615.811,225
1615.865,225
1615.918,226
1615.972,225
1616.026,225
1616.08,225
1616.133,225
1616.187,225
1616.241,225
1616.295,225
1616.349,225
1616.402,225
1616.456,225
1616.51,225
1616.564,225
1616.617,225
1616.671,225
1616.725,226
1616.779,225
1616.832,225
1616.886,225
1616.94,225
1616.994,225
1617.047,225
1617.101,225
1617.155,225
1617.209,225
1617.262,225
1617.316,226
1617.37,225
1617.424,225
1617.477,225
1617.531,225
1617.585,225
1617.639,225
1617.693,225
1617.746,225
1617.8,226
1617.854,225
1617.908,225
1617.961,225
1618.015,225
1618.069,225
1618.123,225
1618.176,226
1618.23,225
1618.332,225
1618.386,225
1618.439,225
1618.493,226
1618.547,225
1618.601,225
1618.654,226
1618.708,225
1618.762,226
1618.816,225
1618.87,226
1618.923,226
1618.977,226
1619.031,225
1619.085,225
1619.138,226
1619.192,226
1619.246,226
1619.3,225
1619.353,226
1619.407,226
1619.461,226
1619.515,225
1619.568,225
1619.622,225
1619.676,225
1619.73,226
1619.783,225
1619.837,226
1619.891,226
1619.945,225
1619.998,225
1620.052,225
1620.106,226
1620.16,226
1620.213,225
1620.267,225
1620.321,225
1620.375,226
1620.429,225
1620.482,226
1620.536,225
1620.59,226
1620.644,226
1620.697,226
1620.751,226
1620.805,226
1620.859,226
1620.912,226
1620.966,226
1621.02,226
1621.074,225
1621.127,225
1621.181,226
1621.235,226
1621.289,225
1621.342,225
1621.396,225
1621.45,225
1621.504,225
1621.557,225
1621.611,225
1621.665,226
1621.719,225
1621.773,225
1621.826,225
1621.88,225
1621.934,225
1621.988,225
1622.041,225
1622.095,226
1622.149,225
1622.203,225
1622.256,226
1622.31,226
1622.364,225
1622.418,225
1622.471,226
1622.525,226
1622.579,225
1622.633,225
1622.686,226
1622.74,226
1622.794,225
1622.848,226
1622.902,226
1622.955,226
1623.009,226
1623.063,225
1623.117,226
1623.17,226
1623.224,226
1623.278,226
1623.332,226
1623.385,225
1623.439,226
1623.493,225
1623.547,226
1623.6,225
1623.654,226
1623.762,226
1623.815,226
1623.869,226
1623.923,226
1623.977,226
1624.03,226
1624.084,226
1624.138,226
1624.192,226
1624.245,225
1624.299,225
1624.353,226
1624.407,226
1624.461,226
1624.514,226
1624.568,226
1624.622,226
1624.676,226
1624.729,226
1624.783,226
1624.837,226
1624.891,226
1624.944,225
1624.998,226
1625.052,226
1625.106,226
1625.159,226
1625.213,226
1625.267,226
1625.321,226
1625.374,226
1625.428,226
1625.482,226
1625.536,226
1625.59,226
1625.643,226
1625.697,226
1625.751,226
1625.805,225
1625.858,225
1625.912,226
1625.966,225
1626.02,225
1626.073,225
1626.127,226
1626.181,225
1626.235,225
1626.288,225
1626.342,226
1626.396,226
1626.45,226
1626.503,226
1626.557,226
1626.611,225
1626.665,226
1626.718,225
1626.772,226
1626.826,225
1626.88,226
1626.934,226
1626.987,226
1627.041,226
1627.095,225
1627.149,225
1627.202,226
1627.256,225
1627.31,225
1627.364,225
1627.417,225
1627.471,226
1627.525,225
1627.579,225
1627.632,225
1627.686,226
1627.74,225
1627.794,225
1627.847,225
1627.901,226
1627.955,226
1628.009,225
1628.062,225
1628.116,225
1628.17,225
1628.224,225
1628.277,225
1628.331,225
1628.385,226
1628.439,226
1628.493,226
1628.546,226
1628.6,226
1628.654,225
1628.708,226
1628.761,225
1628.815,226
1628.869,226
1628.923,226
1628.976,226
1629.03,226
1629.084,226
1629.186,226
1629.239,226
1629.293,226
1629.347,225
1629.401,226
1629.454,226
1629.508,225
1629.562,225
1629.616,226
1629.67,226
1629.723,226
1629.777,225
1629.831,225
1629.885,226
1629.938,226
1629.992,226
1630.046,226
1630.1,226
1630.153,226
1630.207,225
1630.261,225
1630.315,225
1630.368,226
1630.422,226
1630.476,226
1630.53,225
1630.583,225
1630.637,226
1630.691,226
1630.745,226
1630.798,226
1630.852,225
1630.906,225
1630.96,226
1631.014,226
1631.067,225
1631.121,225
1631.175,225
1631.229,225
1631.282,225
1631.336,225
1631.39,225
1631.444,225
1631.497,225
1631.551,225
1631.605,226
1631.659,225
1631.712,225
1631.766,226
1631.82,226
1631.874,225
1631.927,226
1631.981,226
1632.035,225
1632.089,225
1632.142,225
1632.196,226
1632.25,225
1632.304,225
1632.357,225
1632.411,226
1632.465,226
1632.519,226
1632.573,225
1632.626,226
1632.68,226
1632.734,225
1632.788,226
1632.841,226
1632.895,226
1632.949,225
1633.003,226
1633.056,226
1633.11,225
1633.164,226
1633.218,225
1633.271,226
1633.325,225
1633.379,225
1633.433,226
1633.486,225
1633.54,226
1633.594,225
1633.648,225
1633.702,226
1633.755,226
1633.809,226
1633.863,226
1633.917,226
1633.97,226
1634.024,226
1634.078,226
1634.132,226
1634.185,226
1634.239,225
1634.293,225
1634.347,225
1634.4,225
1634.454,225
1634.508,226
1634.61,225
1634.663,226
1634.717,226
1634.771,225
1634.825,225
1634.878,226
1634.932,226
1634.986,226
1635.04,226
1635.093,225
1635.147,226
1635.201,226
1635.255,225
1635.309,225
1635.362,226
1635.416,226
1635.47,226
1635.524,226
1635.577,225
1635.631,225
1635.685,226
1635.739,225
1635.792,225
1635.846,225
1635.9,225
1635.954,225
1636.007,225
1636.061,226
1636.115,226
1636.169,226
1636.222,226
1636.276,225
1636.33,225
1636.384,225
1636.437,226
1636.491,225
1636.545,226
1636.599,226
1636.653,226
1636.706,226
1636.76,226
1636.814,226
1636.868,226
1636.921,226
1636.975,225
1637.029,225
1637.083,225
1637.136,225
1637.19,225
1637.244,225
1637.298,225
1637.351,225
1637.405,226
1637.459,226
1637.513,226
1637.566,225
1637.62,225
1637.674,225
1637.728,225
1637.781,225
1637.835,225
1637.889,225
1637.943,225
1637.997,225
1638.05,225
1638.104,225
1638.158,225
1638.212,225
1638.265,225
1638.319,225
1638.373,225
1638.427,225
1638.48,225
1638.534,225
1638.588,225
1638.642,225
1638.695,225
1638.749,225
1638.803,225
1638.857,225
1638.91,225
1638.964,225
1639.018,225
1639.072,225
1639.125,225
1639.179,225
1639.233,225
1639.287,225
1639.341,225
1639.394,226
1639.448,226
1639.502,226
1639.556,226
1639.609,226
1639.663,225
1639.717,225
1639.771,226
1639.824,226
1639.878,225
1639.932,225
1640.039,225
1640.093,226
1640.147,225
1640.201,226
1640.254,226
1640.308,226
1640.362,225
1640.416,225
1640.47,226
1640.523,226
1640.577,226
1640.631,225
1640.685,226
1640.738,226
1640.792,226
1640.846,226
1640.9,225
1640.953,225
1641.007,225
1641.061,225
1641.115,225
1641.168,225
1641.222,225
1641.276,225
1641.33,225
1641.383,226
1641.437,225
1641.491,225
1641.545,225
1641.598,225
1641.652,225
1641.706,225
1641.76,225
1641.813,225
1641.867,225
1641.921,225
1641.975,225
1642.029,226
1642.082,226
1642.136,226
1642.19,226
1642.244,226
1642.297,225
1642.351,226
1642.405,226
1642.459,226
1642.512,226
1642.566,226
1642.62,226
1642.674,226
1642.727,226
1642.781,226
1642.835,226
1642.889,226
1642.942,226
1642.996,226
1643.05,226
1643.104,226
1643.158,226
1643.211,225
1643.265,226
1643.319,225
1643.373,225
1643.426,225
1643.48,225
1643.534,225
1643.588,225
1643.641,226
1643.695,225
1643.749,226
1643.803,226
1643.856,225
1643.91,225
1643.964,225
1644.018,226
1644.071,225
1644.125,225
1644.179,225
1644.233,225
1644.286,225
1644.34,225
1644.394,225
1644.448,225
1644.501,225
1644.555,225
1644.609,225
1644.663,225
1644.717,225
1644.77,226
1644.824,225
1644.878,225
1644.932,225
1644.985,225
1645.039,225
1645.093,226
1645.147,225
1645.2,225
1645.254,225
1645.308,226
1645.362,225
1645.463,225
1645.517,225
1645.571,225
1645.625,225
1645.678,226
1645.732,225
1645.786,226
1645.84,225
1645.894,226
1645.947,226
1646.001,226
1646.055,225
1646.109,225
1646.162,225
1646.216,225
1646.27,226
1646.324,226
1646.377,226
1646.431,226
1646.485,226
1646.539,225
1646.592,225
1646.646,226
1646.7,226
1646.754,226
1646.807,226
1646.861,226
1646.915,225
1646.969,225
1647.022,225
1647.076,225
1647.13,225
1647.184,225
1647.237,226
1647.291,225
1647.345,226
1647.399,226
1647.453,225
1647.506,226
1647.56,225
1647.614,225
1647.668,225
1647.721,225
1647.775,225
1647.829,225
1647.883,225
1647.936,225
1647.99,225
1648.044,226
1648.098,225
1648.151,225
1648.205,226
1648.259,225
1648.313,225
1648.366,225
1648.42,226
1648.474,225
1648.528,225
1648.581,225
1648.635,225
1648.689,225
1648.743,225
1648.797,226
1648.85,226
1648.904,225
1648.958,226
1649.012,226
1649.065,226
1649.119,226
1649.173,225
1649.227,225
1649.28,225
1649.334,225
1649.388,226
1649.442,226
1649.495,226
1649.549,226
1649.603,225
1649.657,225
1649.71,226
1649.764,225
1649.818,225
1649.872,225
1649.925,225
1649.979,225
1650.033,225
1650.087,225
1650.141,225
1650.194,226
1650.248,225
1650.302,225
1650.356,225
1650.409,225
1650.463,225
1650.517,225
1650.571,225
1650.624,225
1650.678,225
1650.732,225
1650.786,225
1650.887,225
1650.941,225
1650.995,226
1651.049,225
1651.102,226
1651.156,225
1651.21,225
1651.264,225
1651.317,225
1651.371,225
1651.425,225
1651.479,225
1651.533,225
1651.586,225
1651.64,225
1651.694,226
1651.748,225
1651.801,225
1651.855,226
1651.909,225
1651.963,225
1652.016,225
1652.07,226
1652.124,225
1652.178,226
1652.231,225
1652.285,226
1652.339,225
1652.393,225
1652.446,225
1652.5,225
1652.554,226
1652.608,226
1652.662,226
1652.715,225
1652.769,225
1652.823,225
1652.877,225
1652.93,225
1652.984,225
1653.038,225
1653.092,225
1653.145,225
1653.199,225
1653.253,225
1653.307,225
1653.36,225
1653.414,225
1653.468,225
1653.522,225
1653.575,225
1653.629,225
1653.683,225
1653.737,225
1653.79,225
1653.844,225
1653.898,225
1653.952,225
1654.005,225
1654.059,225
1654.113,225
1654.167,225
1654.221,226
1654.274,225
1654.328,225
1654.382,225
1654.436,226
1654.489,225
1654.543,226
1654.597,226
1654.651,225
1654.704,225
1654.758,225
1654.812,225
1654.866,225
1654.919,225
1654.973,225
1655.027,225
1655.081,225
1655.134,225
1655.188,225
1655.242,225
1655.296,225
1655.349,225
1655.403,225
1655.457,225
1655.511,226
1655.565,226
1655.618,226
1655.672,225
1655.726,225
1655.78,225
1655.833,225
1655.887,225
1655.941,225
1655.995,225
1656.048,225
1656.102,226
1656.156,225
1656.21,225
1656.317,225
1656.371,225
1656.425,225
1656.478,225
1656.532,225
1656.586,225
1656.64,225
1656.693,225
1656.747,225
1656.801,225
1656.855,225
1656.909,225
1656.962,225
1657.016,225
1657.07,225
1657.124,225
1657.177,225
1657.231,225
1657.285,225
1657.339,225
1657.392,225
1657.446,225
1657.5,225
1657.554,226
1657.607,226
1657.661,226
1657.715,226
1657.769,225
1657.822,225
1657.876,225
1657.93,225
1657.984,225
1658.037,225
1658.091,226
1658.145,225
1658.199,225
1658.253,225
1658.306,225
1658.36,225
1658.414,225
1658.468,225
1658.521,225
1658.575,225
1658.629,225
1658.683,225
1658.736,225
1658.79,225
1658.844,226
1658.898,225
1658.951,226
1659.005,225
1659.059,226
1659.113,225
1659.166,226
1659.22,225
1659.274,225
1659.328,226
1659.381,225
1659.435,225
1659.489,225
1659.543,225
1659.597,225
1659.65,225
1659.704,226
1659.758,225
1659.812,225
1659.865,225
1659.919,225
1659.973,225
1660.027,225
1660.08,225
1660.134,226
1660.188,225
1660.242,226
1660.295,225
1660.349,225
1660.403,225
1660.457,226
1660.51,225
1660.564,225
1660.618,225
1660.672,226
1660.726,226
1660.779,226
1660.833,226
1660.887,225
1660.941,226
1660.994,226
1661.048,226
1661.102,226
1661.156,226
1661.209,226
1661.263,225
1661.317,225
1661.371,226
1661.424,225
1661.478,225
1661.532,225
1661.586,226
1661.639,225
1661.741,226
1661.795,226
1661.849,225
1661.902,226
1661.956,226
1662.01,225
1662.064,225
1662.117,225
1662.171,226
1662.225,226
1662.279,226
1662.333,225
1662.386,226
1662.44,226
1662.494,226
1662.548,226
1662.601,225
1662.655,226
1662.709,226
1662.763,226
1662.816,225
1662.87,225
1662.924,225
1662.978,225
1663.031,225
1663.085,226
1663.139,225
1663.193,226
1663.246,225
1663.3,226
1663.354,226
1663.408,226
1663.462,226
1663.515,226
1663.569,225
1663.623,225
1663.676,222
1663.725,159
1663.775,150
1663.823,142
1663.872,134
1663.919,127
1663.967,119
1664.014,112
1664.06,104
1664.106,93
1664.151,83
1664.196,76
1664.241,70
1664.285,66
1664.329,64
1664.373,64
1664.417,65
1664.461,65
1664.505,65
1664.549,63
1664.593,60
1664.637,57
1664.681,58
1664.724,60
1664.768,62
1664.813,70
1664.859,106
1664.905,106
1664.952,121
1665.0,139
1665.053,226
1665.107,225
1665.161,226
1665.214,226
1665.268,225
1665.322,226
1665.376,226
1665.43,226
1665.483,226
1665.537,225
1665.591,225
1665.645,226
1665.698,226
1665.752,225
1665.806,225
1665.86,225
1665.913,226
1665.967,225
1666.021,226
1666.075,226
1666.128,225
1666.182,226
1666.236,225
1666.29,225
1666.343,226
1666.397,225
1666.451,226
1666.505,226
1666.558,225
1666.612,225
1666.666,225
1666.72,226
1666.774,226
1666.827,225
1666.929,226
1666.983,225
1667.037,226
1667.09,225
1667.144,225
1667.198,225
1667.252,226
1667.305,225
1667.359,226
1667.413,226
1667.467,225
1667.52,225
1667.574,225
1667.628,225
1667.682,225
1667.735,225
1667.789,226
1667.843,226
1667.897,226
1667.95,225
1668.004,226
1668.058,225
1668.112,225
1668.166,226
1668.219,225
1668.273,226
1668.327,226
1668.381,225
1668.434,225
1668.488,225
1668.542,225
1668.596,225
1668.649,225
1668.703,225
1668.757,225
1668.811,225
1668.864,225
1668.918,225
1668.972,225
1669.026,226
1669.079,226
1669.133,226
1669.187,226
1669.241,226
1669.294,226
1669.348,225
1669.402,225
1669.456,225
1669.51,226
1669.563,225
1669.617,225
1669.671,225
1669.725,225
1669.778,225
1669.832,226
1669.886,226
1669.94,226
1669.993,226
1670.047,226
1670.101,226
1670.155,226
1670.208,226
1670.262,226
1670.316,226
1670.37,225
1670.423,225
1670.477,225
1670.531,225
1670.585,225
1670.638,225
1670.692,225
1670.746,225
1670.8,225
1670.854,226
1670.907,226
1670.961,226
1671.015,226
1671.069,226
1671.122,226
1671.176,225
1671.23,225
1671.284,225
1671.337,226
1671.391,226
1671.445,225
1671.499,226
1671.552,225
1671.606,225
1671.66,225
1671.714,225
1671.767,225
1671.821,225
1671.875,225
1671.929,225
1671.982,225
1672.036,225
1672.09,225
1672.144,225
1672.198,226
1672.251,226
1672.359,226
1672.413,226
1672.466,226
1672.52,225
1672.574,225
1672.628,226
1672.681,226
1672.735,226
1672.789,226
1672.843,226
1672.896,226
1672.95,225
1673.004,225
1673.058,225
1673.111,225
1673.165,225
1673.219,225
1673.273,226
1673.326,225
1673.38,225
1673.434,226
1673.488,226
1673.541,225
1673.595,225
1673.649,225
1673.703,225
1673.757,225
1673.81,225
1673.864,226
1673.918,226
1673.972,226
1674.025,226
1674.079,225
1674.133,225
1674.187,225
1674.24,225
1674.294,226
1674.348,226
1674.402,226
1674.455,226
1674.509,226
1674.563,226
1674.617,225
1674.67,225
1674.724,226
1674.778,225
1674.832,226
1674.885,225
1674.939,225
1674.993,225
1675.047,226
1675.101,226
1675.154,226
1675.208,226
1675.262,226
1675.316,226
1675.369,225
1675.423,225
1675.477,225
1675.531,225
1675.584,225
1675.638,225
1675.692,225
1675.746,225
1675.799,226
1675.853,226
1675.907,226
1675.961,225
1676.014,225
1676.068,225
1676.122,225
1676.176,226
1676.23,226
1676.283,226
1676.337,226
1676.391,226
1676.445,225
1676.498,226
1676.552,226
1676.606,226
1676.66,225
1676.713,225
1676.767,225
1676.821,225
1676.875,225
1676.928,225
1676.982,225
1677.036,226
1677.09,225
1677.143,225
1677.197,225
1677.251,226
1677.305,226
1677.358,225
1677.412,225
1677.466,225
1677.52,226
1677.573,225
1677.627,226
1677.681,226
1677.799,226
1677.853,226
1677.907,225
1677.96,226
1678.014,225
1678.068,225
1678.122,225
1678.175,225
1678.229,225
1678.283,225
1678.337,225
1678.39,225
1678.444,225
1678.498,225
1678.552,226
1678.605,226
1678.659,226
1678.713,226
1678.767,225
1678.821,225
1678.874,226
1678.928,226
1678.982,225
1679.036,226
1679.089,226
1679.143,225
1679.197,225
1679.251,225
1679.304,226
1679.358,226
1679.412,226
1679.466,226
1679.519,225
1679.573,225
1679.627,226
1679.681,225
1679.734,225
1679.788,226
1679.842,226
1679.896,226
1679.949,225
1680.003,225
1680.057,225
1680.111,225
1680.165,225
1680.218,225
1680.272,226
1680.326,226
1680.38,225
1680.433,225
1680.487,226
1680.541,226
1680.595,225
1680.648,225
1680.702,225
1680.756,225
1680.81,225
1680.863,225
1680.917,225
1680.971,226
1681.025,226
1681.078,226
1681.132,226
1681.186,226
1681.24,225
1681.293,225
1681.347,226
1681.401,225
1681.455,225
1681.509,225
1681.562,225
1681.616,225
1681.67,225
1681.724,225
1681.777,226
1681.831,226
1681.885,225
1681.939,225
1681.992,225
1682.046,225
1682.1,225
1682.154,225
1682.207,225
1682.261,225
1682.315,225
1682.369,225
1682.422,226
1682.476,225
1682.53,225
1682.584,226
1682.637,225
1682.691,225
1682.745,225
1682.799,225
1682.853,226
1682.906,225
1682.96,225
1683.014,225
1683.068,225
1683.121,225
1683.223,225
1683.277,226
1683.331,226
1683.384,226
1683.438,226
1683.492,226
1683.546,226
1683.599,225
1683.653,225
1683.707,225
1683.761,225
1683.814,225
1683.868,225
1683.922,226
1683.976,225
1684.029,225
1684.083,226
1684.137,226
1684.191,226
1684.245,226
1684.298,226
1684.352,226
1684.406,225
1684.46,225
1684.513,226
1684.567,225
1684.621,226
1684.675,225
1684.728,225
1684.782,226
1684.836,225
1684.89,225
1684.943,225
1684.997,225
1685.051,226
1685.105,226
1685.158,226
1685.212,226
1685.266,226
1685.32,226
1685.374,226
1685.427,226
1685.481,226
1685.535,225
1685.589,225
1685.642,225
1685.696,226
1685.75,226
1685.804,226
1685.857,226
1685.911,225
1685.965,225
1686.019,225
1686.072,225
1686.126,225
1686.18,225
1686.234,226
1686.287,226
1686.341,226
1686.395,226
1686.449,226
1686.502,225
1686.556,225
1686.61,226
1686.664,226
1686.717,225
1686.771,226
1686.825,226
1686.879,226
1686.933,226
1686.986,226
1687.04,225
1687.094,226
1687.148,226
1687.201,225
1687.255,225
1687.309,225
1687.363,225
1687.416,226
1687.47,225
1687.524,225
1687.578,226
1687.631,226
1687.685,226
1687.739,226
1687.793,226
1687.846,226
1687.9,225
1687.954,226
1688.008,225
1688.061,225
1688.115,226
1688.169,226
1688.223,226
1688.277,226
1688.33,225
1688.384,226
1688.438,225
1688.492,225
1688.545,225
1688.653,226
1688.707,226
1688.76,226
1688.814,226
1688.868,226
1688.922,226
1688.975,225
1689.029,226
1689.083,226
1689.137,226
1689.19,226
1689.244,226
1689.298,226
1689.352,226
1689.406,226
1689.459,225
1689.513,225
1689.567,225
1689.621,226
1689.674,226
1689.728,226
1689.782,226
1689.836,226
1689.889,225
1689.943,226
1689.997,225
1690.051,225
1690.104,225
1690.158,226
1690.212,226
1690.266,225
1690.319,225
1690.373,225
1690.427,225
1690.481,225
1690.534,225
1690.588,225
1690.642,225
1690.696,225
1690.749,225
1690.803,226
1690.857,226
1690.911,225
1690.965,226
1691.018,226
1691.072,225
1691.126,225
1691.18,225
1691.233,226
1691.287,226
1691.341,225
1691.395,226
1691.448,225
1691.502,226
1691.556,225
1691.61,225
1691.663,225
1691.717,225
1691.771,226
1691.825,226
1691.878,226
1691.932,226
1691.986,225
1692.04,225
1692.093,225
1692.147,226
1692.201,225
1692.255,225
1692.309,226
1692.362,225
1692.416,225
1692.47,226
1692.524,226
1692.577,226
1692.631,226
1692.685,226
1692.739,226
1692.792,226
1692.846,226
1692.9,226
1692.954,226
1693.007,225
1693.061,225
1693.115,225
1693.169,225
1693.222,226
1693.276,225
1693.33,226
1693.384,226
1693.437,225
1693.491,225
1693.545,225
1693.599,226
1693.653,226
1693.706,226
1693.76,226
1693.814,225
1693.868,225
1693.921,226
1693.975,226
1694.077,225
1694.131,225
1694.184,225
1694.238,225
1694.292,225
1694.346,226
1694.399,225
1694.453,225
1694.507,225
1694.561,226
1694.614,226
1694.668,225
1694.722,225
1694.776,226
1694.829,225
1694.883,226
1694.937,226
1694.991,226
1695.045,225
1695.098,225
1695.152,225
1695.206,225
1695.26,226
1695.313,226
1695.367,226
1695.421,226
1695.475,226
1695.528,225
1695.582,225
1695.636,226
1695.69,226
1695.743,225
1695.797,225
1695.851,226
1695.905,225
1695.958,226
1696.012,226
1696.066,226
1696.12,226
1696.174,226
1696.227,226
1696.281,226
1696.335,226
1696.389,225
1696.442,226
1696.496,225
1696.55,225
1696.604,226
1696.657,226
1696.711,226
1696.765,225
1696.819,226
1696.872,226
1696.926,226
1696.98,225
1697.034,226
1697.087,226
1697.141,225
1697.195,225
1697.249,226
1697.302,226
1697.356,226
1697.41,226
1697.464,225
1697.517,226
1697.571,226
1697.625,226
1697.679,226
1697.733,226
1697.786,226
1697.84,226
1697.894,225
1697.948,226
1698.001,226
1698.055,225
1698.109,225
1698.163,225
1698.216,225
1698.27,225
1698.324,225
1698.378,225
1698.431,225
1698.485,226
1698.539,226
1698.593,226
1698.646,226
1698.7,226
1698.754,226
1698.808,225
1698.861,225
1698.915,225
1698.969,225
1699.023,226
1699.077,226
1699.13,226
1699.184,226
1699.238,226
1699.292,226
1699.345,226
1699.399,226
1699.501,226
1699.555,225
1699.608,225
1699.662,226
1699.716,226
1699.77,226
1699.823,226
1699.877,225
1699.931,225
1699.985,225
1700.038,225
1700.092,226
1700.146,225
1700.2,226
1700.253,225
1700.307,225
1700.361,225
1700.415,226
1700.469,226
1700.522,226
1700.576,225
1700.63,225
1700.684,225
1700.737,225
1700.791,226
1700.845,226
1700.899,225
1700.952,225
1701.006,226
1701.06,225
1701.114,225
1701.167,225
1701.221,226
1701.275,225
1701.329,225
1701.382,226
1701.436,226
1701.49,225
1701.544,226
1701.597,225
1701.651,225
1701.705,225
1701.759,225
1701.813,225
1701.866,225
1701.92,225
1701.974,226
1702.028,226
1702.081,226
1702.135,226
1702.189,225
1702.243,225
1702.296,225
1702.35,225
1702.404,225
1702.458,225
1702.511,225
1702.565,225
1702.619,225
1702.673,225
1702.726,226
1702.78,225
1702.834,225
1702.888,225
1702.941,225
1702.995,225
1703.049,225
1703.103,226
1703.157,226
1703.21,226
1703.264,225
1703.318,225
1703.372,225
1703.425,226
1703.479,225
1703.533,225
1703.587,225
1703.64,225
1703.694,226
1703.748,226
1703.802,226
1703.855,226
1703.909,226
1703.963,226
1704.017,226
1704.07,225
1704.124,225
1704.178,225
1704.232,225
1704.286,226
1704.339,226
1704.393,226
1704.447,226
1704.501,225
1704.554,225
1704.608,226
1704.662,225
1704.716,226
1704.769,225
1704.823,225
1704.931,225
1704.984,226
1705.038,225
1705.092,225
1705.146,225
1705.199,225
1705.253,225
1705.307,225
1705.361,225
1705.414,226
1705.468,225
1705.522,226
1705.576,226
1705.629,225
1705.683,225
1705.737,225
1705.791,225
1705.845,225
1705.898,225
1705.952,226
1706.006,226
1706.06,226
1706.113,226
1706.167,225
1706.221,225
1706.275,225
1706.328,225
1706.382,226
1706.436,225
1706.49,225
1706.543,225
1706.597,226
1706.651,226
1706.705,226
1706.758,226
1706.812,226
1706.866,226
1706.92,226
1706.974,226
1707.027,225
1707.081,225
1707.135,226
1707.189,226
1707.242,226
1707.296,226
1707.35,226
1707.404,225
1707.457,225
1707.511,225
1707.565,226
1707.619,226
1707.672,225
1707.726,226
1707.78,226
1707.834,225
1707.887,225
1707.941,225
1707.995,225
1708.049,225
1708.102,225
1708.156,226
1708.21,226
1708.264,225
1708.318,226
1708.371,225
1708.425,226
1708.479,226
1708.533,226
1708.586,226
1708.64,225
1708.694,225
1708.748,225
1708.801,226
1708.855,226
1708.909,226
1708.963,226
1709.016,226
1709.07,226
1709.124,226
1709.178,226
1709.231,226
1709.285,226
1709.339,225
1709.393,225
1709.446,226
1709.5,225
1709.554,225
1709.608,225
1709.661,225
1709.715,226
1709.769,225
1709.823,225
1709.877,226
1709.93,226
1709.984,226
1710.038,225
1710.092,225
1710.145,225
1710.199,225
1710.253,225
1710.355,225
1710.408,226
1710.462,226
1710.516,226
1710.57,226
1710.623,226
1710.677,225
1710.731,226
1710.785,226
1710.838,226
1710.892,226
1710.946,226
1711.0,227
1711.054,226
1711.107,226
1711.161,226
1711.215,226
1711.269,225
1711.322,225
1711.376,225
1711.43,226
1711.484,225
1711.537,226
1711.591,226
1711.645,225
1711.699,225
1711.752,225
1711.806,226
1711.86,225
1711.914,225
1711.967,225
1712.021,226
1712.075,226
1712.129,226
1712.182,225
1712.236,225
1712.29,226
1712.344,226
1712.398,226
1712.451,226
1712.505,225
1712.559,225
1712.613,226
1712.666,226
1712.72,226
1712.774,226
1712.828,226
1712.881,226
1712.935,226
1712.989,226
1713.043,226
1713.096,226
1713.15,226
1713.204,226
1713.258,226
1713.311,226
1713.365,226
1713.419,226
1713.473,226
1713.526,226
1713.58,226
1713.634,226
1713.688,226
1713.742,226
1713.795,226
1713.849,225
1713.903,226
1713.957,226
1714.01,226
1714.064,225
1714.118,225
1714.172,225
1714.225,226
1714.279,226
1714.333,225
1714.387,225
1714.44,226
1714.494,226
1714.548,226
1714.602,226
1714.655,226
1714.709,226
1714.763,226
1714.817,226
1714.87,226
1714.924,226
1714.978,226
1715.032,225
1715.086,226
1715.139,226
1715.193,226
1715.247,226
1715.301,226
1715.354,226
1715.408,226
1715.462,226
1715.516,226
1715.569,226
1715.623,226
1715.677,225
1715.779,225
1715.832,225
1715.886,226
1715.94,226
1715.994,226
1716.047,226
1716.101,226
1716.155,225
1716.209,225
1716.262,225
1716.316,225
1716.37,225
1716.424,225
1716.478,226
1716.531,225
1716.585,226
1716.639,225
1716.693,225
1716.746,226
1716.8,225
1716.854,226
1716.908,226
1716.961,226
1717.015,226
1717.069,226
1717.123,226
1717.176,226
1717.23,226
1717.284,225
1717.338,226
1717.391,226
1717.445,225
1717.499,226
1717.553,226
1717.606,226
1717.66,225
1717.714,226
1717.768,225
1717.821,225
1717.875,226
1717.929,226
1717.983,225
1718.037,226
1718.09,226
1718.144,226
1718.198,225
1718.252,226
1718.305,226
1718.359,225
1718.413,225
1718.467,225
1718.52,225
1718.574,226
1718.628,226
1718.682,226
1718.735,226
1718.789,225
1718.843,226
1718.897,226
1718.95,226
1719.004,226
1719.058,226
1719.112,226
1719.166,226
1719.219,226
1719.273,225
1719.327,226
1719.381,225
1719.434,225
1719.488,226
1719.542,226
1719.596,226
1719.649,225
1719.703,225
1719.757,225
1719.811,225
1719.864,226
1719.918,226
1719.972,226
1720.026,226
1720.079,226
1720.133,226
1720.187,226
1720.241,225
1720.294,226
1720.348,225
1720.402,225
1720.456,226
1720.509,225
1720.563,225
1720.617,226
1720.671,226
1720.725,225
1720.778,225
1720.832,226
1720.886,226
1720.94,225
1720.993,226
1721.047,226
1721.101,226
1721.208,225
1721.262,226
1721.316,226
1721.37,225
1721.423,226
1721.477,226
1721.531,225
1721.585,226
1721.638,225
1721.692,226
1721.746,226
1721.8,226
1721.854,226
1721.907,226
1721.961,226
1722.015,226
1722.069,226
1722.122,226
1722.176,226
1722.23,225
1722.284,226
1722.337,225
1722.391,226
1722.445,225
1722.499,225
1722.552,226
1722.606,226
1722.66,225
1722.714,225
1722.767,225
1722.821,225
1722.875,226
1722.929,226
1722.982,226
1723.036,226
1723.09,226
1723.144,226
1723.198,226
1723.251,226
1723.305,226
1723.359,226
1723.413,226
1723.466,226
1723.52,225
1723.574,225
1723.628,226
1723.681,225
1723.735,226
1723.789,225
1723.843,225
1723.896,226
1723.95,226
1724.004,226
1724.058,225
1724.111,226
1724.165,225
1724.219,226
1724.273,226
1724.326,226
1724.38,226
1724.434,225
1724.488,225
1724.541,225
1724.595,225
1724.649,226
1724.703,226
1724.757,226
1724.81,225
1724.864,225
1724.918,226
1724.972,226
1725.025,225
1725.079,226
1725.133,226
1725.187,226
1725.24,225
1725.294,226
1725.348,225
1725.402,225
1725.455,225
1725.509,226
1725.563,225
1725.617,225
1725.67,225
1725.724,225
1725.778,225
1725.832,226
1725.885,225
1725.939,225
1725.993,226
1726.047,226
1726.101,226
1726.154,226
1726.208,225
1726.262,225
1726.316,225
1726.369,226
1726.423,226
1726.477,225
1726.531,226
1726.632,226
1726.686,225
1726.74,226
1726.794,225
1726.847,225
1726.901,226
1726.955,225
1727.009,225
1727.062,225
1727.116,226
1727.17,225
1727.224,225
1727.278,226
1727.331,226
1727.385,226
1727.439,226
1727.493,226
1727.546,226
1727.6,226
1727.654,225
1727.708,225
1727.761,225
1727.815,225
1727.869,225
1727.923,225
1727.976,225
1728.03,226
1728.084,226
1728.138,226
1728.191,226
1728.245,226
1728.299,225
1728.353,226
1728.406,225
1728.46,225
1728.514,226
1728.568,225
1728.621,225
1728.675,225
1728.729,225
1728.783,225
1728.837,225
1728.89,225
1728.944,226
1728.998,226
1729.052,226
1729.105,225
1729.159,226
1729.213,226
1729.267,226
1729.32,226
1729.374,226
1729.428,226
1729.482,225
1729.535,226
1729.589,225
1729.643,226
1729.697,226
1729.75,226
1729.804,226
1729.858,226
1729.912,225
1729.965,225
1730.019,226
1730.073,226
1730.127,226
1730.181,225
1730.234,225
1730.288,225
1730.342,226
1730.396,226
1730.449,226
1730.503,226
1730.557,225
1730.611,225
1730.664,226
1730.718,226
1730.772,226
1730.826,225
1730.879,225
1730.933,226
1730.987,225
1731.041,225
1731.094,226
1731.148,226
1731.202,226
1731.256,225
1731.309,225
1731.363,226
1731.417,226
1731.471,225
1731.525,226
1731.578,225
1731.632,225
1731.686,225
1731.74,226
1731.793,226
1731.847,226
1731.901,226
1731.955,226
1732.056,226
1732.11,226
1732.164,226
1732.218,225
1732.271,226
1732.325,225
1732.379,226
1732.433,226
1732.486,225
1732.54,225
1732.594,225
1732.648,225
1732.701,225
1732.755,225
1732.809,226
1732.863,226
1732.917,226
1732.97,225
1733.024,225
1733.078,226
1733.132,225
1733.185,226
1733.239,225
1733.293,226
1733.347,226
1733.4,225
1733.454,226
1733.508,225
1733.562,226
1733.615,226
1733.669,226
1733.723,226
1733.777,225
1733.83,225
1733.884,226
1733.938,226
1733.992,226
1734.045,225
1734.099,225
1734.153,226
1734.207,225
1734.261,226
1734.314,226
1734.368,226
1734.422,226
1734.476,226
1734.529,226
1734.583,226
1734.637,225
1734.691,225
1734.744,226
1734.798,226
1734.852,226
1734.906,225
1734.959,225
1735.013,225
1735.067,225
1735.121,226
1735.174,226
1735.228,226
1735.282,225
1735.336,226
1735.389,225
1735.443,225
1735.497,226
1735.551,225
1735.605,225
1735.658,225
1735.712,225
1735.766,225
1735.82,225
1735.873,225
1735.927,225
1735.981,225
1736.035,226
1736.088,226
1736.142,226
1736.196,225
1736.25,225
1736.303,225
1736.357,225
1736.411,225
1736.465,225
1736.518,225
1736.572,226
1736.626,226
1736.68,226
1736.734,226
1736.787,225
1736.841,226
1736.895,225
1736.949,226
1737.002,226
1737.056,225
1737.11,225
1737.164,226
1737.217,225
1737.271,225
1737.325,225
1737.379,225
1737.486,226
1737.54,225
1737.594,225
1737.647,225
1737.701,225
1737.755,225
1737.809,226
1737.862,225
1737.916,225
1737.97,225
1738.024,226
1738.077,225
1738.131,225
1738.185,225
1738.239,225
1738.293,225
1738.346,225
1738.4,225
1738.454,226
1738.508,225
1738.561,225
1738.615,225
1738.669,225
1738.723,225
1738.776,225
1738.83,225
1738.884,225
1738.938,226
1738.991,226
1739.045,225
1739.099,225
1739.153,225
1739.206,226
1739.26,225
1739.314,225
1739.368,225
1739.421,225
1739.475,225
1739.529,226
1739.583,226
1739.637,226
1739.69,226
1739.744,226
1739.798,226
1739.852,226
1739.905,225
1739.959,225
1740.013,225
1740.067,226
1740.12,226
1740.174,226
1740.228,225
1740.282,226
1740.335,226
1740.389,226
1740.443,226
1740.497,226
1740.55,226
1740.604,225
1740.658,225
1740.712,225
1740.765,225
1740.819,225
1740.873,225
1740.927,225
1740.981,225
1741.034,225
1741.088,225
1741.142,226
1741.196,226
1741.249,226
1741.303,226
1741.357,226
1741.411,226
1741.464,226
1741.518,226
1741.572,225
1741.626,226
1741.679,225
1741.733,225
1741.787,225
1741.841,225
1741.894,226
1741.948,226
1742.002,225
1742.056,226
1742.109,225
1742.163,226
1742.217,225
1742.271,226
1742.325,226
1742.378,225
1742.432,226
1742.486,226
1742.54,226
1742.593,225
1742.647,226
1742.701,226
1742.755,226
1742.808,226
1742.91,226
1742.964,226
1743.018,226
1743.071,225
1743.125,225
1743.179,226
1743.233,226
1743.286,226
1743.34,226
1743.394,226
1743.448,226
1743.502,226
1743.555,226
1743.609,226
1743.663,226
1743.717,226
1743.77,226
1743.824,225
1743.878,225
1743.932,226
1743.985,226
1744.039,226
1744.093,226
1744.147,226
1744.2,225
1744.254,225
1744.308,225
1744.362,225
1744.415,225
1744.469,226
1744.523,226
1744.577,226
1744.63,226
1744.684,225
1744.738,226
1744.792,225
1744.845,225
1744.899,226
1744.953,225
1745.007,225
1745.061,225
1745.114,225
1745.168,225
1745.222,225
1745.276,225
1745.329,226
1745.383,226
1745.437,225
1745.491,225
1745.544,225
1745.598,225
1745.652,225
1745.706,225
1745.759,225
1745.813,225
1745.867,225
1745.921,225
1745.974,226
1746.028,225
1746.082,225
1746.136,225
1746.189,225
1746.243,225
1746.297,225
1746.351,225
1746.405,225
1746.458,226
1746.512,225
1746.566,226
1746.62,225
1746.673,225
1746.727,225
1746.781,225
1746.835,225
1746.888,226
1746.942,225
1746.996,225
1747.05,225
1747.103,225
1747.157,226
1747.211,226
1747.265,225
1747.318,225
1747.372,225
1747.426,226
1747.48,225
1747.533,225
1747.587,226
1747.641,226
1747.695,226
1747.749,226
1747.802,225
1747.856,225
1747.91,225
1747.964,225
1748.017,225
1748.071,225
1748.125,225
1748.179,225
1748.232,225
1748.334,225
1748.388,225
1748.442,225
1748.495,225
1748.549,225
1748.603,225
1748.657,225
1748.71,225
1748.764,225
1748.818,225
1748.872,225
1748.925,225
1748.979,225
1749.033,226
1749.087,225
1749.141,225
1749.194,225
1749.248,225
1749.302,225
1749.356,225
1749.409,225
1749.463,225
1749.517,226
1749.571,225
1749.624,225
1749.678,225
1749.732,225
1749.786,226
1749.839,226
1749.893,225
1749.947,225
1750.001,225
1750.054,225
1750.108,225
1750.162,225
1750.216,226
1750.269,225
1750.323,225
1750.377,225
1750.431,225
1750.485,225
1750.538,225
1750.592,225
1750.646,226
1750.7,225
1750.753,226
1750.807,226
1750.861,226
1750.915,226
1750.968,225
1751.022,225
1751.076,225
1751.13,225
1751.183,225
1751.237,226
1751.291,225
1751.345,225
1751.398,225
1751.452,225
1751.506,225
1751.56,225
1751.613,225
1751.667,225
1751.721,226
1751.775,225
1751.829,225
1751.882,225
1751.936,225
1751.99,225
1752.044,225
1752.097,225
1752.151,226
1752.205,226
1752.259,225
1752.312,225
1752.366,225
1752.42,226
1752.474,226
1752.527,225
1752.581,225
1752.635,226
1752.689,225
1752.742,226
1752.796,226
1752.85,225
1752.904,225
1752.957,225
1753.011,225
1753.065,225
1753.119,225
1753.173,225
1753.226,225
1753.28,226
1753.334,225
1753.388,226
1753.441,226
1753.495,225
1753.549,226
1753.603,226
1753.656,225
1753.764,225
1753.818,225
1753.871,226
1753.925,225
1753.979,225
1754.033,225
1754.086,225
1754.14,225
1754.194,226
1754.248,226
1754.301,225
1754.355,225
1754.409,225
1754.463,225
1754.517,225
1754.57,226
1754.624,225
1754.678,225
1754.732,225
1754.785,225
1754.839,225
1754.893,225
1754.947,225
1755.0,226
1755.054,225
1755.108,226
1755.162,226
1755.215,226
1755.269,225
1755.323,225
1755.377,225
1755.43,225
1755.484,226
1755.538,226
1755.592,226
1755.646,226
1755.699,225
1755.753,226
1755.807,226
1755.861,225
1755.914,225
1755.968,225
1756.022,225
1756.076,225
1756.129,225
1756.183,226
1756.237,225
1756.291,225
1756.344,226
1756.398,226
1756.452,225
1756.506,225
1756.559,226
1756.613,225
1756.667,226
1756.721,226
1756.774,226
1756.828,225
1756.882,225
1756.936,225
1756.99,226
1757.043,226
1757.097,225
1757.151,225
1757.205,225
1757.258,225
1757.312,225
1757.366,225
1757.42,225
1757.473,225
1757.527,226
1757.581,226
1757.635,226
1757.688,226
1757.742,225
1757.796,225
1757.85,225
1757.903,225
1757.957,225
1758.011,225
1758.065,225
1758.118,225
1758.172,226
1758.226,226
1758.28,226
1758.333,225
1758.387,226
1758.441,225
1758.495,225
1758.549,225
1758.602,225
1758.656,226
1758.71,226
1758.764,226
1758.817,225
1758.871,226
1758.925,225
1758.979,225
1759.032,225
1759.086,226
1759.188,225
1759.242,225
1759.295,225
1759.349,225
1759.403,225
1759.457,225
1759.51,225
1759.564,226
1759.618,225
1759.672,225
1759.726,226
1759.779,225
1759.833,225
1759.887,226
1759.941,226
1759.994,225
1760.048,225
1760.102,225
1760.156,225
1760.209,225
1760.263,225
1760.317,225
1760.371,225
1760.424,225
1760.478,225
1760.532,225
1760.586,225
1760.639,226
1760.693,225
1760.747,226
1760.801,226
1760.854,226
1760.908,226
1760.962,225
1761.016,226
1761.07,226
1761.123,226
1761.177,226
1761.231,226
1761.285,226
1761.338,226
1761.392,226
1761.446,226
1761.5,225
1761.553,225
1761.607,225
1761.661,225
1761.715,226
1761.768,226
1761.822,225
1761.876,226
1761.93,226
1761.983,225
1762.037,226
1762.091,225
1762.145,226
1762.198,225
1762.252,225
1762.306,225
1762.36,225
1762.413,225
1762.467,225
1762.521,226
1762.575,226
1762.629,226
1762.682,226
1762.736,225
1762.79,226
1762.844,226
1762.897,226
1762.951,225
1763.005,226
1763.059,226
1763.112,226
1763.166,226
1763.22,226
1763.274,226
1763.327,226
1763.381,225
1763.435,225
1763.489,225
1763.542,225
1763.596,226
1763.65,225
1763.704,225
1763.758,226
1763.811,226
1763.865,226
1763.919,226
1763.973,225
1764.026,225
1764.08,225
1764.134,225
1764.188,226
1764.241,225
1764.295,226
1764.349,225
1764.403,226
1764.456,226
1764.51,226
1764.612,226
1764.666,226
1764.719,225
1764.773,225
1764.827,225
1764.881,226
1764.934,226
1764.988,226
1765.042,226
1765.096,226
1765.15,226
1765.203,225
1765.257,225
1765.311,226
1765.365,226
1765.418,226
1765.472,226
1765.526,226
1765.58,226
1765.633,225
1765.687,226
1765.741,226
1765.795,226
1765.848,226
1765.902,225
1765.956,225
1766.01,225
1766.063,225
1766.117,225
1766.171,225
1766.225,225
1766.278,226
1766.332,225
1766.386,225
1766.44,225
1766.494,226
1766.547,226
1766.601,225
1766.655,226
1766.709,226
1766.762,226
1766.816,226
1766.87,226
1766.924,225
1766.977,225
1767.031,226
1767.085,225
1767.139,225
1767.192,226
1767.246,226
1767.3,226
1767.354,226
1767.407,226
1767.461,226
1767.515,226
1767.569,226
1767.622,226
1767.676,225
1767.73,225
1767.784,225
1767.838,226
1767.891,226
1767.945,226
1767.999,226
1768.053,226
1768.106,226
1768.16,226
1768.214,226
1768.268,226
1768.321,226
1768.375,225
1768.429,225
1768.483,225
1768.536,226
1768.59,225
1768.644,225
1768.698,225
1768.751,225
1768.805,225
1768.859,225
1768.913,225
1768.966,226
1769.02,225
1769.074,226
1769.128,225
1769.182,226
1769.235,225
1769.289,226
1769.343,226
1769.397,225
1769.45,226
1769.504,226
1769.558,226
1769.612,226
1769.665,226
1769.719,226
1769.773,226
1769.827,226
1769.88,225
1769.934,226
1770.042,226
1770.095,225
1770.149,226
1770.203,225
1770.257,225
1770.31,225
1770.364,225
1770.418,225
1770.472,225
1770.525,225
1770.579,225
1770.633,225
1770.687,225
1770.741,225
1770.794,225
1770.848,225
1770.902,225
1770.956,225
1771.009,225
1771.063,225
1771.117,225
1771.171,225
1771.224,226
1771.278,226
1771.332,225
1771.386,225
1771.439,225
1771.493,225
1771.547,225
1771.601,225
1771.654,225
1771.708,225
1771.762,225
1771.816,226
1771.869,225
1771.923,226
1771.977,226
1772.031,225
1772.085,225
1772.138,225
1772.192,225
1772.246,226
1772.3,226
1772.353,226
1772.407,225
1772.461,225
1772.515,225
1772.568,225
1772.622,225
1772.676,225
1772.73,225
1772.783,225
1772.837,225
1772.891,225
1772.945,225
1772.998,226
1773.052,226
1773.106,225
1773.16,226
1773.213,225
1773.267,226
1773.321,226
1773.375,225
1773.429,226
1773.482,226
1773.536,226
1773.59,226
1773.644,226
1773.697,226
1773.751,226
1773.805,226
1773.859,226
1773.912,226
1773.966,226
1774.02,226
1774.074,226
1774.127,226
1774.181,225
1774.235,226
1774.289,226
1774.342,226
1774.396,226
1774.45,226
1774.504,226
1774.558,226
1774.611,226
1774.665,226
1774.719,226
1774.773,226
1774.826,225
1774.88,226
1774.934,225
1774.988,226
1775.041,226
1775.095,225
1775.149,225
1775.203,225
1775.256,225
1775.31,225
1775.364,226
1775.466,226
1775.519,226
1775.573,226
1775.627,225
1775.681,226
1775.734,226
1775.788,225
1775.842,225
1775.896,225
1775.949,225
1776.003,226
1776.057,225
1776.111,225
1776.165,225
1776.218,225
1776.272,226
1776.326,226
1776.38,226
1776.433,225
1776.487,226
1776.541,225
1776.595,226
1776.648,225
1776.702,225
1776.756,225
1776.81,225
1776.863,225
1776.917,225
1776.971,225
1777.025,225
1777.078,225
1777.132,225
1777.186,225
1777.24,225
1777.293,225
1777.347,225
1777.401,225
1777.455,225
1777.509,225
1777.562,225
1777.616,225
1777.67,225
1777.724,225
1777.777,225
1777.831,225
1777.885,225
1777.939,225
1777.992,225
1778.046,225
1778.1,225
1778.154,225
1778.207,225
1778.261,225
1778.315,225
1778.369,225
1778.422,226
1778.476,225
1778.53,225
1778.584,225
1778.637,225
1778.691,226
1778.745,225
1778.799,225
1778.853,225
1778.906,225
1778.96,225
1779.014,225
1779.068,226
1779.121,225
1779.175,225
1779.229,225
1779.283,225
1779.336,225
1779.39,225
1779.444,225
1779.498,225
1779.551,225
1779.605,225
1779.659,225
1779.713,225
1779.766,226
1779.82,225
1779.874,225
1779.928,225
1779.981,225
1780.035,225
1780.089,225
1780.143,225
1780.197,225
1780.25,225
1780.304,225
1780.358,225
1780.412,225
1780.465,225
1780.519,225
1780.573,225
1780.627,225
1780.68,225
1780.734,225
1780.788,225
1780.895,225
1780.949,225
1781.003,225
1781.057,225
1781.11,225
1781.164,225
1781.218,225
1781.272,225
1781.325,225
1781.379,225
1781.433,225
1781.487,225
1781.541,225
1781.594,225
1781.648,225
1781.702,225
1781.756,225
1781.809,225
1781.863,225
1781.917,225
1781.971,225
1782.024,225
1782.078,225
1782.132,225
1782.186,225
1782.239,225
1782.293,225
1782.347,225
1782.401,225
1782.454,225
1782.508,225
1782.562,225
1782.616,225
1782.669,225
1782.723,225
1782.777,225
1782.831,225
1782.885,226
1782.938,225
1782.992,225
1783.046,225
1783.1,225
1783.153,226
1783.207,225
1783.261,225
1783.315,225
1783.368,226
1783.422,226
1783.476,226
1783.53,225
1783.583,225
1783.637,225
1783.691,225
1783.745,225
1783.798,226
1783.852,225
1783.906,225
1783.96,225
1784.013,225
1784.067,226
1784.121,225
1784.175,225
1784.229,225
1784.282,226
1784.336,226
1784.39,226
1784.444,226
1784.497,225
1784.551,225
1784.605,226
1784.659,225
1784.712,225
1784.766,225
1784.82,225
1784.874,226
1784.927,226
1784.981,225
1785.035,225
1785.089,226
1785.142,225
1785.196,225
1785.25,226
1785.304,226
1785.358,226
1785.411,225
1785.465,226
1785.519,226
1785.573,225
1785.626,226
1785.68,225
1785.734,225
1785.788,225
1785.841,226
1785.895,226
1785.949,226
1786.003,226
1786.056,226
1786.11,226
1786.164,226
1786.218,226
1786.319,225
1786.373,225
1786.427,225
1786.481,226
1786.534,226
1786.588,226
1786.642,226
1786.696,225
1786.749,225
1786.803,225
1786.857,225
1786.911,225
1786.965,226
1787.018,226
1787.072,226
1787.126,226
1787.18,226
1787.233,226
1787.287,225
1787.341,225
1787.395,225
1787.448,225
1787.502,225
1787.556,225
1787.61,225
1787.663,226
1787.717,226
1787.771,225
1787.825,226
1787.878,225
1787.932,226
1787.986,226
1788.04,226
1788.093,226
1788.147,226
1788.201,226
1788.255,226
1788.309,226
1788.362,226
1788.416,226
1788.47,225
1788.524,225
1788.577,226
1788.631,226
1788.685,226
1788.739,225
1788.792,226
1788.846,225
1788.9,226
1788.954,226
1789.007,226
1789.061,225
1789.115,225
1789.169,226
1789.222,225
1789.276,225
1789.33,226
1789.384,226
1789.438,226
1789.491,225
1789.545,226
1789.599,226
1789.653,225
1789.706,225
1789.76,226
1789.814,226
1789.868,226
1789.921,226
1789.975,226
1790.029,226
1790.083,225
1790.136,225
1790.19,225
1790.244,225
1790.298,225
1790.351,225
1790.405,225
1790.459,225
1790.513,225
1790.566,225
1790.62,225
1790.674,226
1790.728,226
1790.782,226
1790.835,226
1790.889,226
1790.943,225
1790.997,225
1791.05,225
1791.104,226
1791.158,226
1791.212,226
1791.265,225
1791.319,225
1791.373,226
1791.427,225
1791.48,226
1791.534,226
1791.588,226
1791.642,225
1791.743,225
1791.797,225
1791.851,226
1791.905,225
1791.958,225
1792.012,226
1792.066,226
1792.12,225
1792.173,225
1792.227,226
1792.281,226
1792.335,225
1792.389,226
1792.442,226
1792.496,226
1792.55,226
1792.604,226
1792.657,226
1792.711,226
1792.765,226
1792.819,226
1792.872,226
1792.926,225
1792.98,225
1793.034,226
1793.087,226
1793.141,226
1793.195,226
1793.249,226
1793.302,225
1793.356,226
1793.41,225
1793.464,225
1793.518,226
1793.571,225
1793.625,225
1793.679,226
1793.733,225
1793.786,225
1793.84,225
1793.894,225
1793.948,225
1794.001,226
1794.055,225
1794.109,225
1794.163,226
1794.216,225
1794.27,226
1794.324,225
1794.378,225
1794.431,225
1794.485,225
1794.539,225
1794.593,226
1794.646,226
1794.7,226
1794.754,226
1794.808,226
1794.862,226
1794.915,226
1794.969,226
1795.023,225
1795.077,226
1795.13,226
1795.184,225
1795.238,225
1795.292,225
1795.345,226
1795.399,226
1795.453,225
1795.507,225
1795.56,225
1795.614,225
1795.668,225
1795.722,226
1795.775,226
1795.829,226
1795.883,226
1795.937,225
1795.99,225
1796.044,226
1796.098,226
1796.152,226
1796.205,226
1796.259,226
1796.313,225
1796.367,225
1796.421,226
1796.474,226
1796.528,226
1796.582,226
1796.636,225
1796.689,226
1796.743,225
1796.797,226
1796.851,226
1796.904,225
1796.958,226
1797.012,226
1797.066,226
1797.173,226
1797.227,226
1797.281,225
1797.334,226
1797.388,225
1797.442,225
1797.496,225
1797.549,225
1797.603,225
1797.657,225
1797.711,226
1797.765,225
1797.818,225
1797.872,225
1797.926,225
1797.98,226
1798.033,225
1798.087,225
1798.141,226
1798.195,226
1798.248,225
1798.302,226
1798.356,225
1798.41,225
1798.463,225
1798.517,225
1798.571,226
1798.625,226
1798.678,226
1798.732,225
1798.786,226
1798.84,226
1798.894,226
1798.947,225
1799.001,225
1799.055,225
1799.109,225
1799.162,225
1799.216,226
1799.27,226
1799.324,226
1799.377,226
1799.431,226
1799.485,226
1799.539,225
1799.592,225
1799.646,225
1799.7,226
1799.754,225
1799.807,225
1799.861,226
1799.915,226
1799.969,225
1800.022,225
1800.076,226
1800.13,225
1800.184,225
1800.238,226
1800.291,225
1800.345,226
1800.399,226
1800.453,226
1800.506,225
1800.56,226
1800.614,226
1800.668,226
1800.721,226
1800.775,225
1800.829,226
1800.883,226
1800.936,225
1800.99,226
1801.044,225
1801.098,225
1801.151,225
1801.205,226
1801.259,226
1801.313,226
1801.366,225
1801.42,225
1801.474,226
1801.528,225
1801.581,225
1801.635,226
1801.689,226
1801.743,226
1801.797,226
1801.85,226
1801.904,226
1801.958,226
1802.012,225
1802.065,225
1802.119,225
1802.173,225
1802.227,225
1802.28,226
1802.334,226
1802.388,226
1802.442,226
1802.495,225
1802.597,226
1802.651,225
1802.705,225
1802.758,226
1802.812,226
1802.866,226
1802.92,226
1802.974,226
1803.027,225
1803.081,226
1803.135,226
1803.189,226
1803.242,226
1803.296,226
1803.35,226
1803.404,226
1803.457,225
1803.511,226
1803.565,226
1803.619,225
1803.672,225
1803.726,225
1803.78,226
1803.834,225
1803.887,225
1803.941,225
1803.995,226
1804.049,226
1804.102,226
1804.156,226
1804.21,226
1804.264,226
1804.318,226
1804.371,226
1804.425,226
1804.479,226
1804.533,226
1804.586,225
1804.64,226
1804.694,226
1804.748,226
1804.801,225
1804.855,225
1804.909,225
1804.963,226
1805.016,226
1805.07,225
1805.124,225
1805.178,226
1805.231,226
1805.285,226
1805.339,225
1805.393,226
1805.446,226
1805.5,225
1805.554,225
1805.608,226
1805.662,226
1805.715,225
1805.769,225
1805.823,225
1805.877,225
1805.93,225
1805.984,225
1806.038,225
1806.092,225
1806.145,225
1806.199,226
1806.253,225
1806.307,226
1806.36,226
1806.414,225
1806.468,226
1806.522,225
1806.575,225
1806.629,225
1806.683,225
1806.737,226
1806.79,225
1806.844,225
1806.898,226
1806.952,226
1807.006,226
1807.059,226
1807.113,226
1807.167,226
1807.221,226
1807.274,226
1807.328,226
1807.382,226
1807.436,226
1807.489,225
1807.543,225
1807.597,225
1807.651,225
1807.704,225
1807.758,225
1807.812,226
1807.866,225
1807.919,226
1808.021,226
1808.075,226
1808.129,225
1808.182,226
1808.236,226
1808.29,226
1808.344,225
1808.397,225
1808.451,226
1808.505,226
1808.559,226
1808.613,225
1808.666,225
1808.72,226
1808.774,226
1808.828,225
1808.881,226
1808.935,226
1808.989,226
1809.043,226
1809.096,226
1809.15,226
1809.204,225
1809.258,226
1809.311,225
1809.365,225
1809.419,226
1809.473,225
1809.526,225
1809.58,225
1809.634,225
1809.688,226
1809.742,226
1809.795,226
1809.849,226
1809.903,226
1809.957,225
1810.01,226
1810.064,226
1810.118,225
1810.172,226
1810.225,226
1810.279,226
1810.333,225
1810.387,225
1810.44,225
1810.494,225
1810.548,225
1810.602,225
1810.655,225
1810.709,225
1810.763,225
1810.817,225
1810.87,226
1810.924,226
1810.978,225
1811.032,225
1811.086,226
1811.139,226
1811.193,226
1811.247,226
1811.301,225
1811.354,225
1811.408,226
1811.462,225
1811.516,226
1811.569,226
1811.623,226
1811.677,225
1811.731,226
1811.784,226
1811.838,226
1811.892,225
1811.946,225
1811.999,225
1812.053,225
1812.107,226
1812.161,226
1812.214,226
1812.268,226
1812.322,226
1812.376,225
1812.429,225
1812.483,225
1812.537,225
1812.591,226
1812.645,226
1812.698,226
1812.752,225
1812.806,226
1812.86,226
1812.913,225
1812.967,225
1813.021,225
1813.075,225
1813.128,225
1813.182,226
1813.236,225
1813.29,226
1813.343,226
1813.451,226
1813.505,226
1813.558,226
1813.612,226
1813.666,226
1813.72,226
1813.774,226
1813.827,226
1813.881,226
1813.935,225
1813.989,225
1814.042,225
1814.096,225
1814.15,225
1814.204,225
1814.257,225
1814.311,225
1814.365,225
1814.419,225
1814.472,225
1814.526,225
1814.58,226
1814.634,225
1814.687,225
1814.741,225
1814.795,226
1814.849,225
1814.902,226
1814.956,226
1815.01,226
1815.064,225
1815.117,225
1815.171,225
1815.225,225
1815.279,225
1815.333,225
1815.386,226
1815.44,226
1815.494,225
1815.548,225
1815.601,226
1815.655,225
1815.709,226
1815.763,226
1815.816,226
1815.87,226
1815.924,226
1815.978,226
1816.031,226
1816.085,225
1816.139,225
1816.193,226
1816.246,226
1816.3,226
1816.354,226
1816.408,226
1816.462,226
1816.515,226
1816.569,226
1816.623,226
1816.677,226
1816.73,226
1816.784,226
1816.838,226
1816.892,226
1816.945,226
1816.999,226
1817.053,226
1817.107,226
1817.16,226
1817.214,226
1817.268,225
1817.322,226
1817.375,226
1817.429,226
1817.483,226
1817.537,226
1817.59,226
1817.644,226
1817.698,226
1817.752,225
1817.805,225
1817.859,226
1817.913,226
1817.967,226
1818.021,225
1818.074,226
1818.128,226
1818.182,225
1818.236,226
1818.289,225
1818.343,226
1818.397,225
1818.451,226
1818.504,226
1818.558,226
1818.612,225
1818.666,225
1818.719,226
1818.773,225
1818.875,225
1818.929,226
1818.982,226
1819.036,225
1819.09,226
1819.144,225
1819.197,225
1819.251,226
1819.305,226
1819.359,226
1819.413,226
1819.466,226
1819.52,226
1819.574,226
1819.628,226
1819.681,226
1819.735,226
1819.789,226
1819.843,225
1819.896,225
1819.95,225
1820.004,225
1820.058,226
1820.111,226
1820.165,226
1820.219,226
1820.273,225
1820.326,226
1820.38,225
1820.434,225
1820.488,225
1820.541,225
1820.595,226
1820.649,225
1820.703,226
1820.757,226
1820.81,225
1820.864,225
1820.918,226
1820.972,226
1821.025,225
1821.079,226
1821.133,226
1821.187,225
1821.24,225
1821.294,226
1821.348,225
1821.402,226
1821.455,226
1821.509,225
1821.563,226
1821.617,226
1821.67,226
1821.724,226
1821.778,226
1821.832,225
1821.885,225
1821.939,226
1821.993,225
1822.047,225
1822.101,225
1822.154,225
1822.208,225
1822.262,225
1822.316,225
1822.369,226
1822.423,225
1822.477,225
1822.531,226
1822.584,225
1822.638,225
1822.692,225
1822.746,226
1822.799,226
1822.853,225
1822.907,226
1822.961,226
1823.014,226
1823.068,226
1823.122,225
1823.176,226
1823.23,226
1823.283,225
1823.337,225
1823.391,226
1823.445,225
1823.498,226
1823.552,226
1823.606,226
1823.66,225
1823.713,225
1823.767,225
1823.821,225
1823.875,225
1823.928,225
1823.982,226
1824.036,225
1824.09,226
1824.143,226
1824.197,225
1824.315,226
1824.369,226
1824.423,226
1824.477,225
1824.53,226
1824.584,226
1824.638,226
1824.692,226
1824.745,226
1824.799,226
1824.853,226
1824.907,226
1824.96,226
1825.014,226
1825.068,226
1825.122,225
1825.175,226
1825.229,225
1825.283,226
1825.337,226
1825.39,226
1825.444,226
1825.498,226
1825.552,226
1825.606,226
1825.659,225
1825.713,226
1825.767,226
1825.821,226
1825.874,226
1825.928,226
1825.982,225
1826.036,226
1826.089,226
1826.143,226
1826.197,226
1826.251,225
1826.304,225
1826.358,225
1826.412,226
1826.466,226
1826.519,226
1826.573,226
1826.627,226
1826.681,225
1826.734,226
1826.788,226
1826.842,226
1826.896,225
1826.95,226
1827.003,225
1827.057,226
1827.111,226
1827.165,226
1827.218,225
1827.272,226
1827.326,226
1827.38,226
1827.433,226
1827.487,226
1827.541,226
1827.595,226
1827.648,225
1827.702,226
1827.756,225
1827.81,226
1827.863,226
1827.917,225
1827.971,226
1828.025,226
1828.078,225
1828.132,225
1828.186,226
1828.24,225
1828.293,225
1828.347,226
1828.401,226
1828.455,226
1828.509,226
1828.562,226
1828.616,226
1828.67,226
1828.724,225
1828.777,226
1828.831,225
1828.885,226
1828.939,226
1828.992,226
1829.046,226
1829.1,226
1829.154,226
1829.207,226
1829.261,226
1829.315,226
1829.369,226
1829.422,226
1829.476,225
1829.53,225
1829.584,225
1829.637,225
1829.745,225
1829.799,225
1829.853,225
1829.906,225
1829.96,226
1830.014,226
1830.068,226
1830.121,226
1830.175,225
1830.229,226
1830.283,226
1830.336,225
1830.39,225
1830.444,225
1830.498,225
1830.551,225
1830.605,226
1830.659,226
1830.713,226
1830.766,226
1830.82,225
1830.874,226
1830.928,226
1830.982,226
1831.035,226
1831.089,225
1831.143,226
1831.197,225
1831.25,226
1831.304,225
1831.358,226
1831.412,226
1831.465,226
1831.519,226
1831.573,226
1831.627,225
1831.68,225
1831.734,225
1831.788,225
1831.842,225
1831.895,225
1831.949,225
1832.003,225
1832.057,225
1832.11,225
1832.164,226
1832.218,225
1832.272,226
1832.326,226
1832.379,226
1832.433,226
1832.487,226
1832.541,225
1832.594,225
1832.648,225
1832.702,226
1832.756,225
1832.809,226
1832.863,225
1832.917,225
1832.971,225
1833.024,226
1833.078,226
1833.132,225
1833.186,226
1833.239,226
1833.293,226
1833.347,226
1833.401,226
1833.454,226
1833.508,226
1833.562,225
1833.616,226
1833.67,226
1833.723,226
1833.777,226
1833.831,225
1833.885,226
1833.938,225
1833.992,226
1834.046,226
1834.1,226
1834.153,226
1834.207,226
1834.261,225
1834.315,226
1834.368,226
1834.422,226
1834.476,226
1834.53,226
1834.583,226
1834.637,226
1834.691,225
1834.745,226
1834.798,225
1834.852,226
1834.906,226
1834.96,225
1835.014,226
1835.067,226
1835.169,225
1835.223,225
1835.277,225
1835.33,225
1835.384,226
1835.438,226
1835.492,225
1835.545,226
1835.599,225
1835.653,225
1835.707,226
1835.76,225
1835.814,226
1835.868,226
1835.922,226
1835.975,226
1836.029,226
1836.083,226
1836.137,226
1836.19,225
1836.244,226
1836.298,226
1836.352,225
1836.406,226
1836.459,226
1836.513,226
1836.567,226
1836.621,226
1836.674,226
1836.728,226
1836.782,226
1836.836,226
1836.889,225
1836.943,225
1836.997,225
1837.051,225
1837.104,225
1837.158,225
1837.212,225
1837.266,225
1837.319,226
1837.373,226
1837.427,226
1837.481,225
1837.534,226
1837.588,225
1837.642,225
1837.696,225
1837.749,225
1837.803,226
1837.857,226
1837.911,225
1837.965,225
1838.018,225
1838.072,225
1838.126,226
1838.18,226
1838.233,226
1838.287,226
1838.341,226
1838.395,226
1838.448,226
1838.502,226
1838.556,225
1838.61,226
1838.663,226
1838.717,225
1838.771,225
1838.825,226
1838.878,226
1838.932,225
1838.986,226
1839.04,226
1839.093,225
1839.147,226
1839.201,225
1839.255,225
1839.309,225
1839.362,225
1839.416,225
1839.47,226
1839.524,226
1839.577,226
1839.631,225
1839.685,225
1839.739,226
1839.792,225
1839.846,226
1839.9,226
1839.954,225
1840.007,226
1840.061,226
1840.115,226
1840.169,226
1840.222,226
1840.276,225
1840.33,225
1840.384,225
1840.437,225
1840.491,225
1840.593,226
1840.647,225
1840.701,226
1840.754,226
1840.808,225
1840.862,225
1840.916,226
1840.969,225
1841.023,225
1841.077,225
1841.131,225
1841.184,225
1841.238,226
1841.292,226
1841.346,226
1841.399,226
1841.453,226
1841.507,226
1841.561,226
1841.614,226
1841.668,225
1841.722,225
1841.776,226
1841.83,226
1841.883,226
1841.937,226
1841.991,226
1842.045,226
1842.098,226
1842.152,226
1842.206,226
1842.26,226
1842.313,225
1842.367,225
1842.421,225
1842.475,226
1842.528,226
1842.582,226
1842.636,225
1842.69,225
1842.743,226
1842.797,226
1842.851,225
1842.905,226
1842.958,226
1843.012,226
1843.066,226
1843.12,225
1843.173,225
1843.227,226
1843.281,226
1843.335,226
1843.389,226
1843.442,226
1843.496,225
1843.55,226
1843.604,226
1843.657,226
1843.711,226
1843.765,226
1843.819,226
1843.872,226
1843.926,225
1843.98,226
1844.034,226
1844.087,226
1844.141,225
1844.195,225
1844.249,225
1844.302,225
1844.356,225
1844.41,226
1844.464,226
1844.517,225
1844.571,226
1844.625,225
1844.679,226
1844.733,225
1844.786,226
1844.84,225
1844.894,225
1844.948,226
1845.001,226
1845.055,225
1845.109,225
1845.163,226
1845.216,226
1845.27,226
1845.324,225
1845.378,226
1845.431,226
1845.485,226
1845.539,226
1845.593,226
1845.646,226
1845.7,225
1845.754,226
1845.808,226
1845.862,226
1845.915,226
1846.023,226
1846.077,225
1846.13,226
1846.184,226
1846.238,226
1846.292,225
1846.345,226
1846.399,226
1846.453,225
1846.507,225
1846.56,226
1846.614,225
1846.668,225
1846.722,225
1846.775,225
1846.829,226
1846.883,226
1846.937,225
1846.99,225
1847.044,225
1847.098,226
1847.152,226
1847.206,226
1847.259,225
1847.313,226
1847.367,226
1847.421,225
1847.474,226
1847.528,225
1847.582,225
1847.636,226
1847.689,226
1847.743,225
1847.797,226
1847.851,226
1847.904,225
1847.958,226
1848.012,226
1848.066,225
1848.119,225
1848.173,225
1848.227,225
1848.281,226
1848.334,226
1848.388,226
1848.442,225
1848.496,226
1848.549,225
1848.603,225
1848.657,225
1848.711,226
1848.765,225
1848.818,225
1848.872,225
1848.926,226
1848.98,226
1849.033,226
1849.087,226
1849.141,226
1849.195,226
1849.248,225
1849.302,226
1849.356,225
1849.41,225
1849.463,225
1849.517,225
1849.571,226
1849.625,225
1849.678,226
1849.732,225
1849.786,225
1849.84,226
1849.894,226
1849.947,225
1850.001,225
1850.055,226
1850.109,225
1850.162,226
1850.216,226
1850.27,226
1850.324,225
1850.377,225
1850.431,225
1850.485,225
1850.539,225
1850.592,226
1850.646,226
1850.7,226
1850.754,226
1850.807,226
1850.861,226
1850.915,225
1850.969,225
1851.022,225
1851.076,225
1851.13,225
1851.184,226
1851.238,226
1851.291,225
1851.345,225
1851.447,225
1851.501,226
1851.554,226
1851.608,226
1851.662,226
1851.716,225
1851.769,225
1851.823,225
1851.877,226
1851.931,226
1851.984,226
1852.038,226
1852.092,225
1852.146,225
1852.199,225
1852.253,225
1852.307,225
1852.361,226
1852.414,226
1852.468,225
1852.522,225
1852.576,225
1852.629,225
1852.683,225
1852.737,226
1852.791,226
1852.845,226
1852.898,226
1852.952,226
1853.006,225
1853.06,226
1853.113,226
1853.167,226
1853.221,226
1853.275,225
1853.328,225
1853.382,225
1853.436,226
1853.49,225
1853.543,226
1853.597,226
1853.651,226
1853.705,226
1853.758,226
1853.812,225
1853.866,226
1853.92,226
1853.973,225
1854.027,225
1854.081,226
1854.135,225
1854.189,225
1854.242,225
1854.296,226
1854.35,226
1854.404,226
1854.457,226
1854.511,225
1854.565,226
1854.619,225
1854.672,226
1854.726,226
1854.78,225
1854.834,226
1854.887,226
1854.941,225
1854.995,225
1855.049,225
1855.102,225
1855.156,225
1855.21,225
1855.264,225
1855.318,226
1855.371,225
1855.425,225
1855.479,225
1855.533,226
1855.586,226
1855.64,226
1855.694,226
1855.748,225
1855.801,225
1855.855,225
1855.909,225
1855.963,226
1856.016,226
1856.07,226
1856.124,226
1856.178,226
1856.231,226
1856.285,226
1856.339,225
1856.393,225
1856.446,225
1856.5,226
1856.554,225
1856.608,226
1856.662,226
1856.715,226
1856.769,225
1856.871,225
1856.925,226
1856.978,226
1857.032,226
1857.086,225
1857.14,226
1857.193,225
1857.247,226
1857.301,226
1857.355,225
1857.408,225
1857.462,225
1857.516,225
1857.57,225
1857.623,225
1857.677,225
1857.731,226
1857.785,225
1857.838,225
1857.892,225
1857.946,225
1858.0,225
1858.053,225
1858.107,225
1858.161,225
1858.215,225
1858.269,225
1858.322,225
1858.376,225
1858.43,225
1858.484,225
1858.537,225
1858.591,225
1858.645,225
1858.699,225
1858.752,225
1858.806,225
1858.86,226
1858.914,226
1858.967,225
1859.021,225
1859.075,225
1859.129,225
1859.182,225
1859.236,225
1859.29,225
1859.344,226
1859.397,226
1859.451,225
1859.505,225
1859.559,225
1859.613,225
1859.666,225
1859.72,225
1859.774,226
1859.828,226
1859.881,226
1859.935,226
1859.989,226
1860.043,226
1860.096,225
1860.15,225
1860.204,225
1860.258,225
1860.311,225
1860.365,225
1860.419,225
1860.473,225
1860.526,225
1860.58,225
1860.634,225
1860.688,225
1860.741,225
1860.795,225
1860.849,225
1860.903,225
1860.957,225
1861.01,225
1861.064,226
1861.118,225
1861.172,225
1861.225,225
1861.279,225
1861.333,225
1861.387,225
1861.44,225
1861.494,225
1861.548,225
1861.602,225
1861.655,225
1861.709,225
1861.763,225
1861.817,225
1861.87,225
1861.924,225
1861.978,225
1862.032,225
1862.085,225
1862.139,225
1862.193,225
1862.301,225
1862.354,225
1862.408,225
1862.462,225
1862.516,225
1862.569,225
1862.623,225
1862.677,225
1862.731,225
1862.784,225
1862.838,226
1862.892,225
1862.946,225
1862.999,225
1863.053,225
1863.107,225
1863.161,225
1863.214,225
1863.268,225
1863.322,225
1863.376,225
1863.429,225
1863.483,225
1863.537,225
1863.591,225
1863.645,225
1863.698,225
1863.752,225
1863.806,225
1863.86,225
1863.913,225
1863.967,225
1864.021,225
1864.075,225
1864.128,225
1864.182,225
1864.236,225
1864.29,225
1864.343,225
1864.397,225
1864.451,225
1864.505,225
1864.558,225
1864.612,225
1864.666,225
1864.72,225
1864.773,225
1864.827,225
1864.881,225
1864.935,225
1864.989,225
1865.042,225
1865.096,225
1865.15,225
1865.204,225
1865.257,225
1865.311,225
1865.365,225
1865.419,225
1865.472,225
1865.526,225
1865.58,225
1865.634,225
1865.687,225
1865.741,225
1865.795,225
1865.849,225
1865.902,225
1865.956,225
1866.01,225
1866.064,225
1866.117,225
1866.171,225
1866.225,225
1866.279,225
1866.333,225
1866.386,225
1866.44,225
1866.494,225
1866.548,225
1866.601,225
1866.655,225
1866.709,225
1866.763,225
1866.816,225
1866.87,225
1866.924,225
1866.978,225
1867.031,226
1867.085,225
1867.139,225
1867.193,225
1867.246,225
1867.3,225
1867.354,225
1867.408,225
1867.461,225
1867.515,225
1867.569,225
1867.623,225
1867.725,225
1867.778,225
1867.832,225
1867.886,225
1867.94,225
1867.993,225
1868.047,225
1868.101,225
1868.155,225
1868.208,225
1868.262,225
1868.316,225
1868.37,225
1868.423,225
1868.477,225
1868.531,225
1868.585,225
1868.638,225
1868.692,225
1868.746,225
1868.8,226
1868.854,226
1868.907,225
1868.961,225
1869.015,225
1869.069,225
1869.122,225
1869.176,225
1869.23,225
1869.284,225
1869.337,225
1869.391,225
1869.445,225
1869.499,225
1869.552,225
1869.606,225
1869.66,225
1869.714,225
1869.767,225
1869.821,225
1869.875,225
1869.929,225
1869.982,225
1870.036,225
1870.09,225
1870.144,226
1870.197,225
1870.251,225
1870.305,225
1870.359,225
1870.413,225
1870.466,225
1870.52,225
1870.574,225
1870.628,225
1870.681,225
1870.735,225
1870.789,225
1870.843,225
1870.896,225
1870.95,225
1871.004,225
1871.058,225
1871.111,225
1871.165,225
1871.219,226
1871.273,225
1871.326,225
1871.38,225
1871.434,225
1871.488,225
1871.541,225
1871.595,226
1871.649,226
1871.703,225
1871.757,225
1871.81,225
1871.864,225
1871.918,225
1871.972,225
1872.025,225
1872.079,225
1872.133,225
1872.187,225
1872.24,225
1872.294,225
1872.348,225
1872.402,225
1872.455,225
1872.509,225
1872.563,225
1872.617,226
1872.67,226
1872.724,225
1872.778,225
1872.832,225
1872.885,225
1872.939,226
1872.993,225
1873.047,225
1873.149,225
1873.202,225
1873.256,225
1873.31,225
1873.364,225
1873.417,225
1873.471,225
1873.525,225
1873.579,225
1873.632,225
1873.686,225
1873.74,225
1873.794,225
1873.847,225
1873.901,225
1873.955,225
1874.009,225
1874.062,225
1874.116,225
1874.17,225
1874.224,225
1874.277,225
1874.331,225
1874.385,225
1874.439,225
1874.493,225
1874.546,225
1874.6,225
1874.654,225
1874.708,225
1874.761,225
1874.815,225
1874.869,225
1874.923,225
1874.976,225
1875.03,225
1875.084,225
1875.138,225
1875.191,225
1875.245,225
1875.299,225
1875.353,225
1875.406,226
1875.46,225
1875.514,225
1875.568,225
1875.621,225
1875.675,225
1875.729,225
1875.783,225
1875.837,225
1875.89,225
1875.944,225
1875.998,225
1876.052,226
1876.105,226
1876.159,226
1876.213,225
1876.267,225
1876.32,226
1876.374,226
1876.428,225
1876.482,225
1876.535,226
1876.589,225
1876.643,225
1876.697,226
1876.75,225
1876.804,226
1876.858,225
1876.912,225
1876.965,226
1877.019,226
1877.073,225
1877.127,225
1877.181,225
1877.234,226
1877.288,226
1877.342,225
1877.396,225
1877.449,225
1877.503,225
1877.557,226
1877.611,225
1877.664,225
1877.718,225
1877.772,226
1877.826,225
1877.879,225
1877.933,225
1877.987,225
1878.041,225
1878.094,225
1878.148,226
1878.202,226
1878.256,225
1878.309,225
1878.363,225
1878.417,225
1878.471,225
1878.578,226
1878.632,225
1878.686,226
1878.74,226
1878.793,225
1878.847,225
1878.901,226
1878.955,225
1879.008,225
1879.062,226
1879.116,226
1879.17,226
1879.223,225
1879.277,226
1879.331,226
1879.385,225
1879.438,226
1879.492,226
1879.546,226
1879.6,226
1879.654,226
1879.707,226
1879.761,225
1879.815,226
1879.869,225
1879.922,225
1879.976,225
1880.03,226
1880.084,226
1880.137,225
1880.191,226
1880.245,226
1880.299,226
1880.352,226
1880.406,226
1880.46,225
1880.514,225
1880.567,225
1880.621,225
1880.675,226
1880.729,225
1880.782,225
1880.836,225
1880.89,225
1880.944,225
1880.997,225
1881.051,225
1881.105,225
1881.159,225
1881.213,225
1881.266,225
1881.32,225
1881.374,225
1881.428,225
1881.481,225
1881.535,225
1881.589,225
1881.643,225
1881.696,225
1881.75,225
1881.804,225
1881.858,225
1881.911,225
1881.965,225
1882.019,225
1882.073,225
1882.126,225
1882.18,225
1882.234,225
1882.288,225
1882.341,225
1882.395,225
1882.449,225
1882.503,225
1882.557,225
1882.61,225
1882.664,225
1882.718,225
1882.772,225
1882.825,225
1882.879,225
1882.933,225
1882.987,225
1883.04,225
1883.094,225
1883.148,225
1883.202,226
1883.255,225
1883.309,225
1883.363,226
1883.417,225
1883.47,225
1883.524,225
1883.578,225
1883.632,225
1883.685,225
1883.739,225
1883.793,225
1883.847,225
1883.901,225
1884.002,225
1884.056,225
1884.11,225
1884.164,225
1884.217,225
1884.271,225
1884.325,225
1884.379,225
1884.432,225
1884.486,225
1884.54,225
1884.594,225
1884.647,225
1884.701,225
1884.755,225
1884.809,225
1884.862,225
1884.916,225
1884.97,225
1885.024,225
1885.077,225
1885.131,225
1885.185,225
1885.239,225
1885.293,225
1885.346,225
1885.4,225
1885.454,225
1885.508,225
1885.561,225
1885.615,225
1885.669,225
1885.723,225
1885.776,225
1885.83,226
1885.884,226
1885.938,225
1885.991,225
1886.045,225
1886.099,225
1886.153,225
1886.206,225
1886.26,225
1886.314,225
1886.368,226
1886.421,225
1886.475,225
1886.529,225
1886.583,225
1886.637,226
1886.69,225
1886.744,225
1886.798,225
1886.852,225
1886.905,225
1886.959,225
1887.013,225
1887.067,225
1887.12,225
1887.174,225
1887.228,225
1887.282,225
1887.335,225
1887.389,225
1887.443,225
1887.497,225
1887.55,225
1887.604,225
1887.658,225
1887.712,225
1887.765,225
1887.819,225
1887.873,225
1887.927,225
1887.981,225
1888.034,225
1888.088,225
1888.142,225
1888.196,225
1888.249,225
1888.303,225
1888.357,225
1888.411,225
1888.464,225
1888.518,225
1888.572,225
1888.626,225
1888.679,225
1888.733,225
1888.787,225
1888.841,225
1888.894,225
1888.948,225
1889.002,225
1889.056,225
1889.109,225
1889.163,225
1889.217,226
1889.271,225
1889.325,225
1889.426,225
1889.48,225
1889.534,226
1889.588,225
1889.641,225
1889.695,225
1889.749,225
1889.803,225
1889.856,225
1889.91,225
1889.964,225
1890.018,226
1890.071,225
1890.125,225
1890.179,225
1890.233,225
1890.286,225
1890.34,225
1890.394,225
1890.448,225
1890.501,225
1890.555,225
1890.609,225
1890.663,225
1890.717,225
1890.77,225
1890.824,225
1890.878,225
1890.932,226
1890.985,225
1891.039,225
1891.093,225
1891.147,225
1891.2,225
1891.254,225
1891.308,226
1891.362,226
1891.415,225
1891.469,225
1891.523,225
1891.577,225
1891.63,225
1891.684,225
1891.738,225
1891.792,225
1891.846,226
1891.899,226
1891.953,226
1892.007,226
1892.061,226
1892.114,225
1892.168,226
1892.222,226
1892.276,226
1892.329,225
1892.383,226
1892.437,226
1892.491,226
1892.544,225
1892.598,225
1892.652,225
1892.706,226
1892.759,226
1892.813,226
1892.867,226
1892.921,226
1892.974,226
1893.028,226
1893.082,226
1893.136,226
1893.19,226
1893.243,225
1893.297,226
1893.351,226
1893.405,226
1893.458,226
1893.512,226
1893.566,226
1893.62,225
1893.673,226
1893.727,225
1893.781,226
1893.835,226
1893.888,225
1893.942,225
1893.996,226
1894.05,226
1894.103,226
1894.157,226
1894.211,226
1894.265,225
1894.318,225
1894.372,226
1894.426,226
1894.48,226
1894.534,226
1894.587,226
1894.641,226
1894.695,226
1894.749,225
1894.856,225
1894.91,225
1894.964,225
1895.017,225
1895.071,226
1895.125,225
1895.179,225
1895.232,225
1895.286,225
1895.34,225
1895.394,225
1895.447,226
1895.501,225
1895.555,225
1895.609,225
1895.662,225
1895.716,225
1895.77,225
1895.824,225
1895.877,225
1895.931,225
1895.985,225
1896.039,225
1896.093,226
1896.146,226
1896.2,225
1896.254,225
1896.308,226
1896.358,176
1896.409,170
1896.458,163
1896.508,159
1896.558,150
1896.606,143
1896.655,135
1896.702,130
1896.75,126
1896.798,124
1896.846,119
1896.892,112
1896.939,104
1896.985,99
1897.03,93
1897.076,90
1897.121,88
1897.166,87
1897.211,87
1897.257,87
1897.302,85
1897.347,84
1897.392,82
1897.437,82
1897.482,83
1897.527,87
1897.573,92
1897.619,100
1897.666,108
1897.713,117
1897.761,122
1897.814,224
1897.868,224
1897.921,225
1897.975,225
1898.029,225
1898.083,224
1898.136,225
1898.19,225
1898.244,225
1898.298,225
1898.351,225
1898.405,225
1898.459,225
1898.513,225
1898.566,225
1898.62,225
1898.674,225
1898.728,225
1898.781,225
1898.835,225
1898.889,225
1898.943,225
1898.997,226
1899.05,225
1899.104,225
1899.158,225
1899.212,225
1899.265,225
1899.319,225
1899.373,225
1899.427,225
1899.48,225
1899.534,225
1899.588,225
1899.642,225
1899.695,225
1899.749,225
1899.803,225
1899.857,225
1899.91,225
1899.964,225
1900.066,225
1900.12,225
1900.173,225
1900.227,225
1900.281,225
1900.335,225
1900.389,225
1900.442,225
1900.496,225
1900.55,225
1900.604,225
1900.657,225
1900.711,225
1900.765,226
1900.819,226
1900.872,225
1900.926,225
1900.98,225
1901.034,225
1901.087,225
1901.141,225
1901.195,225
1901.249,225
1901.302,225
1901.356,226
1901.41,225
1901.464,225
1901.517,225
1901.571,225
1901.625,225
1901.679,225
1901.733,225
1901.786,225
1901.84,225
1901.894,225
1901.948,225
1902.001,225
1902.055,225
1902.109,225
1902.163,225
1902.216,225
1902.27,225
1902.324,225
1902.378,225
1902.431,225
1902.485,225
1902.539,225
1902.593,225
1902.646,225
1902.7,225
1902.754,225
1902.808,225
1902.861,225
1902.915,225
1902.969,225
1903.023,225
1903.077,225
1903.13,225
1903.184,225
1903.238,225
1903.292,225
1903.345,225
1903.399,225
1903.453,225
1903.507,225
1903.56,225
1903.614,225
1903.668,225
1903.722,225
1903.775,225
1903.829,225
1903.883,225
1903.937,225
1903.99,225
1904.044,225
1904.098,225
1904.152,226
1904.205,225
1904.259,225
1904.313,225
1904.367,225
1904.421,225
1904.474,226
1904.528,225
1904.582,225
1904.636,225
1904.689,225
1904.743,225
1904.797,225
1904.851,225
1904.904,225
1904.958,225
1905.012,225
1905.066,225
1905.119,225
1905.173,225
1905.227,225
1905.281,225
1905.334,225
1905.388,225
1905.49,225
1905.544,225
1905.597,225
1905.651,225
1905.705,225
1905.759,225
1905.813,225
1905.866,225
1905.92,225
1905.974,225
1906.028,226
1906.081,226
1906.135,225
1906.189,225
1906.243,225
1906.296,225
1906.35,225
1906.404,225
1906.458,226
1906.511,225
1906.565,225
1906.619,225
1906.673,225
1906.726,225
1906.78,225
1906.834,225
1906.888,225
1906.941,225
1906.995,225
1907.049,225
1907.103,225
1907.157,225
1907.21,225
1907.264,225
1907.318,225
1907.372,225
1907.425,225
1907.479,225
1907.533,225
1907.587,225
1907.64,225
1907.694,225
1907.748,225
1907.802,225
1907.855,225
1907.909,225
1907.963,225
1908.017,225
1908.07,225
1908.124,225
1908.178,225
1908.232,225
1908.285,225
1908.339,225
1908.393,225
1908.447,225
1908.501,225
1908.554,225
1908.608,225
1908.662,225
1908.716,225
1908.769,225
1908.823,225
1908.877,225
1908.931,225
1908.984,225
1909.038,225
1909.092,225
1909.146,225
1909.199,225
1909.253,225
1909.307,225
1909.361,225
1909.414,225
1909.468,225
1909.522,225
1909.576,225
1909.63,226
1909.683,225
1909.737,226
1909.791,226
1909.845,225
1909.898,225
1909.952,225
1910.006,225
1910.06,225
1910.113,225
1910.167,225
1910.221,225
1910.275,225
1910.328,225
1910.382,225
1910.436,225
1910.49,225
1910.543,225
1910.597,226
1910.651,225
1910.705,226
1910.758,225
1910.812,225
1910.92,225
1910.974,225
1911.027,225
1911.081,225
1911.135,226
1911.189,226
1911.242,225
1911.296,225
1911.35,225
1911.404,225
1911.457,225
1911.511,225
1911.565,226
1911.619,225
1911.672,225
1911.726,225
1911.78,225
1911.834,225
1911.887,225
1911.941,226
1911.995,225
1912.049,225
1912.102,225
1912.156,225
1912.21,226
1912.264,226
1912.318,226
1912.371,225
1912.425,225
1912.479,225
1912.533,225
1912.586,225
1912.64,225
1912.694,225
1912.748,226
1912.801,225
1912.855,226
1912.909,226
1912.963,225
1913.016,225
1913.07,225
1913.124,225
1913.178,225
1913.231,226
1913.285,226
1913.339,226
1913.393,226
1913.446,226
1913.5,226
1913.554,225
1913.608,225
1913.661,225
1913.715,226
1913.769,225
1913.823,225
1913.877,225
1913.93,226
1913.984,225
1914.038,226
1914.092,225
1914.145,226
1914.199,225
1914.253,226
1914.307,225
1914.36,225
1914.414,225
1914.468,225
1914.522,225
1914.575,225
1914.629,225
1914.683,225
1914.737,225
1914.79,226
1914.844,225
1914.898,225
1914.952,225
1915.005,225
1915.059,225
1915.113,225
1915.167,225
1915.221,226
1915.274,225
1915.328,225
1915.382,226
1915.436,226
1915.489,226
1915.543,225
1915.597,226
1915.651,225
1915.704,226
1915.758,225
1915.812,226
1915.866,225
1915.919,225
1915.973,226
1916.027,225
1916.081,226
1916.134,226
1916.188,226
1916.242,226
1916.344,226
1916.398,226
1916.451,226
1916.505,226
1916.559,225
1916.613,226
1916.666,226
1916.72,226
1916.774,226
1916.828,226
1916.881,225
1916.935,226
1916.989,226
1917.043,225
1917.096,225
1917.15,225
1917.204,225
1917.258,226
1917.311,225
1917.365,226
1917.419,226
1917.473,226
1917.526,226
1917.58,226
1917.634,226
1917.688,226
1917.741,225
1917.795,225
1917.849,226
1917.903,226
1917.957,226
1918.01,226
1918.064,226
1918.118,225
1918.172,226
1918.225,226
1918.279,226
1918.333,226
1918.387,225
1918.44,225
1918.494,225
1918.548,226
1918.602,226
1918.655,225
1918.709,226
1918.763,226
1918.817,226
1918.87,226
1918.924,226
1918.978,226
1919.032,226
1919.086,226
1919.139,226
1919.193,226
1919.247,226
1919.301,226
1919.354,226
1919.408,226
1919.462,226
1919.516,226
1919.569,225
1919.623,225
1919.677,225
1919.731,226
1919.784,226
1919.838,226
1919.892,226
1919.946,226
1919.999,226
1920.053,226
1920.107,225
1920.161,225
1920.214,226
1920.268,226
1920.322,225
1920.376,226
1920.429,225
1920.483,226
1920.537,226
1920.591,226
1920.645,226
1920.698,226
1920.752,225
1920.806,225
1920.86,225
1920.913,226
1920.967,226
1921.021,226
1921.075,225
1921.128,225
1921.182,226
1921.236,226
1921.29,226
1921.343,226
1921.397,225
1921.451,226
1921.505,226
1921.558,225
1921.612,226
1921.666,226
1921.768,226
1921.822,226
1921.875,227
1921.929,226
1921.983,226
1922.037,226
1922.09,226
1922.144,225
1922.198,226
1922.252,226
1922.305,226
1922.359,226
1922.413,226
1922.467,225
1922.52,225
1922.574,225
1922.628,225
1922.682,225
1922.735,226
1922.789,225
1922.843,226
1922.897,226
1922.95,226
1923.004,226
1923.058,226
1923.112,226
1923.165,225
1923.219,226
1923.273,225
1923.327,225
1923.381,226
1923.434,226
1923.488,225
1923.542,226
1923.596,225
1923.649,225
1923.703,225
1923.757,225
1923.811,225
1923.864,226
1923.918,226
1923.972,225
1924.026,225
1924.079,225
1924.133,225
1924.187,225
1924.241,225
1924.294,225
1924.348,225
1924.402,225
1924.456,226
1924.509,225
1924.563,226
1924.617,226
1924.671,226
1924.725,226
1924.778,226
1924.832,226
1924.886,226
1924.94,225
1924.993,225
1925.047,225
1925.101,226
1925.155,225
1925.208,226
1925.262,226
1925.316,226
1925.37,225
1925.423,226
1925.477,225
1925.531,225
1925.585,225
1925.638,225
1925.692,226
1925.746,225
1925.8,225
1925.854,226
1925.907,225
1925.961,225
1926.015,225
1926.069,225
1926.122,226
1926.176,226
1926.23,226
1926.284,225
1926.337,226
1926.391,226
1926.445,226
1926.499,226
1926.552,226
1926.606,225
1926.66,225
1926.714,225
1926.767,226
1926.821,226
1926.875,226
1926.929,225
1926.982,225
1927.036,226
1927.09,226
1927.198,225
1927.251,226
1927.305,225
1927.359,226
1927.413,225
1927.466,226
1927.52,226
1927.574,225
1927.628,226
1927.681,226
1927.735,225
1927.789,226
1927.843,226
1927.896,226
1927.95,226
1928.004,226
1928.058,226
1928.111,226
1928.165,226
1928.219,226
1928.273,226
1928.326,226
1928.38,225
1928.434,225
1928.488,225
1928.542,226
1928.595,226
1928.649,225
1928.703,225
1928.757,225
1928.81,225
1928.864,225
1928.918,225
1928.972,225
1929.025,225
1929.079,226
1929.133,226
1929.187,226
1929.24,226
1929.294,225
1929.348,226
1929.402,225
1929.455,226
1929.509,225
1929.563,225
1929.617,226
1929.67,225
1929.724,225
1929.778,226
1929.832,226
1929.885,225
1929.939,225
1929.993,225
1930.047,226
1930.101,225
1930.154,225
1930.208,226
1930.262,226
1930.316,226
1930.369,226
1930.423,226
1930.477,226
1930.531,226
1930.584,226
1930.638,226
1930.692,225
1930.746,226
1930.799,225
1930.853,225
1930.907,225
1930.961,225
1931.014,226
1931.068,226
1931.122,226
1931.176,226
1931.23,226
1931.283,226
1931.337,226
1931.391,226
1931.445,226
1931.498,226
1931.552,226
1931.606,225
1931.66,225
1931.713,226
1931.767,225
1931.821,225
1931.875,225
1931.928,226
1931.982,226
1932.036,225
1932.09,226
1932.143,226
1932.197,226
1932.251,225
1932.305,225
1932.358,226
1932.412,225
1932.466,225
1932.52,225
1932.621,225
1932.675,225
1932.729,225
1932.783,225
1932.837,225
1932.89,225
1932.944,225
1932.998,225
1933.052,225
1933.105,225
1933.159,225
1933.213,226
1933.267,225
1933.32,225
1933.374,225
1933.428,225
1933.482,225
1933.535,226
1933.589,226
1933.643,226
1933.697,225
1933.75,225
1933.804,225
1933.858,225
1933.912,225
1933.965,225
1934.019,226
1934.073,225
1934.127,225
1934.181,225
1934.234,225
1934.288,225
1934.342,225
1934.396,225
1934.449,225
1934.503,226
1934.557,225
1934.611,225
1934.664,225
1934.718,225
1934.772,226
1934.826,225
1934.879,225
1934.933,225
1934.987,226
1935.041,225
1935.094,226
1935.148,225
1935.202,225
1935.256,225
1935.309,225
1935.363,225
1935.417,225
1935.471,225
1935.525,225
1935.578,225
1935.632,225
1935.686,226
1935.74,225
1935.793,225
1935.847,225
1935.901,225
1935.955,225
1936.008,225
1936.062,225
1936.116,225
1936.17,225
1936.223,225
1936.277,225
1936.331,225
1936.385,225
1936.438,225
1936.492,225
1936.546,225
1936.6,225
1936.653,225
1936.707,225
1936.761,225
1936.815,225
1936.869,225
1936.922,225
1936.976,225
1937.03,225
1937.084,225
1937.137,225
1937.191,225
1937.245,225
1937.299,225
1937.352,225
1937.406,225
1937.46,225
1937.514,225
1937.567,225
1937.621,225
1937.675,225
1937.729,225
1937.782,225
1937.836,225
1937.89,225
1937.944,225
1938.045,225
1938.099,225
1938.153,226
1938.207,226
1938.261,225
1938.314,225
1938.368,225
1938.422,225
1938.476,225
1938.529,225
1938.583,225
1938.637,225
1938.691,225
1938.744,225
1938.798,225
1938.852,225
1938.906,225
1938.959,225
1939.013,225
1939.067,225
1939.121,225
1939.174,226
1939.228,225
1939.282,225
1939.336,225
1939.389,225
1939.443,226
1939.497,225
1939.551,225
1939.605,225
1939.658,225
1939.712,225
1939.766,226
1939.82,226
1939.873,226
1939.927,225
1939.981,225
1940.035,225
1940.088,225
1940.142,225
1940.196,225
1940.25,225
1940.303,225
1940.357,226
1940.411,225
1940.465,226
1940.518,225
1940.572,225
1940.626,226
1940.68,225
1940.733,225
1940.787,226
1940.841,225
1940.895,225
1940.949,225
1941.002,226
1941.056,226
1941.11,225
1941.164,225
1941.217,226
1941.271,226
1941.325,225
1941.379,225
1941.432,225
1941.486,225
1941.54,226
1941.594,225
1941.647,225
1941.701,226
1941.755,225
1941.809,225
1941.862,225
1941.916,225
1941.97,225
1942.024,225
1942.077,225
1942.131,225
1942.185,225
1942.239,225
1942.293,225
1942.346,225
1942.4,225
1942.454,225
1942.508,225
1942.561,225
1942.615,225
1942.669,225
1942.723,226
1942.776,225
1942.83,225
1942.884,225
1942.938,225
1942.991,225
1943.045,225
1943.099,225
1943.153,226
1943.206,226
1943.26,226
1943.314,225
1943.368,225
1943.475,226
1943.529,226
1943.583,225
1943.637,226
1943.69,226
1943.744,225
1943.798,226
1943.852,226
1943.905,226
1943.959,226
1944.013,225
1944.067,226
1944.12,225
1944.174,225
1944.228,225
1944.282,225
1944.335,225
1944.389,225
1944.443,225
1944.497,225
1944.55,225
1944.604,225
1944.658,225
1944.712,225
1944.765,225
1944.819,225
1944.873,226
1944.927,225
1944.981,225
1945.034,226
1945.088,225
1945.142,226
1945.196,225
1945.249,226
1945.303,225
1945.357,226
1945.411,225
1945.464,225
1945.518,225
1945.572,226
1945.626,225
1945.679,225
1945.733,225
1945.787,226
1945.841,225
1945.894,225
1945.948,225
1946.002,225
1946.056,225
1946.11,226
1946.163,225
1946.217,226
1946.271,226
1946.325,226
1946.378,226
1946.432,226
1946.486,226
1946.54,225
1946.593,226
1946.647,226
1946.701,225
1946.755,225
1946.808,226
1946.862,225
1946.916,225
1946.97,225
1947.023,226
1947.077,226
1947.131,225
1947.185,225
1947.238,225
1947.292,225
1947.346,225
1947.4,225
1947.453,225
1947.507,226
1947.561,225
1947.615,225
1947.669,225
1947.722,225
1947.776,225
1947.83,226
1947.884,226
1947.937,225
1947.991,225
1948.045,225
1948.099,225
1948.152,225
1948.206,225
1948.26,226
1948.314,225
1948.367,225
1948.421,225
1948.475,225
1948.529,225
1948.582,225
1948.636,225
1948.69,225
1948.744,225
1948.797,225
1948.899,225
1948.953,225
1949.007,226
1949.061,225
1949.114,225
1949.168,225
1949.222,225
1949.276,225
1949.329,225
1949.383,225
1949.437,225
1949.491,225
1949.544,225
1949.598,225
1949.652,225
1949.706,226
1949.759,225
1949.813,225
1949.867,226
1949.921,225
1949.974,225
1950.028,226
1950.082,225
1950.136,225
1950.189,225
1950.243,226
1950.297,225
1950.351,225
1950.405,226
1950.458,226
1950.512,226
1950.566,225
1950.62,225
1950.673,226
1950.727,226
1950.781,225
1950.835,226
1950.888,226
1950.942,226
1950.996,226
1951.05,226
1951.103,226
1951.157,225
1951.211,225
1951.265,225
1951.318,225
1951.372,225
1951.426,225
1951.48,226
1951.533,225
1951.587,225
1951.641,226
1951.695,225
1951.749,226
1951.802,225
1951.856,225
1951.91,225
1951.964,226
1952.017,225
1952.071,226
1952.125,225
1952.179,225
1952.232,225
1952.286,226
1952.34,225
1952.394,226
1952.447,225
1952.501,225
1952.555,226
1952.609,225
1952.662,225
1952.716,225
1952.77,225
1952.824,226
1952.878,226
1952.931,226
1952.985,226
1953.039,226
1953.093,226
1953.146,225
1953.2,225
1953.254,225
1953.308,226
1953.361,226
1953.415,225
1953.469,225
1953.523,226
1953.576,226
1953.63,226
1953.684,226
1953.738,226
1953.791,225
1953.845,225
1953.899,225
1953.953,225
1954.006,225
1954.06,225
1954.114,226
1954.168,226
1954.221,226
1954.323,225
1954.377,225
1954.431,225
1954.485,225
1954.538,225
1954.592,226
1954.646,225
1954.7,226
1954.753,226
1954.807,225
1954.861,226
1954.915,225
1954.968,225
1955.022,225
1955.076,225
1955.13,225
1955.183,225
1955.237,226
1955.291,225
1955.345,226
1955.398,225
1955.452,225
1955.506,225
1955.56,225
1955.613,225
1955.667,225
1955.721,225
1955.775,225
1955.829,226
1955.882,225
1955.936,225
1955.99,225
1956.044,226
1956.097,226
1956.151,225
1956.205,226
1956.259,226
1956.312,226
1956.366,226
1956.42,225
1956.474,225
1956.527,225
1956.581,225
1956.635,225
1956.689,225
1956.742,225
1956.796,225
1956.85,225
1956.904,225
1956.957,225
1957.011,225
1957.065,225
1957.119,226
1957.173,225
1957.226,225
1957.28,226
1957.334,225
1957.388,225
1957.441,225
1957.495,225
1957.549,225
1957.603,225
1957.656,225
1957.71,225
1957.764,226
1957.818,225
1957.871,225
1957.925,225
1957.979,225
1958.033,225
1958.086,225
1958.14,225
1958.194,225
1958.248,225
1958.301,225
1958.355,225
1958.409,225
1958.463,226
1958.517,225
1958.57,225
1958.624,225
1958.678,225
1958.732,225
1958.785,225
1958.839,225
1958.893,225
1958.947,225
1959.0,225
1959.054,225
1959.108,225
1959.162,225
1959.215,225
1959.269,226
1959.323,226
1959.377,225
1959.43,225
1959.484,226
1959.538,226
1959.592,225
1959.646,226
1959.742,225
1959.796,225
1959.85,225
1959.904,225
1959.957,225
1960.011,225
1960.065,225
1960.119,225
1960.173,225
1960.226,225
1960.28,225
1960.334,225
1960.388,225
1960.441,225
1960.495,225
1960.549,225
1960.603,225
1960.656,225
1960.71,225
1960.764,225
1960.818,225
1960.871,225
1960.925,225
1960.979,225
1961.033,225
1961.086,225
1961.14,225
1961.194,225
1961.248,225
1961.301,225
1961.355,225
1961.409,225
1961.463,226
1961.517,225
1961.57,225
1961.624,225
1961.678,225
1961.732,226
1961.785,225
1961.839,225
1961.893,225
1961.947,225
1962.0,225
1962.054,225
1962.108,226
1962.162,225
1962.215,225
1962.269,225
1962.323,225
1962.377,225
1962.43,225
1962.484,225
1962.538,225
1962.592,225
1962.645,225
1962.699,225
1962.753,225
1962.807,225
1962.861,225
1962.914,225
1962.968,225
1963.022,225
1963.076,225
1963.129,225
1963.183,226
1963.237,225
1963.291,225
1963.344,225
1963.398,225
1963.452,225
1963.506,225
1963.559,225
1963.613,225
1963.667,225
1963.721,225
1963.774,225
1963.828,225
1963.882,226
1963.936,226
1963.989,226
1964.043,225
1964.097,225
1964.151,225
1964.205,225
1964.258,225
1964.312,225
1964.366,225
1964.42,226
1964.473,226
1964.527,225
1964.581,225
1964.635,225
1964.688,225
1964.742,225
1964.796,225
1964.85,225
1964.903,225
1964.957,225
1965.011,225
1965.065,225
1965.166,225
1965.22,225
1965.274,225
1965.328,225
1965.381,225
1965.435,225
1965.489,226
1965.543,225
1965.597,226
1965.65,225
1965.704,226
1965.758,226
1965.812,225
1965.865,225
1965.919,225
1965.973,225
1966.027,225
1966.08,225
1966.134,225
1966.188,225
1966.242,225
1966.295,225
1966.349,225
1966.403,225
1966.457,225
1966.51,225
1966.564,225
1966.618,225
1966.672,225
1966.725,225
1966.779,225
1966.833,225
1966.887,225
1966.941,225
1966.994,225
1967.048,225
1967.102,225
1967.156,226
1967.209,225
1967.263,225
1967.317,225
1967.371,225
1967.424,225
1967.478,225
1967.532,225
1967.586,225
1967.639,225
1967.693,225
1967.747,225
1967.801,225
1967.854,225
1967.908,225
1967.962,225
1968.016,225
1968.069,225
1968.123,226
1968.177,225
1968.231,225
1968.285,225
1968.338,226
1968.392,225
1968.446,225
1968.5,225
1968.553,225
1968.607,225
1968.661,225
1968.715,225
1968.768,225
1968.822,226
1968.876,226
1968.93,225
1968.983,225
1969.037,225
1969.091,225
1969.145,225
1969.198,225
1969.252,225
1969.306,225
1969.36,226
1969.413,225
1969.467,225
1969.521,226
1969.575,225
1969.629,225
1969.682,225
1969.736,225
1969.79,225
1969.844,225
1969.897,225
1969.951,225
1970.005,225
1970.059,226
1970.112,225
1970.166,225
1970.22,225
1970.274,225
1970.327,225
1970.381,225
1970.435,225
1970.489,225
1970.687,225
1970.741,226
1970.795,226
1970.849,226
1970.902,226
1970.956,226
1971.01,226
1971.064,225
1971.118,226
1971.171,226
1971.225,225
1971.279,225
1971.333,226
1971.386,225
1971.44,225
1971.494,225
1971.548,225
1971.601,225
1971.655,225
1971.709,225
1971.763,226
1971.816,225
1971.87,225
1971.924,226
1971.978,226
1972.031,225
1972.085,225
1972.139,225
1972.193,225
1972.246,225
1972.3,226
1972.354,226
1972.408,226
1972.461,225
1972.515,226
1972.569,226
1972.623,225
1972.677,226
1972.73,226
1972.784,226
1972.838,225
1972.892,226
1972.945,225
1972.999,226
1973.053,225
1973.107,225
1973.16,226
1973.214,226
1973.268,226
1973.322,226
1973.375,226
1973.429,226
1973.483,225
1973.537,225
1973.59,226
1973.644,226
1973.698,226
1973.752,226
1973.805,225
1973.859,226
1973.913,226
1973.967,226
1974.021,225
1974.074,226
1974.128,226
1974.182,226
1974.236,225
1974.289,226
1974.343,226
1974.397,225
1974.451,225
1974.504,225
1974.558,226
1974.612,225
1974.666,226
1974.719,226
1974.773,226
1974.827,226
1974.881,226
1974.934,225
1974.988,225
1975.042,226
1975.096,226
1975.15,226
1975.203,226
1975.257,225
1975.311,226
1975.365,226
1975.418,226
1975.472,226
1975.526,225
1975.58,226
1975.633,226
1975.687,225
1975.741,225
1975.795,225
1975.848,225
1975.902,226
1975.956,226
1976.01,226
1976.111,226
1976.165,226
1976.219,226
1976.273,226
1976.326,226
1976.38,225
1976.434,226
1976.488,225
1976.541,225
1976.595,225
1976.649,225
1976.703,225
1976.757,226
1976.81,225
1976.864,226
1976.918,225
1976.972,226
1977.025,226
1977.079,226
1977.133,226
1977.187,226
1977.24,226
1977.294,225
1977.348,226
1977.402,225
1977.455,225
1977.509,226
1977.563,226
1977.617,226
1977.67,225
1977.724,225
1977.778,226
1977.832,226
1977.885,225
1977.939,225
1977.993,226
1978.047,226
1978.101,225
1978.154,225
1978.208,225
1978.262,225
1978.316,226
1978.369,225
1978.423,225
1978.477,226
1978.531,226
1978.584,226
1978.638,226
1978.692,226
1978.746,225
1978.799,226
1978.853,225
1978.907,226
1978.961,226
1979.014,226
1979.068,226
1979.122,225
1979.176,226
1979.23,226
1979.283,226
1979.337,226
1979.391,226
1979.445,226
1979.498,226
1979.552,226
1979.606,225
1979.66,225
1979.713,226
1979.767,226
1979.821,226
1979.875,226
1979.928,226
1979.982,226
1980.036,226
1980.09,226
1980.143,226
1980.197,226
1980.251,225
1980.305,225
1980.358,226
1980.412,226
1980.466,225
1980.52,225
1980.574,226
1980.627,226
1980.681,226
1980.735,226
1980.789,225
1980.842,226
1980.896,226
1980.95,226
1981.004,226
1981.057,225
1981.111,225
1981.165,226
1981.219,226
1981.272,225
1981.326,226
1981.38,225
1981.434,226
1981.535,226
1981.589,226
1981.643,225
1981.697,226
1981.75,225
1981.804,226
1981.858,226
1981.912,226
1981.965,225
1982.019,225
1982.073,225
1982.127,225
1982.181,226
1982.234,226
1982.288,226
1982.342,226
1982.396,226
1982.449,226
1982.503,225
1982.557,226
1982.611,226
1982.664,225
1982.718,226
1982.772,226
1982.826,226
1982.879,225
1982.933,225
1982.987,226
1983.041,226
1983.094,225
1983.148,226
1983.202,225
1983.256,226
1983.309,225
1983.363,225
1983.417,225
1983.471,225
1983.525,225
1983.578,225
1983.632,225
1983.686,225
1983.74,225
1983.793,226
1983.847,226
1983.901,226
1983.955,226
1984.008,226
1984.062,225
1984.116,225
1984.17,226
1984.223,225
1984.277,225
1984.331,225
1984.385,225
1984.438,226
1984.492,225
1984.546,225
1984.6,225
1984.653,225
1984.707,225
1984.761,226
1984.815,225
1984.869,226
1984.922,226
1984.976,226
1985.03,226
1985.084,226
1985.137,226
1985.191,225
1985.245,225
1985.299,225
1985.352,225
1985.406,225
1985.46,226
1985.514,225
1985.567,225
1985.621,225
1985.675,225
1985.729,225
1985.782,225
1985.836,225
1985.89,226
1985.944,225
1985.997,225
1986.051,225
1986.105,226
1986.159,225
1986.213,225
1986.266,225
1986.32,226
1986.374,225
1986.428,225
1986.481,225
1986.535,225
1986.589,226
1986.643,225
1986.696,225
1986.75,225
1986.804,225
1986.858,225
1986.965,225
1987.019,225
1987.073,225
1987.126,226
1987.18,225
1987.234,225
1987.288,225
1987.341,226
1987.395,225
1987.449,225
1987.503,225
1987.557,226
1987.61,225
1987.664,225
1987.718,226
1987.772,225
1987.825,225
1987.879,226
1987.933,225
1987.987,225
1988.04,225
1988.094,225
1988.148,225
1988.202,226
1988.255,225
1988.309,225
1988.363,225
1988.417,225
1988.47,225
1988.524,225
1988.578,226
1988.632,226
1988.686,226
1988.739,225
1988.793,226
1988.847,226
1988.901,225
1988.954,225
1989.008,225
1989.062,225
1989.116,225
1989.169,226
1989.223,225
1989.277,225
1989.331,225
1989.384,226
1989.438,225
1989.492,225
1989.546,225
1989.599,225
1989.653,225
1989.707,225
1989.761,225
1989.814,225
1989.868,225
1989.922,225
1989.976,225
1990.029,225
1990.083,225
1990.137,225
1990.191,225
1990.245,225
1990.298,225
1990.352,225
1990.406,225
1990.46,225
1990.513,225
1990.567,225
1990.621,226
1990.675,225
1990.728,225
1990.782,225
1990.836,225
1990.89,225
1990.943,226
1990.997,226
1991.051,225
1991.105,225
1991.158,225
1991.212,225
1991.266,225
1991.32,225
1991.373,225
1991.427,225
1991.481,225
1991.535,225
1991.589,225
1991.642,225
1991.696,225
1991.75,225
1991.804,225
1991.857,225
1991.911,226
1991.965,225
1992.019,225
1992.072,226
1992.126,225
1992.18,225
1992.234,225
1992.287,225
1992.389,225
1992.443,225
1992.497,225
1992.55,225
1992.604,225
1992.658,225
1992.712,225
1992.765,225
1992.819,226
1992.873,225
1992.927,226
1992.981,226
1993.034,226
1993.088,225
1993.142,225
1993.196,225
1993.249,225
1993.303,225
1993.357,225
1993.411,225
1993.464,225
1993.518,225
1993.572,225
1993.626,225
1993.679,225
1993.733,225
1993.787,225
1993.841,225
1993.894,225
1993.948,225
1994.002,225
1994.056,225
1994.109,225
1994.163,226
1994.217,225
1994.271,225
1994.325,225
1994.378,225
1994.432,225
1994.486,225
1994.54,225
1994.593,225
1994.647,225
1994.701,225
1994.755,225
1994.808,225
1994.862,225
1994.916,225
1994.97,225
1995.023,225
1995.077,225
1995.131,225
1995.185,226
1995.238,225
1995.292,225
1995.346,225
1995.4,225
1995.453,225
1995.507,225
1995.561,225
1995.615,225
1995.669,225
1995.722,225
1995.776,225
1995.83,225
1995.884,225
1995.937,225
1995.991,225
1996.045,225
1996.099,225
1996.152,225
1996.206,225
1996.26,225
1996.314,225
1996.367,225
1996.421,225
1996.475,225
1996.529,225
1996.582,225
1996.636,225
1996.69,225
1996.744,226
1996.797,225
1996.851,225
1996.905,225
1996.959,225
1997.013,225
1997.066,226
1997.12,225
1997.174,225
1997.228,225
1997.281,225
1997.335,225
1997.389,225
1997.443,225
1997.496,225
1997.55,225
1997.604,225
1997.658,225
1997.711,225
1997.813,225
1997.867,225
1997.921,226
1997.974,225
1998.028,225
1998.082,225
1998.136,225
1998.189,225
1998.243,225
1998.297,225
1998.351,225
1998.404,225
1998.458,225
1998.512,225
1998.566,225
1998.62,225
1998.673,225
1998.727,225
1998.781,225
1998.835,225
1998.888,225
1998.942,226
1998.996,226
1999.05,225
1999.103,226
1999.157,225
1999.211,225
1999.265,225
1999.318,225
1999.372,225
1999.426,225
1999.48,225
1999.533,225
1999.587,225
1999.641,225
1999.695,226
1999.749,225
1999.802,225
1999.856,226
1999.91,225
1999.964,225
2000.017,226
2000.071,225
2000.125,225
2000.179,225
2000.232,225
2000.286,226
2000.34,225
2000.394,225
2000.447,225
2000.501,226
2000.555,226
2000.609,225
2000.662,226
2000.716,226
2000.77,226
2000.824,225
2000.877,225
2000.931,226
2000.985,225
2001.039,225
2001.093,226
2001.146,225
2001.2,226
2001.254,226
2001.308,226
2001.361,226
2001.415,226
2001.469,225
2001.523,226
2001.576,226
2001.63,226
2001.684,225
2001.738,225
2001.791,226
2001.845,225
2001.899,225
2001.953,225
2002.006,225
2002.06,225
2002.114,225
2002.168,226
2002.222,226
2002.275,225
2002.329,226
2002.383,225
2002.437,225
2002.49,225
2002.544,225
2002.598,225
2002.652,226
2002.705,225
2002.759,225
2002.813,226
2002.867,226
2002.92,225
2002.974,225
2003.028,226
2003.082,226
2003.135,225
2003.243,225
2003.297,225
2003.35,225
2003.404,225
2003.458,225
2003.512,225
2003.565,226
2003.619,225
2003.673,225
2003.727,225
2003.781,226
2003.834,225
2003.888,225
2003.942,225
2003.996,225
2004.049,225
2004.103,226
2004.157,226
2004.211,226
2004.264,226
2004.318,226
2004.372,225
2004.426,225
2004.479,226
2004.533,226
2004.587,226
2004.641,226
2004.694,226
2004.748,225
2004.802,225
2004.856,225
2004.909,225
2004.963,225
2005.017,226
2005.071,226
2005.125,225
2005.178,225
2005.232,226
2005.286,225
2005.34,226
2005.393,225
2005.447,225
2005.501,225
2005.555,225
2005.608,225
2005.662,225
2005.716,225
2005.77,226
2005.823,225
2005.877,226
2005.931,226
2005.985,225
2006.038,226
2006.092,226
2006.146,226
2006.2,225
2006.253,225
2006.307,225
2006.361,226
2006.415,225
2006.469,225
2006.522,225
2006.576,225
2006.63,226
2006.684,226
2006.737,226
2006.791,226
2006.845,225
2006.899,225
2006.952,226
2007.006,226
2007.06,225
2007.114,226
2007.167,226
2007.221,226
2007.275,226
2007.329,226
2007.382,225
2007.436,226
2007.49,226
2007.544,225
2007.597,226
2007.651,226
2007.705,225
2007.759,225
2007.813,226
2007.866,225
2007.92,226
2007.974,226
2008.028,226
2008.081,225
2008.135,225
2008.189,225
2008.243,225
2008.296,225
2008.35,225
2008.404,225
2008.458,225
2008.511,225
2008.565,226
2008.667,225
2008.721,226
2008.774,226
2008.828,226
2008.882,226
2008.936,226
2008.99,226
2009.043,225
2009.097,226
2009.151,226
2009.205,225
2009.258,226
2009.312,226
2009.366,226
2009.42,226
2009.473,226
2009.527,226
2009.581,226
2009.635,226
2009.688,226
2009.742,225
2009.796,226
2009.85,226
2009.903,226
2009.957,226
2010.011,225
2010.065,226
2010.118,225
2010.172,226
2010.226,226
2010.28,225
2010.333,225
2010.387,225
2010.441,225
2010.495,225
2010.549,226
2010.602,226
2010.656,226
2010.71,226
2010.764,225
2010.817,226
2010.871,225
2010.925,226
2010.979,225
2011.032,225
2011.086,225
2011.14,226
2011.194,226
2011.247,225
2011.301,225
2011.355,225
2011.409,225
2011.462,225
2011.516,225
2011.57,225
2011.624,225
2011.677,225
2011.731,226
2011.785,225
2011.839,226
2011.893,225
2011.946,226
2012.0,226
2012.054,226
2012.108,225
2012.161,225
2012.215,225
2012.269,225
2012.323,226
2012.376,226
2012.43,225
2012.484,226
2012.538,226
2012.591,226
2012.645,226
2012.699,225
2012.753,226
2012.806,225
2012.86,225
2012.914,225
2012.968,226
2013.022,226
2013.075,225
2013.129,226
2013.183,225
2013.237,225
2013.29,225
2013.344,226
2013.398,226
2013.452,226
2013.505,225
2013.559,225
2013.613,226
2013.667,225
2013.72,225
2013.774,225
2013.828,226
2013.882,226
2013.935,226
2013.989,226
2014.091,225
2014.145,225
2014.198,225
2014.252,225
2014.306,225
2014.36,225
2014.413,225
2014.467,226
2014.521,225
2014.575,225
2014.629,225
2014.682,226
2014.736,225
2014.79,225
2014.844,225
2014.897,225
2014.951,225
2015.005,225
2015.059,226
2015.112,225
2015.166,225
2015.22,225
2015.274,225
2015.327,225
2015.381,226
2015.435,225
2015.489,226
2015.542,225
2015.596,226
2015.65,226
2015.704,225
2015.757,225
2015.811,225
2015.865,225
2015.919,226
2015.973,226
2016.026,226
2016.08,226
2016.134,226
2016.188,226
2016.241,225
2016.295,226
2016.349,226
2016.403,225
2016.456,226
2016.51,225
2016.564,225
2016.618,225
2016.671,226
2016.725,225
2016.779,225
2016.833,225
2016.886,226
2016.94,225
2016.994,226
2017.048,225
2017.101,225
2017.155,225
2017.209,225
2017.263,225
2017.317,225
2017.37,225
2017.424,225
2017.478,225
2017.532,225
2017.585,225
2017.639,225
2017.693,225
2017.747,225
2017.8,225
2017.854,225
2017.908,226
2017.962,225
2018.015,226
2018.069,225
2018.123,225
2018.177,225
2018.23,225
2018.284,225
2018.338,225
2018.392,225
2018.446,226
2018.499,225
2018.553,226
2018.607,226
2018.661,226
2018.714,225
2018.768,225
2018.822,226
2018.876,226
2018.929,225
2018.983,226
2019.037,226
2019.091,226
2019.144,226
2019.198,226
2019.252,225
2019.306,226
2019.359,226
2019.413,226
2019.521,225
2019.574,226
2019.628,226
2019.682,226
2019.736,226
2019.789,225
2019.843,226
2019.897,226
2019.951,226
2020.005,226
2020.058,226
2020.112,226
2020.166,225
2020.22,225
2020.273,225
2020.327,226
2020.381,225
2020.435,225
2020.488,225
2020.542,226
2020.596,225
2020.65,225
2020.703,225
2020.757,225
2020.811,225
2020.865,225
2020.918,225
2020.972,225
2021.026,225
2021.08,225
2021.134,226
2021.187,225
2021.241,225
2021.295,226
2021.349,225
2021.402,226
2021.456,226
2021.51,225
2021.564,226
2021.617,225
2021.671,225
2021.725,225
2021.779,225
2021.832,225
2021.886,225
2021.94,225
2021.994,226
2022.047,226
2022.101,226
2022.155,226
2022.209,225
2022.262,226
2022.316,225
2022.37,225
2022.424,225
2022.477,225
2022.531,225
2022.585,225
2022.639,225
2022.693,226
2022.746,225
2022.8,225
2022.854,225
2022.908,225
2022.961,225
2023.015,225
2023.069,225
2023.123,225
2023.176,225
2023.23,225
2023.284,225
2023.338,225
2023.391,225
2023.445,225
2023.499,225
2023.553,225
2023.606,225
2023.66,225
2023.714,225
2023.768,225
2023.821,225
2023.875,225
2023.929,225
2023.983,225
2024.037,225
2024.09,226
2024.144,225
2024.198,225
2024.252,225
2024.305,225
2024.359,225
2024.413,225
2024.467,225
2024.52,225
2024.574,225
2024.628,226
2024.682,225
2024.735,226
2024.789,226
2024.843,226
2024.945,226
2024.998,225
2025.052,225
2025.106,225
2025.16,225
2025.213,225
2025.267,225
2025.321,225
2025.375,225
2025.429,225
2025.482,225
2025.536,225
2025.59,225
2025.644,225
2025.697,225
2025.751,225
2025.805,225
2025.859,225
2025.912,225
2025.966,225
2026.02,225
2026.074,225
2026.127,225
2026.181,225
2026.235,225
2026.289,225
2026.342,225
2026.396,225
2026.45,225
2026.504,225
2026.557,225
2026.611,225
2026.665,225
2026.719,225
2026.773,225
2026.826,225
2026.88,225
2026.934,225
2026.988,225
2027.041,225
2027.095,225
2027.149,225
2027.203,225
2027.256,225
2027.31,225
2027.364,225
2027.418,225
2027.471,225
2027.525,225
2027.579,225
2027.633,225
2027.686,225
2027.74,225
2027.794,225
2027.848,226
2027.902,226
2027.955,225
2028.009,226
2028.063,225
2028.117,225
2028.17,226
2028.224,225
2028.278,226
2028.332,225
2028.385,226
2028.439,226
2028.493,226
2028.547,225
2028.6,226
2028.654,225
2028.708,225
2028.762,225
2028.815,225
2028.869,225
2028.923,226
2028.977,226
2029.03,225
2029.084,226
2029.138,226
2029.192,226
2029.246,226
2029.299,226
2029.353,226
2029.407,226
2029.461,226
2029.514,226
2029.568,226
2029.622,226
2029.676,226
2029.729,225
2029.783,225
2029.837,225
2029.891,225
2029.944,225
2029.998,226
2030.052,225
2030.106,226
2030.159,225
2030.213,226
2030.267,226
2030.369,226
2030.422,226
2030.476,226
2030.53,226
2030.584,226
2030.638,226
2030.691,226
2030.745,226
2030.799,226
2030.853,226
2030.906,225
2030.96,225
2031.014,225
2031.068,225
2031.121,225
2031.175,226
2031.229,226
2031.283,226
2031.336,225
2031.39,225
2031.444,226
2031.498,226
2031.551,226
2031.605,225
2031.659,225
2031.713,225
2031.766,225
2031.82,226
2031.874,225
2031.928,225
2031.981,225
2032.035,225
2032.089,226
2032.143,225
2032.197,226
2032.25,226
2032.304,226
2032.358,226
2032.412,225
2032.465,225
2032.519,225
2032.573,226
2032.627,225
2032.68,225
2032.734,226
2032.788,225
2032.842,225
2032.895,226
2032.949,225
2033.003,225
2033.057,226
2033.11,226
2033.164,226
2033.218,226
2033.272,225
2033.326,226
2033.379,226
2033.433,225
2033.487,226
2033.541,225
2033.594,226
2033.648,226
2033.702,226
2033.756,225
2033.809,226
2033.863,226
2033.917,225
2033.971,225
2034.024,225
2034.078,225
2034.132,225
2034.186,225
2034.239,226
2034.293,225
2034.347,225
2034.401,225
2034.454,225
2034.508,225
2034.562,225
2034.616,225
2034.669,225
2034.723,225
2034.777,226
2034.831,225
2034.885,225
2034.938,225
2034.992,226
2035.046,226
2035.1,225
2035.153,225
2035.207,225
2035.261,225
2035.315,225
2035.368,225
2035.422,225
2035.476,225
2035.53,225
2035.583,225
2035.637,225
2035.691,225
2035.798,225
2035.852,225
2035.906,225
2035.96,225
2036.013,225
2036.067,225
2036.121,225
2036.175,225
2036.229,225
2036.282,225
2036.336,225
2036.39,225
2036.444,225
2036.497,226
2036.551,225
2036.605,225
2036.659,225
2036.712,225
2036.766,225
2036.82,225
2036.874,225
2036.927,225
2036.981,225
2037.035,225
2037.089,225
2037.142,225
2037.196,225
2037.25,225
2037.304,225
2037.357,225
2037.411,225
2037.465,225
2037.519,225
2037.573,225
2037.626,225
2037.68,225
2037.734,225
2037.788,226
2037.841,226
2037.895,226
2037.949,225
2038.003,225
2038.056,225
2038.11,225
2038.164,225
2038.218,225
2038.271,225
2038.325,225
2038.379,225
2038.433,225
2038.486,225
2038.54,225
2038.594,225
2038.648,225
2038.701,225
2038.755,225
2038.809,226
2038.863,225
2038.917,225
2038.97,225
2039.024,225
2039.078,225
2039.132,225
2039.185,225
2039.239,225
2039.293,225
2039.347,225
2039.4,226
2039.454,225
2039.508,226
2039.562,225
2039.615,225
2039.669,225
2039.723,226
2039.777,225
2039.83,225
2039.884,225
2039.938,225
2039.992,225
2040.045,225
2040.099,225
2040.153,225
2040.207,225
2040.261,226
2040.314,225
2040.368,226
2040.422,225
2040.476,225
2040.529,225
2040.583,225
2040.637,225
2040.691,225
2040.744,225
2040.798,225
2040.852,225
2040.906,225
2040.959,225
2041.013,225
2041.067,225
2041.121,225
2041.222,225
2041.276,225
2041.33,225
2041.384,225
2041.437,225
2041.491,225
2041.545,225
2041.599,225
2041.653,225
2041.706,225
2041.76,225
2041.814,225
2041.868,225
2041.921,225
2041.975,225
2042.029,225
2042.083,225
2042.136,225
2042.19,225
2042.244,225
2042.298,225
2042.351,225
2042.405,225
2042.459,225
2042.513,225
2042.566,225
2042.62,225
2042.674,225
2042.728,225
2042.781,225
2042.835,225
2042.889,225
2042.943,225
2042.997,225
2043.05,225
2043.104,225
2043.158,225
2043.212,225
2043.265,225
2043.319,225
2043.373,225
2043.427,225
2043.48,225
2043.534,225
2043.588,225
2043.642,225
2043.695,225
2043.749,225
2043.803,225
2043.857,225
2043.91,225
2043.964,225
2044.018,226
2044.072,225
2044.125,225
2044.179,225
2044.233,225
2044.287,225
2044.341,225
2044.394,226
2044.448,225
2044.502,225
2044.556,225
2044.609,225
2044.663,226
2044.717,225
2044.771,225
2044.824,225
2044.878,225
2044.932,225
2044.986,225
2045.039,225
2045.093,225
2045.147,225
2045.201,225
2045.254,225
2045.308,225
2045.362,225
2045.416,225
2045.47,226
2045.523,225
2045.577,225
2045.631,225
2045.685,226
2045.738,225
2045.792,225
2045.846,226
2045.9,225
2045.953,225
2046.007,226
2046.061,226
2046.115,225
2046.168,225
2046.222,225
2046.276,225
2046.33,226
2046.383,226
2046.437,226
2046.491,226
2046.545,226
2046.646,225
2046.7,225
2046.754,226
2046.808,225
2046.862,226
2046.915,225
2046.969,226
2047.023,226
2047.077,226
2047.13,225
2047.184,225
2047.238,225
2047.292,225
2047.345,225
2047.399,225
2047.453,225
2047.507,225
2047.56,225
2047.614,225
2047.668,226
2047.722,226
2047.775,226
2047.829,226
2047.883,226
2047.937,226
2047.99,225
2048.044,225
2048.098,226
2048.152,225
2048.206,226
2048.259,226
2048.313,225
2048.367,226
2048.421,226
2048.474,225
2048.528,226
2048.582,226
2048.636,226
2048.689,226
2048.743,226
2048.797,225
2048.851,226
2048.904,226
2048.958,226
2049.012,225
2049.066,226
2049.119,226
2049.173,225
2049.227,225
2049.281,225
2049.334,226
2049.388,225
2049.442,226
2049.496,225
2049.549,225
2049.603,225
2049.657,225
2049.711,225
2049.765,225
2049.818,225
2049.872,226
2049.926,226
2049.98,226
2050.033,225
2050.087,226
2050.141,225
2050.195,225
2050.248,225
2050.302,226
2050.356,225
2050.41,225
2050.463,225
2050.517,226
2050.571,225
2050.625,225
2050.678,226
2050.732,225
2050.786,226
2050.84,226
2050.893,225
2050.947,225
2051.001,226
2051.055,226
2051.109,226
2051.162,226
2051.216,226
2051.27,226
2051.324,225
2051.377,226
2051.431,225
2051.485,226
2051.539,226
2051.592,226
2051.646,225
2051.7,226
2051.754,226
2051.807,225
2051.861,226
2051.915,225
2051.969,226
2052.076,226
2052.13,225
2052.184,225
2052.238,226
2052.291,225
2052.345,225
2052.399,226
2052.453,226
2052.506,226
2052.56,226
2052.614,225
2052.668,226
2052.721,226
2052.775,225
2052.829,226
2052.883,226
2052.936,226
2052.99,226
2053.044,226
2053.098,225
2053.151,226
2053.205,226
2053.259,225
2053.313,225
2053.366,226
2053.42,225
2053.474,226
2053.528,225
2053.581,225
2053.635,226
2053.689,226
2053.743,225
2053.797,226
2053.85,226
2053.904,226
2053.958,225
2054.012,225
2054.065,226
2054.119,226
2054.173,226
2054.227,226
2054.28,226
2054.334,226
2054.388,226
2054.442,226
2054.495,226
2054.549,226
2054.603,226
2054.657,225
2054.71,225
2054.764,226
2054.818,226
2054.872,226
2054.925,225
2054.979,226
2055.033,226
2055.087,225
2055.141,225
2055.194,226
2055.248,226
2055.302,226
2055.356,226
2055.409,225
2055.463,226
2055.517,225
2055.571,226
2055.624,226
2055.678,226
2055.732,225
2055.786,226
2055.839,225
2055.893,226
2055.947,225
2056.001,225
2056.054,226
2056.108,226
2056.162,225
2056.216,225
2056.269,225
2056.323,226
2056.377,226
2056.431,226
2056.485,226
2056.538,225
2056.592,225
2056.646,226
2056.7,226
2056.753,225
2056.807,225
2056.861,226
2056.915,226
2056.968,225
2057.022,226
2057.076,226
2057.13,226
2057.183,226
2057.237,225
2057.291,225
2057.345,225
2057.398,225
2057.5,226
2057.554,225
2057.608,226
2057.662,226
2057.715,225
2057.769,225
2057.823,226
2057.877,226
2057.93,225
2057.984,226
2058.038,226
2058.092,226
2058.145,226
2058.199,226
2058.253,226
2058.307,226
2058.36,226
2058.414,226
2058.468,226
2058.522,226
2058.575,225
2058.629,225
2058.683,225
2058.737,225
2058.79,225
2058.844,226
2058.898,225
2058.952,225
2059.005,225
2059.059,225
2059.113,225
2059.167,225
2059.221,225
2059.274,225
2059.328,225
2059.382,226
2059.436,225
2059.489,226
2059.543,225
2059.597,225
2059.651,225
2059.704,226
2059.758,226
2059.812,226
2059.866,226
2059.919,226
2059.973,226
2060.027,225
2060.081,226
2060.134,225
2060.188,225
2060.242,225
2060.296,226
2060.347,177
2060.397,168
2060.446,160
2060.496,151
2060.544,142
2060.593,134
2060.64,126
2060.688,118
2060.734,108
2060.781,99
2060.827,92
2060.872,86
2060.917,84
2060.962,83
2061.007,84
2061.053,84
2061.098,84
2061.143,83
2061.188,82
2061.233,84
2061.278,88
2061.324,94
2061.37,102
2061.417,111
2061.464,116
2061.518,225
2061.572,225
2061.625,225
2061.679,225
2061.733,225
2061.787,225
2061.84,225
2061.894,225
2061.948,225
2062.002,225
2062.055,225
2062.109,225
2062.163,226
2062.217,225
2062.27,226
2062.324,226
2062.378,225
2062.432,225
2062.485,225
2062.539,225
2062.593,225
2062.647,225
2062.749,225
2062.802,225
2062.856,225
2062.91,225
2062.964,225
2063.017,225
2063.071,225
2063.125,225
2063.179,225
2063.232,225
2063.286,226
2063.34,225
2063.394,226
2063.447,225
2063.501,225
2063.555,227
2063.609,225
2063.662,225
2063.716,226
2063.77,225
2063.824,225
2063.877,225
2063.931,225
2063.985,225
2064.039,225
2064.093,226
2064.146,226
2064.2,226
2064.254,226
2064.305,182
2064.355,161
2064.404,151
2064.453,144
2064.501,136
2064.549,130
2064.596,124
2064.644,114
2064.69,104
2064.737,114
2064.783,96
2064.829,88
2064.874,86
2064.919,87
2064.964,89
2065.009,91
2065.054,89
2065.099,90
2065.144,88
2065.19,91
2065.235,93
2065.281,98
2065.328,104
2065.374,113
2065.422,119
2065.475,226
2065.529,225
2065.582,226
2065.636,225
2065.69,226
2065.744,226
2065.797,225
2065.851,225
2065.905,226
2065.959,226
2066.013,225
2066.066,226
2066.12,226
2066.174,226
2066.228,226
2066.281,226
2066.335,226
2066.389,225
2066.443,226
2066.496,226
2066.55,225
2066.604,226
2066.658,226
2066.711,226
2066.765,226
2066.819,226
2066.873,226
2066.926,226
2066.98,226
2067.034,226
2067.088,226
2067.138,167
2067.187,155
2067.236,148
2067.284,142
2067.333,135
2067.381,126
2067.428,119
2067.475,110
2067.521,97
2067.566,86
2067.611,76
2067.656,69
2067.699,64
2067.744,64
2067.788,64
2067.886,64
2067.93,62
2067.974,60
2068.018,57
2068.061,55
2068.104,54
2068.147,55
2068.191,59
2068.235,66
2068.282,109
2068.336,225
2068.387,176
2068.44,225
2068.494,225
2068.548,225
2068.602,226
2068.655,226
2068.709,225
2068.763,226
2068.817,226
2068.87,226
2068.924,225
2068.978,225
2069.032,226
2069.085,226
2069.139,225
2069.193,226
2069.247,226
2069.301,225
2069.354,225
2069.408,225
2069.462,225
2069.516,226
2069.569,225
2069.623,226
2069.677,226
2069.731,225
2069.784,226
2069.838,226
2069.892,226
2069.946,225
2069.999,226
2070.053,226
2070.107,226
2070.161,225
2070.214,226
2070.268,226
2070.322,226
2070.376,226
2070.43,226
2070.483,225
2070.537,226
2070.591,226
2070.645,225
2070.698,225
2070.752,226
2070.806,225
2070.86,225
2070.913,226
2070.967,226
2071.021,226
2071.075,226
2071.128,226
2071.182,225
2071.236,226
2071.29,226
2071.343,225
2071.397,225
2071.451,225
2071.505,226
2071.558,225
2071.612,226
2071.666,225
2071.72,225
2071.773,225
2071.827,226
2071.881,226
2071.935,225
2071.989,226
2072.042,225
2072.096,226
2072.15,225
2072.204,226
2072.257,225
2072.311,225
2072.365,226
2072.419,226
2072.472,226
2072.526,226
2072.58,225
2072.634,226
2072.687,226
2072.741,225
2072.795,225
2072.849,225
2072.902,225
2072.956,226
2073.01,226
2073.064,226
2073.117,225
2073.219,226
2073.273,225
2073.327,225
2073.381,226
2073.434,225
2073.488,226
2073.542,225
2073.596,225
2073.649,225
2073.703,225
2073.757,225
2073.811,225
2073.864,225
2073.918,226
2073.972,225
2074.026,226
2074.079,226
2074.133,225
2074.187,225
2074.241,226
2074.294,225
2074.348,226
2074.402,226
2074.456,226
2074.51,226
2074.563,226
2074.617,226
2074.671,226
2074.725,226
2074.778,225
2074.832,225
2074.886,225
2074.94,225
2074.993,226
2075.047,226
2075.101,226
2075.155,226
2075.208,226
2075.262,226
2075.316,226
2075.37,225
2075.423,226
2075.477,225
2075.531,226
2075.585,225
2075.638,226
2075.692,226
2075.746,226
2075.8,226
2075.854,226
2075.907,226
2075.961,226
2076.015,226
2076.069,226
2076.122,226
2076.176,225
2076.23,226
2076.284,226
2076.337,225
2076.391,226
2076.445,225
2076.499,225
2076.552,225
2076.606,225
2076.66,225
2076.714,226
2076.767,226
2076.821,226
2076.875,225
2076.929,225
2076.982,226
2077.036,226
2077.09,226
2077.144,226
2077.198,226
2077.251,225
2077.305,226
2077.359,225
2077.413,225
2077.466,225
2077.52,225
2077.574,226
2077.628,226
2077.681,226
2077.735,226
2077.789,226
2077.843,226
2077.896,225
2077.95,226
2078.004,226
2078.058,225
2078.111,226
2078.165,226
2078.219,226
2078.273,226
2078.326,226
2078.38,226
2078.434,226
2078.488,226
2078.541,225
2078.643,226
2078.697,226
2078.751,226
2078.805,226
2078.858,225
2078.912,226
2078.966,225
2079.02,225
2079.073,225
2079.127,226
2079.181,226
2079.235,226
2079.288,226
2079.342,226
2079.396,225
2079.45,225
2079.503,225
2079.557,225
2079.611,225
2079.665,226
2079.718,225
2079.772,225
2079.826,225
2079.88,225
2079.934,226
2079.987,225
2080.041,226
2080.095,226
2080.149,225
2080.202,226
2080.256,226
2080.31,226
2080.364,226
2080.417,225
2080.471,226
2080.525,225
2080.579,226
2080.632,225
2080.686,226
2080.74,226
2080.794,226
2080.847,226
2080.901,226
2080.955,226
2081.009,226
2081.062,226
2081.116,225
2081.17,225
2081.224,225
2081.277,225
2081.331,225
2081.385,225
2081.439,225
2081.493,225
2081.546,225
2081.6,225
2081.654,225
2081.708,225
2081.761,225
2081.815,225
2081.869,225
2081.923,225
2081.976,225
2082.03,226
2082.084,225
2082.138,226
2082.191,226
2082.245,226
2082.299,226
2082.353,226
2082.406,226
2082.46,226
2082.514,226
2082.568,226
2082.621,225
2082.675,225
2082.729,225
2082.783,225
2082.837,226
2082.89,226
2082.944,226
2082.998,226
2083.052,226
2083.105,225
2083.159,225
2083.213,226
2083.267,225
2083.32,225
2083.374,226
2083.428,225
2083.482,226
2083.535,226
2083.589,226
2083.643,226
2083.697,226
2083.75,226
2083.804,226
2083.858,226
2083.912,226
2083.965,225
2084.073,226
2084.127,226
2084.181,226
2084.234,226
2084.288,225
2084.342,225
2084.396,225
2084.449,225
2084.503,225
2084.557,225
2084.611,225
2084.664,225
2084.718,225
2084.772,225
2084.826,225
2084.879,225
2084.933,225
2084.987,225
2085.041,225
2085.094,225
2085.148,225
2085.202,225
2085.256,225
2085.309,225
2085.363,226
2085.417,226
2085.471,225
2085.525,225
2085.578,225
2085.632,226
2085.686,226
2085.74,225
2085.793,226
2085.847,225
2085.901,225
2085.955,225
2086.008,225
2086.062,226
2086.116,226
2086.17,226
2086.223,226
2086.277,225
2086.331,225
2086.385,225
2086.438,226
2086.492,225
2086.546,226
2086.6,226
2086.653,225
2086.707,226
2086.761,226
2086.815,226
2086.869,226
2086.922,226
2086.976,225
2087.03,225
2087.084,225
2087.137,225
2087.191,225
2087.245,225
2087.299,226
2087.352,226
2087.406,225
2087.46,225
2087.514,225
2087.567,225
2087.621,225
2087.675,225
2087.729,225
2087.782,226
2087.836,227
2087.89,225
2087.944,225
2087.997,225
2088.051,225
2088.105,226
2088.159,225
2088.213,225
2088.266,225
2088.32,225
2088.374,226
2088.428,225
2088.481,225
2088.535,225
2088.589,225
2088.643,225
2088.696,226
2088.75,225
2088.804,225
2088.858,225
2088.911,225
2088.965,225
2089.019,226
2089.073,225
2089.126,225
2089.18,225
2089.234,226
2089.288,226
2089.341,225
2089.395,225
2089.497,226
2089.551,226
2089.605,226
2089.658,226
2089.712,226
2089.766,226
2089.82,225
2089.873,225
2089.927,226
2089.981,226
2090.035,225
2090.088,225
2090.142,226
2090.196,225
2090.25,225
2090.303,225
2090.357,225
2090.411,225
2090.465,225
2090.518,225
2090.572,225
2090.626,225
2090.68,225
2090.733,226
2090.787,225
2090.841,225
2090.895,225
2090.949,225
2091.002,226
2091.056,226
2091.11,226
2091.164,226
2091.217,226
2091.271,225
2091.325,226
2091.379,226
2091.432,226
2091.486,226
2091.54,225
2091.594,225
2091.647,226
2091.701,226
2091.755,226
2091.809,226
2091.862,225
2091.916,226
2091.97,225
2092.024,225
2092.078,226
2092.131,226
2092.185,226
2092.239,225
2092.293,226
2092.346,225
2092.4,226
2092.454,225
2092.508,225
2092.561,226
2092.615,226
2092.669,225
2092.723,225
2092.776,225
2092.83,226
2092.884,226
2092.938,226
2092.991,225
2093.045,225
2093.099,225
2093.153,225
2093.206,226
2093.26,225
2093.314,225
2093.368,225
2093.421,225
2093.475,225
2093.529,225
2093.583,225
2093.637,225
2093.69,225
2093.744,226
2093.798,225
2093.852,225
2093.905,225
2093.959,225
2094.013,225
2094.067,225
2094.12,225
2094.174,225
2094.228,225
2094.282,226
2094.335,225
2094.389,225
2094.443,225
2094.497,225
2094.55,226
2094.604,225
2094.658,225
2094.712,226
2094.766,226
2094.819,226
2094.921,225
2094.975,225
2095.029,226
2095.082,225
2095.136,225
2095.19,225
2095.244,225
2095.297,226
2095.351,225
2095.405,226
2095.459,226
2095.512,225
2095.566,225
2095.62,226
2095.674,225
2095.727,225
2095.781,225
2095.835,225
2095.889,225
2095.942,225
2095.996,225
2096.05,225
2096.104,225
2096.157,225
2096.211,225
2096.265,225
2096.319,225
2096.373,225
2096.426,225
2096.48,225
2096.534,225
2096.588,225
2096.641,225
2096.695,225
2096.749,225
2096.803,225
2096.856,225
2096.91,225
2096.964,225
2097.018,225
2097.071,225
2097.125,225
2097.179,225
2097.233,225
2097.286,225
2097.34,225
2097.394,225
2097.448,225
2097.501,225
2097.555,225
2097.609,225
2097.663,225
2097.717,225
2097.77,225
2097.824,225
2097.878,225
2097.932,225
2097.985,226
2098.039,225
2098.093,225
2098.147,225
2098.2,225
2098.254,225
2098.308,225
2098.362,225
2098.415,225
2098.469,225
2098.523,225
2098.577,225
2098.63,225
2098.684,225
2098.738,226
2098.792,225
2098.845,225
2098.899,225
2098.953,225
2099.007,226
2099.061,225
2099.114,225
2099.168,225
2099.222,226
2099.276,225
2099.329,226
2099.383,225
2099.437,225
2099.491,225
2099.544,225
2099.598,225
2099.652,225
2099.706,225
2099.759,225
2099.813,225
2099.867,225
2099.921,225
2099.974,225
2100.028,225
2100.082,225
2100.136,225
2100.189,225
2100.243,225
2100.351,225
2100.405,225
2100.458,225
2100.512,225
2100.566,225
2100.62,225
2100.673,225
2100.727,226
2100.781,226
2100.835,225
2100.888,225
2100.942,225
2100.996,225
2101.05,225
2101.103,225
2101.157,225
2101.211,226
2101.265,226
2101.318,226
2101.372,226
2101.426,226
2101.48,225
2101.533,226
2101.587,225
2101.641,225
2101.695,225
2101.749,226
2101.802,225
2101.856,226
2101.91,225
2101.964,225
2102.017,225
2102.071,225
2102.125,225
2102.179,225
2102.232,225
2102.286,225
2102.34,225
2102.394,225
2102.447,225
2102.501,225
2102.555,225
2102.609,225
2102.662,225
2102.716,225
2102.77,225
2102.824,225
2102.877,225
2102.931,225
2102.985,225
2103.039,225
2103.093,225
2103.146,225
2103.2,225
2103.254,225
2103.308,225
2103.361,226
2103.415,225
2103.469,225
2103.523,225
2103.576,225
2103.63,226
2103.684,225
2103.738,225
2103.791,225
2103.845,226
2103.899,225
2103.953,225
2104.006,225
2104.06,226
2104.114,225
2104.168,225
2104.221,225
2104.275,226
2104.329,225
2104.383,225
2104.437,225
2104.49,226
2104.544,226
2104.598,226
2104.652,226
2104.705,226
2104.759,225
2104.813,225
2104.867,225
2104.92,225
2104.974,226
2105.028,225
2105.082,225
2105.135,225
2105.189,225
2105.243,226
2105.297,225
2105.35,225
2105.404,225
2105.458,225
2105.512,225
2105.565,225
2105.619,225
2105.673,225
2105.775,225
2105.829,225
2105.882,225
2105.936,226
2105.99,225
2106.044,225
2106.097,225
2106.151,225
2106.205,225
2106.259,225
2106.312,225
2106.366,225
2106.42,225
2106.474,225
2106.527,225
2106.581,225
2106.635,225
2106.689,225
2106.742,225
2106.796,225
2106.85,225
2106.904,225
2106.957,225
2107.011,225
2107.065,225
2107.119,225
2107.173,225
2107.226,225
2107.28,225
2107.334,225
2107.388,225
2107.441,225
2107.495,225
2107.549,225
2107.603,225
2107.656,225
2107.71,225
2107.764,225
2107.818,225
2107.871,225
2107.925,225
2107.979,225
2108.033,225
2108.086,225
2108.14,225
2108.194,225
2108.248,225
2108.301,225
2108.355,225
2108.409,225
2108.463,225
2108.517,225
2108.57,225
2108.624,225
2108.678,225
2108.732,225
2108.785,225
2108.839,225
2108.893,226
2108.947,225
2109.0,225
2109.054,225
2109.108,225
2109.162,225
2109.215,225
2109.269,225
2109.323,225
2109.377,225
2109.43,225
2109.484,225
2109.538,225
2109.592,225
2109.645,225
2109.699,225
2109.753,225
2109.807,225
2109.861,225
2109.914,225
2109.968,225
2110.022,225
2110.076,225
2110.129,225
2110.183,225
2110.237,225
2110.291,225
2110.344,225
2110.398,225
2110.452,225
2110.506,225
2110.559,225
2110.613,225
2110.667,225
2110.721,225
2110.774,225
2110.828,225
2110.882,225
2110.936,225
2110.989,225
2111.043,225
2111.097,225
2111.199,225
2111.253,225
2111.306,225
2111.36,225
2111.414,225
2111.468,225
2111.521,225
2111.575,225
2111.629,225
2111.683,225
2111.736,225
2111.79,225
2111.844,225
2111.898,225
2111.951,225
2112.005,225
2112.059,225
2112.113,225
2112.166,225
2112.22,225
2112.274,225
2112.328,225
2112.381,225
2112.435,225
2112.489,225
2112.543,225
2112.597,225
2112.65,225
2112.704,225
2112.758,225
2112.812,225
2112.865,225
2112.919,225
2112.973,225
2113.027,225
2113.08,225
2113.134,225
2113.188,225
2113.242,225
2113.295,225
2113.349,225
2113.403,225
2113.457,225
2113.51,225
2113.564,225
2113.618,225
2113.672,225
2113.725,225
2113.779,225
2113.833,226
2113.887,226
2113.941,226
2113.994,225
2114.048,225
2114.102,225
2114.156,225
2114.209,226
2114.263,225
2114.317,225
2114.371,225
2114.424,225
2114.478,225
2114.532,225
2114.586,225
2114.639,225
2114.693,225
2114.747,225
2114.801,225
2114.854,225
2114.908,225
2114.962,225
2115.016,225
2115.069,225
2115.123,225
2115.177,225
2115.231,225
2115.285,225
2115.338,225
2115.392,225
2115.446,225
2115.5,225
2115.553,225
2115.607,225
2115.661,225
2115.715,225
2115.768,225
2115.822,225
2115.876,225
2115.93,226
2115.983,226
2116.037,226
2116.091,225
2116.145,225
2116.198,226
2116.252,225
2116.306,226
2116.36,226
2116.414,226
2116.467,226
2116.521,225
2116.629,226
2116.682,226
2116.736,225
2116.79,226
2116.844,225
2116.897,225
2116.951,225
2117.005,225
2117.059,225
2117.112,225
2117.166,226
2117.22,225
2117.274,225
2117.327,225
2117.381,225
2117.435,225
2117.489,225
2117.54,189
2117.591,179
2117.641,172
2117.691,165
2117.74,158
2117.79,151
2117.838,144
2117.887,137
2117.934,132
2117.982,125
2118.029,116
2118.076,108
2118.123,102
2118.169,97
2118.214,94
2118.26,89
2118.305,88
2118.35,87
2118.396,87
2118.441,87
2118.486,86
2118.531,86
2118.576,84
2118.621,83
2118.666,83
2118.711,84
2118.756,87
2118.802,93
2118.848,98
2118.895,105
2118.941,112
2118.989,119
2119.036,123
2119.083,127
2119.137,225
2119.191,225
2119.245,225
2119.298,225
2119.352,225
2119.406,225
2119.46,225
2119.513,225
2119.567,225
2119.621,225
2119.675,225
2119.728,225
2119.782,225
2119.836,225
2119.89,226
2119.943,225
2119.997,225
2120.051,225
2120.105,225
2120.158,225
2120.212,225
2120.266,225
2120.32,225
2120.373,225
2120.427,225
2120.481,225
2120.535,225
2120.588,225
2120.642,225
2120.696,226
2120.75,226
2120.804,225
2120.857,225
2120.911,225
2120.965,225
2121.019,225
2121.072,225
2121.126,226
2121.18,225
2121.234,225
2121.287,225
2121.341,225
2121.395,225
2121.449,225
2121.502,225
2121.556,225
2121.61,225
2121.664,225
2121.717,225
2121.836,225
2121.889,225
2121.943,225
2121.997,225
2122.051,226
2122.104,225
2122.158,225
2122.212,225
2122.266,225
2122.319,225
2122.373,225
2122.427,225
2122.481,225
2122.534,225
2122.588,225
2122.642,225
2122.696,225
2122.749,225
2122.803,225
2122.857,225
2122.911,225
2122.965,225
2123.018,225
2123.072,225
2123.126,225
2123.18,225
2123.233,226
2123.287,225
2123.341,225
2123.395,225
2123.448,225
2123.502,225
2123.556,226
2123.61,225
2123.663,226
2123.717,225
2123.771,225
2123.825,225
2123.878,225
2123.932,225
2123.986,225
2124.04,225
2124.093,225
2124.147,225
2124.201,225
2124.255,225
2124.309,225
2124.362,225
2124.416,225
2124.47,225
2124.524,225
2124.577,225
2124.631,225
2124.685,225
2124.739,225
2124.792,225
2124.846,225
2124.9,225
2124.954,225
2125.007,225
2125.061,225
2125.115,225
2125.169,225
2125.222,225
2125.276,225
2125.33,225
2125.384,225
2125.437,225
2125.491,225
2125.545,225
2125.599,225
2125.653,225
2125.706,225
2125.76,225
2125.814,225
2125.868,225
2125.921,225
2125.975,225
2126.029,226
2126.083,225
2126.136,225
2126.19,225
2126.244,225
2126.298,225
2126.351,225
2126.405,225
2126.459,225
2126.513,225
2126.566,225
2126.62,225
2126.674,225
2126.728,225
2126.781,225
2126.835,225
2126.889,225
2126.943,225
2126.997,225
2127.05,225
2127.104,225
2127.158,225
2127.26,225
2127.313,225
2127.367,225
2127.421,225
2127.475,225
2127.528,225
2127.582,225
2127.636,225
2127.69,225
2127.743,225
2127.797,225
2127.851,225
2127.905,225
2127.958,225
2128.012,225
2128.066,225
2128.12,225
2128.173,225
2128.227,225
2128.281,225
2128.335,225
2128.389,225
2128.442,225
2128.496,225
2128.55,225
2128.604,225
2128.657,225
2128.711,225
2128.765,225
2128.819,225
2128.872,225
2128.926,225
2128.98,225
2129.034,225
2129.087,225
2129.141,225
2129.195,225
2129.249,225
2129.302,225
2129.356,226
2129.41,225
2129.464,225
2129.517,225
2129.571,226
2129.625,225
2129.679,225
2129.733,225
2129.786,225
2129.84,225
2129.894,225
2129.948,225
2130.001,225
2130.055,225
2130.109,225
2130.163,225
2130.216,225
2130.27,225
2130.324,225
2130.378,225
2130.431,225
2130.485,225
2130.539,225
2130.593,225
2130.646,225
2130.7,225
2130.754,225
2130.808,225
2130.861,225
2130.915,225
2130.969,225
2131.023,225
2131.077,225
2131.13,225
2131.184,225
2131.238,225
2131.292,225
2131.345,225
2131.399,225
2131.453,225
2131.507,225
2131.56,225
2131.614,225
2131.668,225
2131.722,225
2131.775,226
2131.829,225
2131.883,225
2131.937,225
2131.99,225
2132.044,225
2132.098,225
2132.152,225
2132.205,225
2132.259,225
2132.313,226
2132.367,225
2132.421,226
2132.474,226
2132.528,225
2132.582,225
2132.689,226
2132.743,226
2132.797,226
2132.851,226
2132.904,226
2132.958,226
2133.012,225
2133.066,225
2133.119,225
2133.173,225
2133.227,226
2133.281,225
2133.334,226
2133.388,226
2133.442,226
2133.496,225
2133.55,226
2133.603,225
2133.657,225
2133.711,225
2133.765,226
2133.818,226
2133.872,226
2133.926,225
2133.98,226
2134.033,226
2134.087,226
2134.141,226
2134.195,226
2134.248,226
2134.302,226
2134.356,226
2134.41,226
2134.463,225
2134.517,225
2134.571,226
2134.625,226
2134.678,225
2134.732,226
2134.786,226
2134.84,226
2134.893,225
2134.947,226
2135.001,225
2135.055,225
2135.109,226
2135.162,225
2135.216,226
2135.27,225
2135.324,226
2135.377,226
2135.431,226
2135.485,225
2135.539,225
2135.592,225
2135.646,225
2135.7,226
2135.754,226
2135.807,225
2135.861,226
2135.915,225
2135.969,225
2136.022,225
2136.076,226
2136.13,225
2136.184,226
2136.238,226
2136.291,226
2136.345,226
2136.399,226
2136.453,225
2136.506,225
2136.56,225
2136.614,225
2136.668,226
2136.721,226
2136.775,226
2136.829,226
2136.883,225
2136.936,226
2136.99,225
2137.044,225
2137.098,225
2137.151,226
2137.205,225
2137.259,225
2137.313,225
2137.366,226
2137.42,225
2137.474,225
2137.528,225
2137.582,226
2137.635,225
2137.689,225
2137.743,226
2137.797,226
2137.85,226
2137.904,225
2137.958,226
2138.012,226
2138.113,225
2138.167,226
2138.221,226
2138.275,226
2138.328,226
2138.382,225
2138.436,226
2138.49,226
2138.543,226
2138.597,226
2138.651,225
2138.705,226
2138.758,226
2138.812,225
2138.866,226
2138.92,226
2138.974,226
2139.027,225
2139.081,225
2139.135,226
2139.189,225
2139.242,226
2139.296,226
2139.35,225
2139.404,226
2139.457,225
2139.511,225
2139.565,225
2139.619,225
2139.672,225
2139.726,226
2139.78,226
2139.834,225
2139.887,226
2139.941,225
2139.995,225
2140.049,226
2140.102,226
2140.156,226
2140.21,226
2140.264,225
2140.317,225
2140.371,226
2140.425,226
2140.479,225
2140.533,226
2140.586,226
2140.64,225
2140.694,225
2140.748,226
2140.801,225
2140.855,225
2140.909,226
2140.963,226
2141.016,226
2141.07,226
2141.124,226
2141.178,226
2141.231,225
2141.285,226
2141.339,225
2141.393,225
2141.446,225
2141.5,226
2141.554,225
2141.608,225
2141.662,226
2141.715,226
2141.769,225
2141.823,225
2141.877,226
2141.93,226
2141.984,226
2142.038,225
2142.092,226
2142.145,225
2142.199,225
2142.253,225
2142.307,226
2142.36,226
2142.414,225
2142.468,226
2142.522,226
2142.575,225
2142.629,226
2142.683,225
2142.737,225
2142.79,225
2142.844,225
2142.898,225
2142.952,225
2143.006,226
2143.059,226
2143.113,225
2143.167,226
2143.221,225
2143.274,226
2143.328,226
2143.382,226
2143.436,226
2143.537,226
2143.591,225
2143.645,225
2143.699,226
2143.752,226
2143.806,226
2143.86,226
2143.914,226
2143.967,225
2144.021,226
2144.075,225
2144.129,225
2144.182,226
2144.236,225
2144.29,226
2144.344,226
2144.398,226
2144.451,226
2144.505,226
2144.559,226
2144.613,225
2144.666,225
2144.72,225
2144.774,225
2144.828,226
2144.881,225
2144.935,225
2144.989,226
2145.043,225
2145.096,225
2145.15,226
2145.204,225
2145.258,225
2145.311,225
2145.365,226
2145.419,226
2145.473,225
2145.526,225
2145.58,225
2145.634,225
2145.688,227
2145.741,225
2145.795,225
2145.849,225
2145.903,225
2145.957,225
2146.01,226
2146.064,225
2146.118,225
2146.172,225
2146.225,225
2146.279,225
2146.333,225
2146.387,225
2146.44,225
2146.494,225
2146.548,225
2146.602,225
2146.655,226
2146.709,226
2146.763,225
2146.817,226
2146.87,225
2146.924,225
2146.978,226
2147.032,225
2147.085,225
2147.139,225
2147.193,225
2147.247,225
2147.301,226
2147.354,226
2147.408,225
2147.462,225
2147.516,225
2147.569,226
2147.623,225
2147.677,225
2147.731,225
2147.784,225
2147.838,225
2147.892,225
2147.946,225
2147.999,226
2148.053,225
2148.107,225
2148.161,225
2148.214,225
2148.268,225
2148.322,225
2148.376,225
2148.429,225
2148.483,225
2148.537,225
2148.591,225
2148.645,225
2148.698,225
2148.752,225
2148.806,225
2148.86,225
2148.967,225
2149.021,225
2149.075,225
2149.128,225
2149.182,225
2149.236,225
2149.29,225
2149.343,225
2149.397,225
2149.451,225
2149.505,226
2149.558,225
2149.612,225
2149.666,225
2149.72,225
2149.774,226
2149.827,225
2149.881,226
2149.935,226
2149.989,226
2150.042,226
2150.096,226
2150.15,226
2150.204,225
2150.257,226
2150.311,225
2150.365,225
2150.419,225
2150.472,226
2150.526,225
2150.58,226
2150.634,226
2150.687,225
2150.741,225
2150.795,225
2150.849,225
2150.902,226
2150.956,226
2151.01,226
2151.064,226
2151.118,226
2151.171,226
2151.225,225
2151.279,225
2151.333,226
2151.386,225
2151.44,225
2151.494,225
2151.548,226
2151.601,225
2151.655,225
2151.709,226
2151.763,226
2151.816,226
2151.87,226
2151.924,226
2151.978,226
2152.031,226
2152.085,226
2152.139,225
2152.193,226
2152.246,226
2152.3,226
2152.354,226
2152.408,225
2152.461,225
2152.515,225
2152.569,226
2152.623,225
2152.677,226
2152.73,226
2152.784,226
2152.838,225
2152.892,226
2152.945,225
2152.999,226
2153.053,226
2153.107,225
2153.16,226
2153.214,226
2153.268,225
2153.322,225
2153.375,226
2153.429,226
2153.483,225
2153.537,226
2153.59,226
2153.644,226
2153.698,226
2153.752,225
2153.806,226
2153.859,225
2153.913,225
2153.967,225
2154.021,225
2154.074,226
2154.128,226
2154.182,226
2154.236,226
2154.289,226
2154.391,226
2154.445,225
2154.499,226
2154.552,225
2154.606,225
2154.66,225
2154.714,225
2154.767,225
2154.821,225
2154.875,225
2154.929,225
2154.982,225
2155.036,225
2155.09,225
2155.144,225
2155.197,225
2155.251,226
2155.305,225
2155.359,225
2155.413,225
2155.466,225
2155.52,225
2155.574,225
2155.628,225
2155.681,225
2155.735,225
2155.789,225
2155.843,226
2155.896,226
2155.95,226
2156.004,226
2156.058,226
2156.111,226
2156.165,226
2156.219,226
2156.273,225
2156.326,226
2156.38,226
2156.434,225
2156.488,225
2156.542,226
2156.595,225
2156.649,226
2156.703,226
2156.757,225
2156.81,225
2156.864,225
2156.918,225
2156.972,225
2157.025,225
2157.079,225
2157.133,225
2157.187,225
2157.24,225
2157.294,226
2157.348,225
2157.402,225
2157.455,225
2157.509,225
2157.563,225
2157.617,225
2157.67,225
2157.724,225
2157.778,225
2157.832,225
2157.885,226
2157.939,225
2157.993,225
2158.047,226
2158.101,225
2158.154,226
2158.208,226
2158.262,225
2158.316,225
2158.369,225
2158.423,226
2158.477,225
2158.531,226
2158.584,226
2158.638,226
2158.692,225
2158.746,225
2158.799,226
2158.853,225
2158.907,226
2158.961,226
2159.014,225
2159.068,226
2159.122,226
2159.176,225
2159.229,225
2159.283,225
2159.337,225
2159.391,226
2159.445,225
2159.498,226
2159.552,225
2159.606,226
2159.66,226
2159.713,225
2159.815,225
2159.869,226
2159.923,225
2159.976,226
2160.03,226
2160.084,225
2160.138,225
2160.191,226
2160.245,225
2160.299,225
2160.353,225
2160.406,225
2160.46,225
2160.514,225
2160.568,225
2160.621,225
2160.675,225
2160.729,225
2160.783,225
2160.837,225
2160.89,225
2160.944,225
2160.998,225
2161.052,225
2161.105,225
2161.159,225
2161.213,226
2161.267,226
2161.32,225
2161.374,226
2161.428,225
2161.482,226
2161.535,226
2161.589,225
2161.643,226
2161.697,226
2161.75,226
2161.804,226
2161.858,225
2161.912,225
2161.966,226
2162.019,226
2162.073,226
2162.127,226
2162.181,226
2162.234,226
2162.288,226
2162.342,226
2162.396,226
2162.449,226
2162.503,226
2162.557,226
2162.611,226
2162.664,226
2162.718,225
2162.772,226
2162.826,225
2162.879,225
2162.933,225
2162.987,225
2163.041,225
2163.094,226
2163.148,226
2163.202,225
2163.256,226
2163.31,226
2163.363,226
2163.417,226
2163.471,226
2163.525,226
2163.578,225
2163.632,225
2163.686,226
2163.74,226
2163.793,225
2163.847,225
2163.901,225
2163.955,225
2164.008,226
2164.062,226
2164.116,225
2164.17,226
2164.223,226
2164.277,225
2164.331,225
2164.385,225
2164.438,225
2164.492,226
2164.546,226
2164.6,226
2164.654,226
2164.707,226
2164.761,225
2164.815,225
2164.869,226
2164.922,226
2164.976,226
2165.03,226
2165.084,226
2165.137,225
2165.245,225
2165.299,225
2165.352,226
2165.406,225
2165.46,226
2165.514,225
2165.567,226
2165.621,225
2165.675,225
2165.729,226
2165.782,226
2165.836,226
2165.89,226
2165.944,225
2165.998,226
2166.051,226
2166.105,226
2166.159,225
2166.213,225
2166.266,225
2166.32,225
2166.374,225
2166.428,225
2166.481,225
2166.535,225
2166.589,225
2166.643,225
2166.696,225
2166.75,225
2166.804,225
2166.858,225
2166.911,225
2166.965,225
2167.019,225
2167.073,225
2167.126,225
2167.18,225
2167.234,225
2167.288,225
2167.341,225
2167.395,225
2167.449,225
2167.503,226
2167.557,225
2167.61,225
2167.664,225
2167.718,225
2167.772,226
2167.825,226
2167.879,225
2167.933,225
2167.987,225
2168.04,225
2168.094,226
2168.148,225
2168.202,225
2168.255,226
2168.309,225
2168.363,226
2168.417,226
2168.47,225
2168.524,225
2168.578,225
2168.632,226
2168.686,226
2168.739,226
2168.793,226
2168.847,226
2168.901,226
2168.954,225
2169.008,226
2169.062,225
2169.116,226
2169.169,225
2169.223,226
2169.277,225
2169.331,225
2169.384,225
2169.438,225
2169.492,225
2169.546,225
2169.599,226
2169.653,225
2169.707,225
2169.761,226
2169.814,226
2169.868,225
2169.922,225
2169.976,226
2170.029,225
2170.083,226
2170.137,225
2170.191,225
2170.245,225
2170.298,226
2170.352,225
2170.406,226
2170.46,226
2170.513,226
2170.567,226
2170.669,226
2170.723,225
2170.776,226
2170.83,225
2170.884,226
2170.938,226
2170.991,225
2171.045,225
2171.099,225
2171.153,225
2171.206,225
2171.26,225
2171.314,225
2171.368,226
2171.422,226
2171.475,226
2171.529,226
2171.583,226
2171.637,226
2171.69,226
2171.744,226
2171.798,226
2171.852,226
2171.905,226
2171.959,226
2172.013,226
2172.067,226
2172.12,226
2172.174,226
2172.228,226
2172.282,226
2172.335,226
2172.389,226
2172.443,226
2172.497,225
2172.55,226
2172.604,226
2172.658,227
2172.712,225
2172.766,226
2172.819,226
2172.873,225
2172.927,226
2172.981,225
2173.034,225
2173.088,226
2173.142,225
2173.196,225
2173.249,226
2173.303,226
2173.357,225
2173.411,226
2173.464,225
2173.518,225
2173.572,226
2173.626,225
2173.679,226
2173.733,226
2173.787,226
2173.841,226
2173.894,226
2173.948,226
2174.002,226
2174.056,226
2174.11,226
2174.163,226
2174.217,226
2174.271,226
2174.325,226
2174.378,226
2174.432,225
2174.486,226
2174.54,225
2174.593,226
2174.647,226
2174.701,226
2174.755,226
2174.808,226
2174.862,226
2174.916,226
2174.97,225
2175.023,226
2175.077,225
2175.131,225
2175.185,225
2175.238,225
2175.292,225
2175.346,226
2175.4,226
2175.454,226
2175.507,226
2175.561,226
2175.615,225
2175.669,226
2175.722,225
2175.776,226
2175.83,225
2175.884,226
2175.937,226
2175.991,226
2176.093,226
2176.147,226
2176.2,226
2176.254,226
2176.308,226
2176.362,225
2176.415,225
2176.469,226
2176.523,226
2176.577,226
2176.63,226
2176.684,226
2176.738,226
2176.792,226
2176.846,226
2176.899,225
2176.953,226
2177.007,226
2177.061,226
2177.114,225
2177.168,225
2177.222,225
2177.276,225
2177.329,225
2177.383,226
2177.437,226
2177.491,226
2177.544,226
2177.598,226
2177.652,226
2177.706,226
2177.759,226
2177.813,226
2177.867,226
2177.921,226
2177.974,226
2178.028,225
2178.082,226
2178.136,226
2178.19,226
2178.243,226
2178.297,226
2178.351,226
2178.405,226
2178.458,226
2178.512,226
2178.566,226
2178.62,226
2178.673,225
2178.727,226
2178.781,226
2178.835,226
2178.888,226
2178.942,226
2178.996,226
2179.05,225
2179.103,225
2179.157,226
2179.211,226
2179.265,226
2179.318,226
2179.372,226
2179.426,226
2179.48,226
2179.534,226
2179.587,226
2179.641,226
2179.695,226
2179.749,226
2179.802,226
2179.856,226
2179.91,226
2179.964,225
2180.017,225
2180.071,225
2180.125,225
2180.179,225
2180.232,225
2180.286,225
2180.34,226
2180.394,225
2180.447,225
2180.501,225
2180.555,225
2180.609,226
2180.662,226
2180.716,225
2180.77,226
2180.824,226
2180.877,226
2180.931,226
2180.985,226
2181.039,226
2181.093,226
2181.146,226
2181.2,226
2181.254,226
2181.308,226
2181.361,226
2181.415,226
2181.523,226
2181.576,225
2181.63,225
2181.684,226
2181.738,225
2181.791,225
2181.845,226
2181.899,225
2181.953,226
2182.006,225
2182.06,225
2182.114,225
2182.168,226
2182.222,226
2182.275,226
2182.329,226
2182.383,226
2182.437,225
2182.49,226
2182.544,226
2182.598,225
2182.652,226
2182.705,226
2182.759,225
2182.813,226
2182.867,225
2182.92,225
2182.974,226
2183.028,226
2183.082,226
2183.135,226
2183.189,226
2183.243,226
2183.297,226
2183.35,226
2183.404,226
2183.458,226
2183.512,226
2183.566,226
2183.619,226
2183.673,226
2183.727,226
2183.781,226
2183.834,226
2183.888,226
2183.942,226
2183.996,226
2184.049,226
2184.103,226
2184.157,226
2184.211,226
2184.264,226
2184.318,226
2184.372,226
2184.426,226
2184.479,226
2184.533,226
2184.587,226
2184.641,226
2184.694,226
2184.748,226
2184.802,226
2184.856,226
2184.91,226
2184.963,226
2185.017,226
2185.071,226
2185.125,226
2185.178,226
2185.232,226
2185.286,226
2185.34,226
2185.393,226
2185.447,226
2185.501,226
2185.555,226
2185.608,225
2185.662,226
2185.716,226
2185.77,226
2185.823,226
2185.877,226
2185.931,226
2185.985,226
2186.038,226
2186.092,226
2186.146,226
2186.2,226
2186.254,226
2186.307,226
2186.361,226
2186.415,226
2186.469,226
2186.522,226
2186.576,226
2186.63,226
2186.684,225
2186.737,226
2186.791,226
2186.845,226
2186.947,226
2187.0,226
2187.054,226
2187.108,226
2187.162,226
2187.215,226
2187.269,226
2187.323,226
2187.377,226
2187.43,226
2187.484,226
2187.538,226
2187.592,226
2187.646,226
2187.699,226
2187.753,226
2187.807,226
2187.861,226
2187.914,225
2187.968,225
2188.022,226
2188.076,225
2188.129,225
2188.183,225
2188.237,226
2188.291,226
2188.344,225
2188.398,225
2188.452,225
2188.506,225
2188.559,225
2188.613,225
2188.667,225
2188.721,226
2188.774,226
2188.828,226
2188.882,226
2188.936,226
2188.989,225
2189.043,225
2189.097,225
2189.151,226
2189.205,226
2189.258,226
2189.312,226
2189.366,226
2189.42,226
2189.473,226
2189.527,226
2189.581,226
2189.635,226
2189.688,226
2189.742,225
2189.796,226
2189.85,226
2189.903,225
2189.957,226
2190.011,226
2190.065,226
2190.118,226
2190.172,226
2190.226,225
2190.28,226
2190.334,226
2190.387,226
2190.441,226
2190.495,226
2190.549,226
2190.602,226
2190.656,226
2190.71,226
2190.764,226
2190.817,226
2190.871,226
2190.925,226
2190.979,225
2191.032,225
2191.086,226
2191.14,225
2191.194,226
2191.247,226
2191.301,226
2191.355,225
2191.409,225
2191.462,225
2191.516,225
2191.57,226
2191.624,225
2191.678,226
2191.731,226
2191.785,225
2191.839,226
2191.893,225
2191.946,226
2192.0,226
2192.054,226
2192.108,226
2192.161,226
2192.215,226
2192.269,226
2192.376,226
2192.43,226
2192.484,226
2192.538,226
2192.591,226
2192.645,226
2192.699,226
2192.753,226
2192.806,226
2192.86,226
2192.914,226
2192.968,226
2193.022,226
2193.075,226
2193.129,226
2193.183,226
2193.237,226
2193.29,226
2193.344,226
2193.398,226
2193.452,226
2193.505,226
2193.559,226
2193.613,226
2193.667,226
2193.72,226
2193.774,226
2193.828,226
2193.882,226
2193.935,226
2193.989,226
2194.043,226
2194.097,226
2194.15,226
2194.204,226
2194.258,226
2194.312,226
2194.366,226
2194.419,226
2194.473,226
2194.527,226
2194.581,225
2194.634,226
2194.688,226
2194.742,226
2194.796,226
2194.849,225
2194.903,226
2194.957,226
2195.011,226
2195.064,225
2195.118,226
2195.172,225
2195.226,226
2195.279,226
2195.333,226
2195.387,226
2195.441,226
2195.494,226
2195.548,226
2195.602,226
2195.656,226
2195.71,226
2195.763,226
2195.817,226
2195.871,226
2195.925,226
2195.978,226
2196.032,226
2196.086,226
2196.14,226
2196.193,226
2196.247,226
2196.301,226
2196.355,226
2196.408,226
2196.462,226
2196.516,226
2196.57,226
2196.623,226
2196.677,226
2196.731,226
2196.785,226
2196.838,226
2196.892,226
2196.946,226
2197.0,226
2197.053,225
2197.107,226
2197.161,225
2197.215,225
2197.269,226
2197.322,226
2197.376,225
2197.43,226
2197.484,226
2197.537,226
2197.591,226
2197.645,226
2197.699,226
2197.8,226
2197.854,226
2197.908,225
2197.962,226
2198.015,225
2198.069,226
2198.123,225
2198.177,225
2198.23,225
2198.284,226
2198.338,226
2198.392,226
2198.446,226
2198.499,226
2198.553,226
2198.607,225
2198.661,226
2198.714,226
2198.768,226
2198.822,226
2198.876,226
2198.929,226
2198.983,226
2199.037,226
2199.091,226
2199.144,226
2199.198,226
2199.252,226
2199.306,226
2199.359,226
2199.413,226
2199.467,226
2199.521,226
2199.574,225
2199.628,226
2199.682,226
2199.736,226
2199.789,226
2199.843,225
2199.897,226
2199.951,226
2200.005,226
2200.058,225
2200.112,226
2200.166,226
2200.22,226
2200.273,226
2200.327,226
2200.381,226
2200.435,226
2200.488,226
2200.542,226
2200.596,226
2200.65,225
2200.703,226
2200.757,226
2200.811,226
2200.865,225
2200.918,226
2200.972,225
2201.026,226
2201.08,226
2201.134,226
2201.187,226
2201.241,226
2201.295,226
2201.349,226
2201.402,226
2201.456,226
2201.51,226
2201.564,226
2201.617,226
2201.671,226
2201.725,226
2201.779,226
2201.832,226
2201.886,226
2201.94,226
2201.994,226
2202.047,226
2202.101,226
2202.155,226
2202.209,226
2202.262,226
2202.316,226
2202.37,226
2202.424,226
2202.478,226
2202.531,226
2202.585,226
2202.639,226
2202.693,226
2202.746,226
2202.8,226
2202.854,226
2202.908,226
2202.961,226
2203.015,226
2203.069,226
2203.123,226
2203.224,226
2203.278,225
2203.332,225
2203.386,226
2203.439,226
2203.493,226
2203.547,226
2203.601,226
2203.654,226
2203.708,225
2203.762,226
2203.816,226
2203.87,226
2203.923,226
2203.977,226
2204.031,226
2204.085,226
2204.138,226
2204.192,226
2204.246,226
2204.3,226
2204.353,226
2204.407,226
2204.461,226
2204.515,226
2204.568,226
2204.622,226
2204.676,225
2204.73,226
2204.783,226
2204.837,225
2204.891,226
2204.945,225
2204.998,226
2205.052,225
2205.106,226
2205.16,226
2205.214,226
2205.267,226
2205.321,226
2205.375,225
2205.429,225
2205.482,225
2205.536,226
2205.59,226
2205.644,226
2205.697,226
2205.751,226
2205.805,226
2205.859,226
2205.912,226
2205.966,226
2206.02,226
2206.074,226
2206.127,226
2206.181,226
2206.235,226
2206.289,226
2206.342,226
2206.396,226
2206.45,226
2206.504,226
2206.558,226
2206.611,226
2206.665,226
2206.719,226
2206.773,226
2206.826,225
2206.88,226
2206.934,226
2206.988,226
2207.041,226
2207.095,226
2207.149,226
2207.203,226
2207.256,226
2207.31,226
2207.364,226
2207.418,226
2207.471,226
2207.525,226
2207.579,226
2207.633,226
2207.686,226
2207.74,226
2207.794,226
2207.848,226
2207.902,226
2207.955,226
2208.009,226
2208.063,226
2208.117,226
2208.17,226
2208.224,226
2208.278,225
2208.332,226
2208.385,226
2208.439,226
2208.493,226
2208.547,226
2208.654,226
2208.708,226
2208.762,226
2208.815,226
2208.869,226
2208.923,226
2208.977,226
2209.03,226
2209.084,226
2209.138,226
2209.192,226
2209.246,226
2209.299,226
2209.353,226
2209.407,226
2209.461,226
2209.514,226
2209.568,226
2209.622,226
2209.676,226
2209.729,226
2209.783,226
2209.837,226
2209.891,226
2209.944,226
2209.998,226
2210.052,226
2210.106,226
2210.159,226
2210.213,225
2210.267,225
2210.321,226
2210.374,226
2210.428,226
2210.482,226
2210.536,226
2210.59,226
2210.643,225
2210.697,226
2210.751,226
2210.805,225
2210.858,226
2210.912,226
2210.966,226
2211.02,226
2211.073,226
2211.127,226
2211.181,226
2211.235,225
2211.288,226
2211.342,226
2211.396,225
2211.45,226
2211.503,226
2211.557,225
2211.611,225
2211.665,226
2211.718,225
2211.772,226
2211.826,225
2211.88,226
2211.933,225
2211.987,226
2212.041,226
2212.095,225
2212.149,225
2212.202,226
2212.256,226
2212.31,226
2212.364,225
2212.417,225
2212.471,225
2212.525,225
2212.579,225
2212.632,225
2212.686,225
2212.74,225
2212.794,226
2212.847,225
2212.901,225
2212.955,225
2213.009,226
2213.062,226
2213.116,226
2213.17,225
2213.224,225
2213.278,226
2213.331,225
2213.385,225
2213.439,226
2213.493,225
2213.546,226
2213.6,225
2213.654,225
2213.708,225
2213.761,226
2213.815,226
2213.869,225
2213.923,226
2213.976,226
2214.078,225
2214.132,225
2214.186,225
2214.239,225
2214.293,225
2214.347,225
2214.401,225
2214.454,226
2214.508,226
2214.562,225
2214.616,226
2214.669,226
2214.723,226
2214.777,226
2214.831,225
2214.885,225
2214.938,225
2214.992,225
2215.046,225
2215.1,226
2215.153,225
2215.207,226
2215.261,225
2215.315,226
2215.368,226
2215.422,225
2215.476,226
2215.53,225
2215.583,226
2215.637,225
2215.691,225
2215.745,225
2215.798,225
2215.852,226
2215.906,226
2215.96,225
2216.013,225
2216.067,226
2216.121,225
2216.175,226
2216.229,225
2216.282,225
2216.336,226
2216.39,226
2216.444,226
2216.497,226
2216.551,225
2216.605,225
2216.659,226
2216.712,225
2216.766,226
2216.82,226
2216.874,226
2216.927,226
2216.981,226
2217.035,226
2217.089,225
2217.142,226
2217.196,226
2217.25,225
2217.304,226
2217.358,226
2217.411,226
2217.465,226
2217.519,226
2217.573,226
2217.626,226
2217.68,226
2217.734,226
2217.788,226
2217.841,226
2217.895,226
2217.949,226
2218.003,226
2218.056,226
2218.11,226
2218.164,226
2218.218,225
2218.271,225
2218.325,226
2218.379,226
2218.433,226
2218.486,226
2218.54,226
2218.594,226
2218.648,226
2218.702,226
2218.755,226
2218.809,226
2218.863,225
2218.917,226
2218.97,226
2219.024,226
2219.078,225
2219.132,225
2219.185,225
2219.239,226
2219.293,225
2219.347,226
2219.4,225
2219.502,225
2219.556,226
2219.61,226
2219.663,226
2219.717,225
2219.771,226
2219.825,226
2219.878,225
2219.932,225
2219.986,225
2220.04,226
2220.094,226
2220.147,226
2220.201,226
2220.255,226
2220.309,226
2220.362,226
2220.416,226
2220.47,226
2220.524,225
2220.577,226
2220.631,226
2220.685,226
2220.739,226
2220.792,225
2220.846,226
2220.9,225
2220.954,226
2221.007,226
2221.061,226
2221.115,226
2221.169,226
2221.222,226
2221.276,225
2221.33,226
2221.384,225
2221.437,225
2221.491,225
2221.545,225
2221.599,225
2221.653,225
2221.706,226
2221.76,225
2221.814,226
2221.868,226
2221.921,226
2221.975,226
2222.029,226
2222.083,226
2222.136,226
2222.19,226
2222.244,225
2222.298,226
2222.351,226
2222.405,226
2222.459,226
2222.513,226
2222.566,226
2222.62,225
2222.674,226
2222.728,225
2222.782,226
2222.835,225
2222.889,225
2222.943,225
2222.997,226
2223.05,226
2223.104,226
2223.158,225
2223.212,225
2223.265,226
2223.319,226
2223.373,226
2223.427,226
2223.48,226
2223.534,226
2223.588,226
2223.642,225
2223.695,226
2223.749,225
2223.803,226
2223.857,226
2223.91,225
2223.964,225
2224.018,226
2224.072,225
2224.125,225
2224.179,225
2224.233,226
2224.287,225
2224.341,225
2224.394,226
2224.448,225
2224.502,226
2224.556,226
2224.609,226
2224.663,226
2224.717,225
2224.771,226
2224.824,226
2224.932,225
2224.986,226
2225.039,226
2225.093,225
2225.147,225
2225.201,226
2225.254,226
2225.308,226
2225.362,225
2225.416,226
2225.469,225
2225.523,225
2225.577,226
2225.631,226
2225.685,226
2225.738,225
2225.792,226
2225.846,226
2225.9,226
2225.953,226
2226.007,226
2226.061,226
2226.115,226
2226.168,226
2226.222,225
2226.276,225
2226.33,226
2226.383,226
2226.437,226
2226.491,226
2226.545,226
2226.598,226
2226.652,226
2226.706,226
2226.76,226
2226.813,225
2226.867,225
2226.921,225
2226.975,226
2227.029,226
2227.082,226
2227.136,226
2227.19,225
2227.244,226
2227.297,226
2227.351,226
2227.405,226
2227.459,226
2227.512,225
2227.566,225
2227.62,225
2227.674,225
2227.727,226
2227.781,226
2227.835,226
2227.889,225
2227.942,226
2227.996,225
2228.05,226
2228.104,226
2228.157,225
2228.211,226
2228.265,225
2228.319,225
2228.373,225
2228.426,226
2228.48,226
2228.534,226
2228.588,226
2228.641,226
2228.695,226
2228.749,226
2228.803,226
2228.856,225
2228.91,226
2228.964,226
2229.018,226
2229.071,226
2229.125,226
2229.179,226
2229.233,226
2229.286,226
2229.34,226
2229.394,226
2229.448,226
2229.502,226
2229.555,226
2229.609,226
2229.663,226
2229.717,226
2229.77,226
2229.824,226
2229.878,226
2229.932,226
2229.985,226
2230.039,226
2230.093,226
2230.147,226
2230.2,226
2230.254,226
2230.356,226
2230.41,226
2230.463,226
2230.517,226
2230.571,226
2230.625,226
2230.678,226
2230.732,226
2230.786,226
2230.84,226
2230.894,226
2230.947,226
2231.001,226
2231.055,226
2231.109,226
2231.162,226
2231.216,226
2231.27,226
2231.324,226
2231.377,226
2231.431,226
2231.485,226
2231.539,226
2231.592,225
2231.646,226
2231.7,225
2231.754,226
2231.807,226
2231.861,225
2231.915,226
2231.969,226
2232.022,226
2232.076,226
2232.13,226
2232.184,226
2232.238,226
2232.291,226
2232.345,226
2232.399,226
2232.453,226
2232.506,226
2232.56,226
2232.614,226
2232.668,226
2232.721,226
2232.775,226
2232.829,226
2232.883,226
2232.936,226
2232.99,226
2233.044,226
2233.098,226
2233.151,226
2233.205,226
2233.259,226
2233.313,226
2233.366,226
2233.42,226
2233.474,226
2233.528,226
2233.582,226
2233.635,226
2233.689,226
2233.743,226
2233.797,226
2233.85,226
2233.904,226
2233.958,226
2234.012,226
2234.065,226
2234.119,226
2234.173,226
2234.227,226
2234.28,226
2234.334,226
2234.388,226
2234.442,226
2234.495,226
2234.549,226
2234.603,225
2234.657,225
2234.71,226
2234.764,226
2234.818,226
2234.872,225
2234.926,226
2234.979,225
2235.033,225
2235.087,225
2235.141,225
2235.194,226
2235.248,226
2235.302,225
2235.356,226
2235.409,226
2235.463,225
2235.517,226
2235.571,226
2235.624,225
2235.678,226
2235.78,226
2235.834,226
2235.887,226
2235.941,225
2235.995,226
2236.049,226
2236.102,226
2236.156,226
2236.21,226
2236.264,226
2236.318,226
2236.371,226
2236.425,226
2236.479,226
2236.533,226
2236.586,226
2236.64,226
2236.694,226
2236.748,226
2236.801,226
2236.855,226
2236.909,226
2236.963,226
2237.016,226
2237.07,226
2237.124,226
2237.178,226
2237.231,226
2237.285,226
2237.339,226
2237.393,226
2237.446,226
2237.5,226
2237.554,226
2237.608,226
2237.661,226
2237.715,226
2237.769,226
2237.823,226
2237.877,225
2237.93,225
2237.984,226
2238.038,225
2238.092,226
2238.145,226
2238.199,226
2238.253,225
2238.307,225
2238.36,226
2238.414,226
2238.468,225
2238.522,226
2238.575,225
2238.629,226
2238.683,225
2238.737,226
2238.79,226
2238.844,226
2238.898,226
2238.952,225
2239.005,225
2239.059,226
2239.113,225
2239.167,226
2239.221,226
2239.274,226
2239.328,226
2239.382,225
2239.436,225
2239.489,225
2239.543,226
2239.597,226
2239.651,225
2239.704,226
2239.758,225
2239.812,226
2239.866,226
2239.919,226
2239.973,226
2240.027,226
2240.081,226
2240.134,226
2240.188,226
2240.242,226
2240.296,226
2240.35,226
2240.403,226
2240.457,226
2240.511,226
2240.565,226
2240.618,226
2240.672,226
2240.726,225
2240.78,225
2240.833,226
2240.887,225
2240.941,226
2240.995,225
2241.048,226
2241.102,225
2241.21,225
2241.263,226
2241.317,226
2241.371,225
2241.425,226
2241.478,226
2241.532,226
2241.586,226
2241.64,226
2241.693,225
2241.747,226
2241.801,226
2241.855,226
2241.909,225
2241.962,225
2242.016,225
2242.07,226
2242.124,225
2242.177,225
2242.231,225
2242.285,225
2242.339,226
2242.392,226
2242.446,225
2242.5,226
2242.554,225
2242.607,226
2242.661,226
2242.715,225
2242.769,226
2242.822,226
2242.876,225
2242.93,225
2242.984,225
2243.038,226
2243.091,226
2243.145,225
2243.199,226
2243.253,226
2243.306,225
2243.36,226
2243.414,226
2243.468,225
2243.521,225
2243.575,226
2243.629,226
2243.683,225
2243.736,226
2243.79,226
2243.844,226
2243.898,225
2243.951,226
2244.005,226
2244.059,226
2244.113,226
2244.166,226
2244.22,226
2244.274,226
2244.328,225
2244.382,226
2244.435,226
2244.489,225
2244.543,225
2244.597,225
2244.65,225
2244.704,226
2244.758,225
2244.812,225
2244.865,225
2244.919,225
2244.973,225
2245.027,226
2245.08,225
2245.134,226
2245.188,226
2245.242,226
2245.295,226
2245.349,226
2245.403,226
2245.457,225
2245.51,225
2245.564,226
2245.618,226
2245.672,226
2245.726,226
2245.779,225
2245.833,226
2245.887,226
2245.941,226
2245.994,226
2246.048,226
2246.102,226
2246.156,226
2246.209,226
2246.263,225
2246.317,226
2246.371,226
2246.424,226
2246.478,226
2246.532,226
2246.634,226
2246.687,225
2246.741,226
2246.795,225
2246.849,225
2246.902,226
2246.956,225
2247.01,225
2247.064,225
2247.118,226
2247.171,226
2247.225,226
2247.279,225
2247.333,225
2247.386,225
2247.44,225
2247.494,225
2247.548,226
2247.601,226
2247.655,225
2247.709,226
2247.763,225
2247.816,225
2247.87,225
2247.924,226
2247.978,225
2248.031,225
2248.085,226
2248.139,226
2248.193,226
2248.246,225
2248.3,226
2248.354,226
2248.408,226
2248.461,225
2248.515,225
2248.569,225
2248.623,226
2248.677,225
2248.73,226
2248.784,225
2248.838,225
2248.892,226
2248.945,226
2248.999,226
2249.053,226
2249.107,226
2249.16,226
2249.214,225
2249.268,225
2249.322,225
2249.375,226
2249.429,226
2249.483,226
2249.537,226
2249.59,226
2249.644,226
2249.698,225
2249.752,226
2249.805,225
2249.859,225
2249.913,226
2249.967,225
2250.021,226
2250.074,226
2250.128,225
2250.182,225
2250.236,226
2250.289,225
2250.343,226
2250.397,225
2250.451,226
2250.504,226
2250.558,225
2250.612,225
2250.666,226
2250.719,226
2250.773,225
2250.827,226
2250.881,226
2250.934,226
2250.988,226
2251.042,226
2251.096,226
2251.149,226
2251.203,226
2251.257,226
2251.311,226
2251.365,226
2251.418,226
2251.472,226
2251.526,225
2251.58,225
2251.633,225
2251.687,226
2251.741,225
2251.795,225
2251.848,226
2251.902,226
2251.956,226
2252.058,226
2252.111,226
2252.165,225
2252.219,226
2252.273,225
2252.326,226
2252.38,226
2252.434,225
2252.488,226
2252.541,225
2252.595,225
2252.649,226
2252.703,226
2252.757,226
2252.81,226
2252.864,225
2252.918,226
2252.972,226
2253.025,226
2253.079,225
2253.133,225
2253.187,225
2253.24,225
2253.294,226
2253.348,226
2253.402,226
2253.455,226
2253.509,226
2253.563,225
2253.617,225
2253.67,225
2253.724,225
2253.778,226
2253.832,226
2253.885,225
2253.939,225
2253.993,225
2254.047,225
2254.101,226
2254.154,225
2254.208,226
2254.262,225
2254.316,225
2254.369,225
2254.423,225
2254.477,225
2254.531,226
2254.584,225
2254.638,226
2254.692,226
2254.746,226
2254.799,226
2254.853,226
2254.907,226
2254.961,225
2255.014,226
2255.068,226
2255.122,225
2255.176,226
2255.23,226
2255.283,225
2255.337,226
2255.391,225
2255.445,226
2255.498,226
2255.552,226
2255.606,226
2255.66,226
2255.713,226
2255.767,225
2255.821,226
2255.875,225
2255.928,225
2255.982,225
2256.036,226
2256.09,226
2256.143,226
2256.197,226
2256.251,226
2256.305,226
2256.358,226
2256.412,226
2256.466,226
2256.52,226
2256.574,226
2256.627,226
2256.681,225
2256.735,226
2256.789,226
2256.842,226
2256.896,226
2256.95,226
2257.004,225
2257.057,225
2257.111,226
2257.165,226
2257.219,226
2257.272,226
2257.326,226
2257.38,226
2257.487,226
2257.541,225
2257.595,225
2257.649,226
2257.702,226
2257.756,226
2257.81,225
2257.864,226
2257.918,226
2257.971,226
2258.025,226
2258.079,226
2258.133,226
2258.186,225
2258.24,225
2258.294,225
2258.348,226
2258.401,225
2258.455,225
2258.509,225
2258.563,225
2258.616,225
2258.67,225
2258.724,225
2258.778,226
2258.831,225
2258.885,226
2258.939,225
2258.993,226
2259.046,225
2259.1,225
2259.154,225
2259.208,225
2259.261,225
2259.315,226
2259.369,225
2259.423,225
2259.477,225
2259.53,225
2259.584,226
2259.638,225
2259.692,225
2259.745,225
2259.799,226
2259.853,225
2259.907,225
2259.96,226
2260.014,226
2260.068,226
2260.122,226
2260.175,226
2260.229,226
2260.283,226
2260.337,226
2260.39,226
2260.444,226
2260.498,225
2260.552,226
2260.606,226
2260.659,226
2260.713,226
2260.767,226
2260.821,226
2260.874,226
2260.928,226
2260.982,226
2261.036,226
2261.089,226
2261.143,226
2261.197,226
2261.251,225
2261.304,225
2261.358,226
2261.412,226
2261.466,226
2261.519,226
2261.573,226
2261.627,226
2261.681,226
2261.734,226
2261.788,226
2261.842,226
2261.896,226
2261.95,226
2262.003,226
2262.057,226
2262.111,226
2262.165,226
2262.218,226
2262.272,225
2262.326,226
2262.38,225
2262.433,226
2262.487,226
2262.541,226
2262.595,226
2262.648,225
2262.702,226
2262.756,226
2262.81,226
2262.911,226
2262.965,226
2263.019,226
2263.073,226
2263.126,226
2263.18,226
2263.234,226
2263.288,226
2263.342,226
2263.395,226
2263.449,226
2263.503,226
2263.557,226
2263.61,226
2263.664,226
2263.718,226
2263.772,226
2263.825,226
2263.879,226
2263.933,226
2263.987,226
2264.04,226
2264.094,226
2264.148,226
2264.202,225
2264.255,226
2264.309,226
2264.363,226
2264.417,226
2264.47,226
2264.524,226
2264.578,226
2264.632,226
2264.686,226
2264.739,226
2264.793,226
2264.847,226
2264.901,226
2264.954,226
2265.008,226
2265.062,226
2265.116,226
2265.169,226
2265.223,226
2265.277,226
2265.331,226
2265.384,226
2265.438,226
2265.492,226
2265.546,226
2265.599,226
2265.653,226
2265.707,226
2265.761,226
2265.814,226
2265.868,226
2265.922,226
2265.976,226
2266.03,226
2266.083,226
2266.137,226
2266.191,225
2266.245,226
2266.298,226
2266.352,226
2266.406,226
2266.46,226
2266.513,226
2266.567,226
2266.621,226
2266.675,226
2266.728,226
2266.782,226
2266.836,226
2266.89,226
2266.943,226
2266.997,226
2267.051,226
2267.105,226
2267.158,226
2267.212,226
2267.266,226
2267.32,226
2267.374,226
2267.427,226
2267.481,226
2267.535,226
2267.589,226
2267.642,226
2267.696,226
2267.75,226
2267.804,226
2267.857,226
2267.911,226
2267.965,226
2268.019,226
2268.072,226
2268.126,226
2268.18,225
2268.234,226
2268.352,226
2268.406,226
2268.459,226
2268.513,226
2268.567,226
2268.621,226
2268.674,226
2268.728,226
2268.782,226
2268.836,226
2268.889,226
2268.943,226
2268.997,226
2269.051,226
2269.104,226
2269.158,226
2269.212,226
2269.266,226
2269.319,226
2269.373,225
2269.427,225
2269.481,226
2269.534,226
2269.588,226
2269.642,226
2269.696,226
2269.75,226
2269.803,226
2269.857,226
2269.911,226
2269.965,226
2270.018,226
2270.072,226
2270.126,226
2270.18,226
2270.233,226
2270.287,226
2270.341,226
2270.395,226
2270.448,226
2270.502,225
2270.556,225
2270.61,226
2270.663,225
2270.717,226
2270.771,226
2270.825,226
2270.878,226
2270.932,226
2270.986,226
2271.04,225
2271.093,225
2271.147,226
2271.201,225
2271.255,225
2271.309,225
2271.362,225
2271.416,225
2271.47,225
2271.524,226
2271.577,225
2271.631,225
2271.685,225
2271.739,225
2271.792,225
2271.846,226
2271.9,225
2271.954,226
2272.007,226
2272.061,225
2272.115,226
2272.169,225
2272.222,226
2272.276,226
2272.33,226
2272.384,225
2272.437,225
2272.491,225
2272.545,225
2272.599,226
2272.653,226
2272.706,226
2272.76,225
2272.814,225
2272.868,226
2272.921,225
2272.975,225
2273.029,225
2273.083,226
2273.136,226
2273.19,226
2273.244,226
2273.298,226
2273.351,226
2273.405,226
2273.459,226
2273.513,226
2273.566,226
2273.62,226
2273.674,225
2273.782,225
2273.835,225
2273.889,226
2273.943,225
2273.997,225
2274.05,226
2274.104,226
2274.158,226
2274.212,226
2274.265,225
2274.319,226
2274.373,226
2274.427,226
2274.48,226
2274.534,226
2274.588,226
2274.642,225
2274.695,226
2274.749,226
2274.803,226
2274.857,226
2274.91,225
2274.964,225
2275.018,225
2275.072,225
2275.126,226
2275.179,225
2275.233,226
2275.287,225
2275.341,226
2275.394,226
2275.448,226
2275.502,225
2275.556,225
2275.609,225
2275.663,225
2275.717,225
2275.771,225
2275.824,226
2275.878,226
2275.932,226
2275.986,226
2276.039,225
2276.093,226
2276.147,225
2276.201,226
2276.254,226
2276.308,225
2276.362,225
2276.416,225
2276.47,226
2276.523,226
2276.577,226
2276.631,226
2276.685,226
2276.738,226
2276.792,226
2276.846,226
2276.9,226
2276.953,226
2277.007,226
2277.061,226
2277.115,226
2277.168,226
2277.222,225
2277.276,226
2277.33,226
2277.383,226
2277.437,225
2277.491,226
2277.545,226
2277.598,226
2277.652,226
2277.706,226
2277.76,226
2277.813,225
2277.867,225
2277.921,226
2277.975,226
2278.029,226
2278.082,226
2278.136,226
2278.19,226
2278.244,226
2278.297,226
2278.351,226
2278.405,225
2278.459,225
2278.512,225
2278.566,225
2278.62,226
2278.674,225
2278.727,225
2278.781,225
2278.835,226
2278.889,225
2278.942,225
2278.996,225
2279.05,226
2279.104,226
2279.293,226
2279.347,226
2279.4,226
2279.454,226
2279.508,226
2279.562,226
2279.615,225
2279.669,225
2279.723,225
2279.777,225
2279.83,225
2279.884,225
2279.938,225
2279.992,226
2280.045,225
2280.099,225
2280.153,226
2280.207,225
2280.261,226
2280.314,225
2280.368,226
2280.422,226
2280.476,226
2280.529,226
2280.583,226
2280.637,226
2280.691,226
2280.744,226
2280.798,226
2280.852,226
2280.906,225
2280.959,226
2281.013,226
2281.067,226
2281.121,226
2281.174,226
2281.228,226
2281.282,226
2281.336,226
2281.39,226
2281.443,226
2281.497,226
2281.551,226
2281.605,226
2281.658,226
2281.712,226
2281.766,226
2281.82,225
2281.873,226
2281.927,225
2281.981,225
2282.035,226
2282.088,225
2282.142,225
2282.196,225
2282.25,226
2282.303,225
2282.357,226
2282.411,225
2282.465,226
2282.518,226
2282.569,173
2282.619,163
2282.669,154
2282.717,146
2282.766,137
2282.813,129
2282.861,118
2282.907,106
2282.953,96
2282.998,88
2283.043,83
2283.088,81
2283.133,81
2283.178,82
2283.223,83
2283.269,83
2283.314,84
2283.359,87
2283.404,91
2283.451,97
2283.497,107
2283.544,112
2283.591,121
2283.645,225
2283.698,226
2283.752,225
2283.806,226
2283.86,226
2283.913,226
2283.967,225
2284.021,226
2284.075,226
2284.128,226
2284.182,226
2284.236,226
2284.29,226
2284.343,226
2284.397,226
2284.451,226
2284.553,226
2284.606,226
2284.66,226
2284.714,226
2284.768,226
2284.822,226
2284.875,226
2284.929,226
2284.983,226
2285.037,226
2285.09,226
2285.144,226
2285.198,226
2285.252,226
2285.305,226
2285.359,226
2285.413,226
2285.467,226
2285.52,226
2285.574,226
2285.628,226
2285.682,226
2285.735,226
2285.789,226
2285.843,226
2285.897,225
2285.95,226
2286.004,226
2286.058,226
2286.112,226
2286.166,226
2286.219,226
2286.273,226
2286.327,226
2286.381,226
2286.434,226
2286.488,226
2286.542,226
2286.596,226
2286.649,226
2286.703,226
2286.757,226
2286.811,226
2286.864,226
2286.918,226
2286.972,226
2287.026,226
2287.079,226
2287.133,226
2287.187,226
2287.241,226
2287.294,226
2287.348,226
2287.402,226
2287.456,226
2287.51,226
2287.563,226
2287.617,226
2287.671,226
2287.725,226
2287.778,226
2287.832,226
2287.886,226
2287.94,226
2287.993,226
2288.047,226
2288.101,226
2288.155,226
2288.208,226
2288.262,226
2288.316,226
2288.37,226
2288.423,226
2288.477,226
2288.531,226
2288.585,226
2288.638,225
2288.692,226
2288.746,226
2288.8,226
2288.854,226
2288.907,226
2288.961,226
2289.015,226
2289.069,226
2289.122,226
2289.176,226
2289.23,226
2289.284,226
2289.337,226
2289.391,226
2289.445,226
2289.499,226
2289.552,226
2289.606,225
2289.66,226
2289.714,226
2289.767,226
2289.821,226
2289.875,226
2289.982,226
2290.036,226
2290.09,226
2290.144,226
2290.197,225
2290.251,225
2290.305,226
2290.359,225
2290.413,226
2290.466,225
2290.52,226
2290.574,226
2290.628,225
2290.681,226
2290.735,226
2290.789,225
2290.843,225
2290.896,226
2290.95,226
2291.004,226
2291.058,226
2291.111,226
2291.165,226
2291.219,226
2291.273,225
2291.326,225
2291.38,225
2291.434,226
2291.488,226
2291.542,226
2291.595,226
2291.649,226
2291.703,225
2291.757,226
2291.81,226
2291.864,226
2291.918,226
2291.972,226
2292.025,225
2292.079,226
2292.133,226
2292.187,226
2292.24,225
2292.294,225
2292.348,225
2292.402,226
2292.455,225
2292.509,225
2292.563,225
2292.617,225
2292.67,225
2292.724,226
2292.778,225
2292.832,225
2292.885,225
2292.939,225
2292.993,225
2293.047,226
2293.101,225
2293.154,225
2293.208,225
2293.262,225
2293.316,225
2293.369,226
2293.423,225
2293.477,226
2293.531,225
2293.584,225
2293.638,225
2293.692,226
2293.746,225
2293.799,225
2293.853,225
2293.907,226
2293.961,225
2294.014,225
2294.068,225
2294.122,225
2294.176,226
2294.229,225
2294.283,226
2294.337,225
2294.391,226
2294.445,225
2294.498,225
2294.552,225
2294.606,226
2294.66,226
2294.713,226
2294.767,225
2294.821,225
2294.875,226
2294.928,226
2294.982,226
2295.036,226
2295.09,226
2295.143,225
2295.197,226
2295.251,226
2295.305,226
2295.406,226
2295.46,226
2295.514,226
2295.568,226
2295.622,226
2295.675,226
2295.729,226
2295.783,226
2295.837,226
2295.89,226
2295.944,226
2295.998,226
2296.052,225
2296.105,226
2296.159,226
2296.213,226
2296.267,226
2296.32,226
2296.374,226
2296.428,226
2296.482,226
2296.535,226
2296.589,226
2296.643,226
2296.697,226
2296.75,226
2296.804,226
2296.858,226
2296.912,226
2296.966,226
2297.019,226
2297.073,226
2297.127,226
2297.181,226
2297.234,226
2297.288,226
2297.342,226
2297.396,226
2297.449,226
2297.503,226
2297.557,226
2297.611,226
2297.664,226
2297.718,226
2297.772,226
2297.826,226
2297.879,226
2297.933,226
2297.987,226
2298.041,226
2298.094,226
2298.148,226
2298.202,226
2298.256,226
2298.31,226
2298.363,226
2298.417,226
2298.471,226
2298.525,226
2298.578,226
2298.632,226
2298.686,226
2298.74,226
2298.793,226
2298.847,226
2298.901,226
2298.955,226
2299.008,226
2299.062,226
2299.116,226
2299.17,226
2299.223,225
2299.277,226
2299.331,226
2299.385,226
2299.438,225
2299.492,226
2299.546,226
2299.6,226
2299.654,226
2299.707,226
2299.761,226
2299.815,226
2299.869,226
2299.922,226
2299.976,226
2300.03,226
2300.084,226
2300.137,226
2300.191,226
2300.245,226
2300.299,226
2300.352,226
2300.406,226
2300.46,226
2300.514,225
2300.567,226
2300.621,226
2300.675,226
2300.729,226
2300.831,226
2300.884,226
2300.938,226
2300.992,225
2301.046,226
2301.099,226
2301.153,226
2301.207,226
2301.261,226
2301.314,226
2301.368,226
2301.422,226
2301.476,226
2301.529,226
2301.583,226
2301.637,226
2301.691,226
2301.744,226
2301.798,226
2301.852,226
2301.906,226
2301.959,226
2302.013,226
2302.067,226
2302.121,226
2302.174,226
2302.228,226
2302.282,226
2302.336,226
2302.39,226
2302.443,226
2302.497,226
2302.551,226
2302.605,226
2302.658,226
2302.712,226
2302.766,226
2302.82,226
2302.873,226
2302.927,226
2302.981,226
2303.035,226
2303.088,226
2303.142,226
2303.196,226
2303.25,226
2303.303,226
2303.357,226
2303.411,226
2303.465,226
2303.518,225
2303.572,226
2303.626,226
2303.68,225
2303.734,226
2303.787,226
2303.841,226
2303.895,226
2303.949,226
2304.002,226
2304.056,226
2304.11,226
2304.164,226
2304.217,226
2304.271,226
2304.325,226
2304.379,226
2304.432,226
2304.486,226
2304.54,225
2304.594,225
2304.647,226
2304.701,226
2304.755,225
2304.809,226
2304.862,226
2304.916,226
2304.97,226
2305.024,225
2305.078,226
2305.131,225
2305.185,226
2305.239,226
2305.293,226
2305.346,226
2305.4,225
2305.454,225
2305.508,226
2305.561,226
2305.615,225
2305.669,225
2305.723,225
2305.776,226
2305.83,226
2305.884,226
2305.938,225
2305.991,226
2306.045,225
2306.099,227
2306.153,225
2306.26,226
2306.314,225
2306.368,226
2306.421,225
2306.475,225
2306.529,226
2306.583,225
2306.637,226
2306.69,226
2306.744,226
2306.798,225
2306.852,226
2306.905,226
2306.959,225
2307.013,226
2307.067,226
2307.12,225
2307.174,225
2307.228,226
2307.282,225
2307.335,226
2307.389,226
2307.443,226
2307.497,226
2307.55,226
2307.604,226
2307.658,226
2307.712,226
2307.766,226
2307.819,226
2307.873,226
2307.927,226
2307.981,226
2308.034,226
2308.088,226
2308.142,226
2308.196,226
2308.249,226
2308.303,226
2308.357,226
2308.411,226
2308.464,226
2308.518,226
2308.572,226
2308.626,226
2308.679,226
2308.733,226
2308.787,226
2308.841,226
2308.894,226
2308.948,226
2309.002,226
2309.056,226
2309.11,226
2309.163,226
2309.217,226
2309.271,226
2309.325,226
2309.378,226
2309.432,226
2309.486,226
2309.54,226
2309.593,225
2309.647,225
2309.701,225
2309.755,226
2309.808,226
2309.862,225
2309.916,226
2309.97,226
2310.023,226
2310.077,226
2310.131,226
2310.185,226
2310.238,226
2310.292,226
2310.346,226
2310.4,226
2310.454,226
2310.507,226
2310.561,226
2310.615,226
2310.669,226
2310.722,226
2310.776,226
2310.83,226
2310.884,226
2310.937,226
2310.991,226
2311.045,226
2311.099,226
2311.152,226
2311.206,226
2311.26,226
2311.314,226
2311.367,226
2311.421,226
2311.475,226
2311.529,226
2311.582,226
2311.684,226
2311.738,226
2311.792,226
2311.846,226
2311.899,226
2311.953,226
2312.007,226
2312.061,226
2312.114,226
2312.168,226
2312.222,226
2312.276,226
2312.329,226
2312.383,226
2312.437,225
2312.491,226
2312.544,226
2312.598,226
2312.652,226
2312.706,226
2312.759,225
2312.813,226
2312.867,226
2312.921,226
2312.974,226
2313.028,226
2313.082,226
2313.136,225
2313.189,225
2313.243,226
2313.297,226
2313.351,226
2313.405,226
2313.458,226
2313.512,226
2313.566,226
2313.62,226
2313.673,226
2313.727,226
2313.781,225
2313.835,225
2313.888,225
2313.942,226
2313.996,226
2314.05,226
2314.103,225
2314.157,225
2314.211,225
2314.265,226
2314.318,226
2314.372,225
2314.426,226
2314.48,226
2314.534,226
2314.587,226
2314.641,227
2314.695,227
2314.749,226
2314.802,226
2314.856,226
2314.91,226
2314.964,225
2315.017,225
2315.071,225
2315.125,226
2315.179,226
2315.232,225
2315.286,225
2315.34,226
2315.394,226
2315.447,226
2315.501,225
2315.555,225
2315.609,226
2315.662,226
2315.716,225
2315.77,226
2315.824,226
2315.877,225
2315.931,225
2315.985,226
2316.039,226
2316.093,225
2316.146,226
2316.2,225
2316.254,225
2316.308,225
2316.361,225
2316.415,226
2316.469,225
2316.523,225
2316.576,225
2316.63,225
2316.684,226
2316.738,226
2316.791,225
2316.845,226
2316.899,226
2316.953,225
2317.006,226
2317.108,226
2317.162,226
2317.216,226
2317.27,226
2317.323,226
2317.377,226
2317.431,226
2317.485,226
2317.538,226
2317.592,226
2317.646,226
2317.7,226
2317.753,226
2317.807,226
2317.861,226
2317.915,226
2317.968,226
2318.022,226
2318.076,226
2318.13,226
2318.183,225
2318.237,226
2318.291,225
2318.345,225
2318.399,226
2318.452,226
2318.506,226
2318.56,226
2318.613,225
2318.667,225
2318.721,226
2318.775,225
2318.829,226
2318.882,225
2318.936,226
2318.99,226
2319.044,226
2319.097,226
2319.151,226
2319.205,226
2319.259,226
2319.312,226
2319.366,226
2319.42,226
2319.474,226
2319.527,226
2319.581,226
2319.635,226
2319.689,226
2319.742,226
2319.796,226
2319.85,226
2319.904,226
2319.958,226
2320.011,226
2320.065,226
2320.119,226
2320.173,226
2320.226,226
2320.28,226
2320.334,226
2320.388,226
2320.441,226
2320.495,226
2320.549,226
2320.603,226
2320.656,226
2320.71,226
2320.764,226
2320.818,226
2320.871,226
2320.925,226
2320.979,226
2321.033,226
2321.086,226
2321.14,226
2321.194,226
2321.248,226
2321.302,226
2321.355,226
2321.409,226
2321.463,226
2321.517,226
2321.57,226
2321.624,226
2321.678,226
2321.732,226
2321.785,226
2321.839,226
2321.893,226
2321.947,226
2322.0,226
2322.054,226
2322.108,226
2322.162,225
2322.215,226
2322.269,226
2322.323,226
2322.377,225
2322.43,226
2322.538,226
2322.592,226
2322.646,226
2322.699,226
2322.753,226
2322.807,226
2322.861,226
2322.914,226
2322.968,225
2323.022,226
2323.076,225
2323.129,226
2323.183,226
2323.237,226
2323.291,226
2323.344,226
2323.398,226
2323.452,226
2323.506,226
2323.559,226
2323.613,226
2323.667,226
2323.721,226
2323.774,226
2323.828,226
2323.882,226
2323.936,226
2323.99,226
2324.043,226
2324.097,226
2324.151,226
2324.205,225
2324.258,226
2324.312,226
2324.366,225
2324.42,226
2324.473,226
2324.527,226
2324.581,226
2324.635,226
2324.688,226
2324.742,225
2324.796,225
2324.85,226
2324.903,226
2324.957,226
2325.011,226
2325.065,226
2325.118,226
2325.172,225
2325.226,226
2325.28,226
2325.334,226
2325.387,226
2325.441,225
2325.495,225
2325.549,226
2325.602,226
2325.656,226
2325.71,226
2325.764,226
2325.817,226
2325.871,226
2325.925,226
2325.979,226
2326.032,226
2326.086,226
2326.14,226
2326.194,226
2326.247,226
2326.301,226
2326.355,226
2326.409,226
2326.462,226
2326.516,226
2326.57,226
2326.624,226
2326.678,226
2326.731,226
2326.785,226
2326.839,226
2326.893,226
2326.946,226
2327.0,226
2327.054,226
2327.108,226
2327.161,226
2327.215,226
2327.269,226
2327.323,226
2327.376,226
2327.43,226
2327.484,226
2327.538,226
2327.591,226
2327.645,226
2327.699,226
2327.753,226
2327.806,226
2327.86,225
2327.962,226
2328.016,226
2328.07,226
2328.123,226
2328.177,226
2328.231,226
2328.285,226
2328.338,226
2328.392,226
2328.446,226
2328.5,226
2328.553,225
2328.607,226
2328.661,226
2328.715,226
2328.768,226
2328.822,226
2328.876,226
2328.93,226
2328.983,226
2329.037,226
2329.091,226
2329.145,226
2329.198,226
2329.252,226
2329.306,226
2329.36,226
2329.414,226
2329.467,226
2329.521,226
2329.575,226
2329.629,226
2329.682,226
2329.736,226
2329.79,226
2329.844,226
2329.897,226
2329.951,226
2330.005,226
2330.059,226
2330.112,226
2330.166,226
2330.22,226
2330.274,226
2330.327,226
2330.381,226
2330.435,226
2330.489,226
2330.542,226
2330.596,226
2330.65,226
2330.704,226
2330.758,226
2330.811,226
2330.865,226
2330.919,226
2330.973,226
2331.026,226
2331.08,226
2331.134,226
2331.188,226
2331.241,226
2331.295,226
2331.349,226
2331.403,226
2331.456,226
2331.51,226
2331.564,226
2331.618,226
2331.671,226
2331.725,226
2331.779,226
2331.833,226
2331.886,226
2331.94,226
2331.994,226
2332.048,226
2332.102,226
2332.155,226
2332.209,226
2332.263,226
2332.317,226
2332.37,226
2332.424,226
2332.478,226
2332.532,226
2332.585,226
2332.639,226
2332.693,226
2332.747,226
2332.8,226
2332.854,226
2332.908,226
2332.962,226
2333.015,226
2333.069,226
2333.123,226
2333.177,226
2333.23,226
2333.284,226
2333.386,226
2333.44,226
2333.494,226
2333.547,226
2333.601,226
2333.655,225
2333.709,226
2333.762,226
2333.816,226
2333.87,225
2333.924,226
2333.977,226
2334.031,226
2334.085,225
2334.139,226
2334.192,226
2334.246,226
2334.3,226
2334.354,226
2334.407,225
2334.461,226
2334.515,226
2334.569,226
2334.622,226
2334.676,226
2334.73,226
2334.784,226
2334.838,226
2334.891,226
2334.945,226
2334.999,226
2335.053,226
2335.106,226
2335.16,226
2335.214,226
2335.268,226
2335.321,226
2335.375,226
2335.429,226
2335.483,226
2335.536,226
2335.59,226
2335.644,226
2335.698,226
2335.751,226
2335.805,226
2335.859,226
2335.913,226
2335.966,226
2336.02,226
2336.074,226
2336.128,226
2336.182,226
2336.235,226
2336.289,226
2336.343,226
2336.397,226
2336.45,226
2336.504,226
2336.558,226
2336.612,226
2336.665,226
2336.719,225
2336.773,225
2336.827,226
2336.88,226
2336.934,226
2336.988,226
2337.042,226
2337.095,226
2337.149,226
2337.203,225
2337.257,226
2337.31,226
2337.364,225
2337.418,225
2337.472,226
2337.526,226
2337.579,225
2337.633,226
2337.687,225
2337.741,225
2337.794,226
2337.848,226
2337.902,226
2337.956,226
2338.009,226
2338.063,226
2338.117,226
2338.171,225
2338.224,225
2338.278,226
2338.332,226
2338.386,226
2338.439,226
2338.493,226
2338.547,225
2338.601,226
2338.654,226
2338.708,226
2338.816,226
2338.87,226
2338.923,226
2338.977,226
2339.031,225
2339.085,226
2339.138,225
2339.192,225
2339.246,226
2339.3,225
2339.353,225
2339.407,226
2339.461,226
2339.515,226
2339.568,226
2339.622,226
2339.676,225
2339.73,226
2339.783,226
2339.837,226
2339.891,226
2339.945,226
2339.998,226
2340.052,226
2340.106,226
2340.16,226
2340.214,226
2340.267,226
2340.321,226
2340.375,226
2340.429,226
2340.482,226
2340.536,226
2340.59,226
2340.644,226
2340.697,226
2340.751,226
2340.805,226
2340.859,226
2340.912,226
2340.966,226
2341.02,226
2341.074,226
2341.127,226
2341.181,226
2341.235,226
2341.289,226
2341.342,226
2341.396,226
2341.45,226
2341.504,226
2341.557,226
2341.611,225
2341.665,225
2341.719,226
2341.773,226
2341.826,226
2341.88,226
2341.934,226
2341.988,226
2342.041,226
2342.095,225
2342.149,226
2342.203,226
2342.256,226
2342.31,226
2342.364,225
2342.418,226
2342.471,226
2342.525,225
2342.579,226
2342.633,225
2342.686,226
2342.74,226
2342.794,226
2342.848,226
2342.902,226
2342.955,226
2343.009,226
2343.063,226
2343.117,226
2343.17,226
2343.224,226
2343.278,226
2343.332,226
2343.385,226
2343.439,226
2343.493,225
2343.547,226
2343.6,226
2343.654,226
2343.708,226
2343.762,226
2343.815,226
2343.869,225
2343.923,226
2343.977,226
2344.03,226
2344.084,226
2344.138,226
2344.24,226
2344.294,226
2344.347,226
2344.401,226
2344.455,226
2344.509,226
2344.562,226
2344.616,226
2344.67,226
2344.724,226
2344.777,226
2344.831,226
2344.885,226
2344.939,226
2344.992,226
2345.046,226
2345.1,226
2345.154,226
2345.207,226
2345.261,226
2345.315,226
2345.369,226
2345.422,226
2345.476,226
2345.53,225
2345.584,225
2345.637,226
2345.691,226
2345.745,226
2345.799,226
2345.853,226
2345.906,226
2345.96,226
2346.014,225
2346.068,226
2346.121,226
2346.175,226
2346.229,226
2346.283,225
2346.336,226
2346.39,226
2346.444,225
2346.498,225
2346.551,226
2346.605,226
2346.659,226
2346.713,226
2346.766,226
2346.82,226
2346.874,225
2346.928,226
2346.982,226
2347.035,226
2347.089,226
2347.143,226
2347.197,226
2347.25,226
2347.304,225
2347.358,226
2347.412,226
2347.465,226
2347.519,225
2347.573,225
2347.627,226
2347.68,226
2347.734,226
2347.788,225
2347.842,226
2347.895,226
2347.949,226
2348.003,226
2348.057,226
2348.11,226
2348.164,225
2348.218,226
2348.272,226
2348.325,225
2348.379,225
2348.433,225
2348.487,226
2348.541,225
2348.594,225
2348.648,226
2348.702,226
2348.756,226
2348.809,225
2348.863,225
2348.917,226
2348.971,226
2349.024,226
2349.078,225
2349.132,225
2349.186,225
2349.239,225
2349.293,225
2349.347,225
2349.401,225
2349.454,225
2349.508,226
2349.562,226
2349.664,226
2349.718,226
2349.771,226
2349.825,225
2349.879,226
2349.933,225
2349.986,225
2350.04,226
2350.094,226
2350.148,226
2350.201,226
2350.255,226
2350.309,226
2350.363,226
2350.416,226
2350.47,226
2350.524,226
2350.578,226
2350.631,226
2350.685,226
2350.739,225
2350.793,225
2350.846,225
2350.9,225
2350.954,226
2351.008,225
2351.061,225
2351.115,226
2351.169,225
2351.223,225
2351.277,226
2351.33,226
2351.384,226
2351.438,226
2351.492,226
2351.545,226
2351.599,226
2351.653,226
2351.707,226
2351.76,226
2351.814,226
2351.868,226
2351.922,226
2351.975,226
2352.029,226
2352.083,225
2352.137,226
2352.19,225
2352.244,226
2352.298,226
2352.352,225
2352.405,225
2352.459,226
2352.513,226
2352.567,225
2352.621,225
2352.674,226
2352.728,226
2352.782,226
2352.836,226
2352.889,225
2352.943,225
2352.997,225
2353.051,225
2353.104,226
2353.158,226
2353.212,225
2353.266,226
2353.319,226
2353.373,226
2353.427,226
2353.481,226
2353.534,226
2353.588,225
2353.642,226
2353.696,226
2353.749,226
2353.803,226
2353.857,226
2353.911,226
2353.965,225
2354.018,226
2354.072,226
2354.126,226
2354.18,225
2354.233,225
2354.287,226
2354.341,226
2354.395,225
2354.448,226
2354.502,226
2354.556,226
2354.61,226
2354.663,225
2354.717,226
2354.771,225
2354.825,226
2354.878,226
2354.932,225
2354.986,226
2355.094,226
2355.147,225
2355.201,225
2355.255,225
2355.309,226
2355.362,225
2355.416,226
2355.47,226
2355.524,226
2355.577,226
2355.631,226
2355.685,226
2355.739,225
2355.792,225
2355.846,225
2355.9,226
2355.954,226
2356.007,226
2356.061,225
2356.115,225
2356.169,226
2356.222,225
2356.276,225
2356.33,226
2356.384,225
2356.437,225
2356.491,225
2356.545,226
2356.599,225
2356.653,226
2356.706,225
2356.76,226
2356.814,225
2356.868,225
2356.921,225
2356.975,225
2357.029,225
2357.083,225
2357.136,225
2357.19,225
2357.244,225
2357.298,225
2357.351,226
2357.405,226
2357.459,225
2357.513,226
2357.566,226
2357.62,226
2357.674,225
2357.728,225
2357.782,226
2357.835,225
2357.889,226
2357.943,226
2357.997,225
2358.05,226
2358.104,225
2358.158,226
2358.212,226
2358.265,226
2358.319,226
2358.373,226
2358.427,226
2358.48,226
2358.534,226
2358.588,226
2358.642,226
2358.695,226
2358.749,226
2358.803,225
2358.857,225
2358.91,226
2358.964,225
2359.018,225
2359.072,226
2359.125,226
2359.179,225
2359.233,225
2359.287,226
2359.341,226
2359.394,226
2359.448,226
2359.502,226
2359.556,226
2359.609,225
2359.663,226
2359.717,226
2359.771,226
2359.824,226
2359.878,226
2359.932,226
2359.986,225
2360.039,226
2360.093,226
2360.147,226
2360.201,225
2360.254,225
2360.308,226
2360.362,225
2360.416,226
2360.518,226
2360.571,225
2360.625,226
2360.679,226
2360.733,226
2360.786,226
2360.84,226
2360.894,226
2360.948,225
2361.001,225
2361.055,225
2361.109,226
2361.163,225
2361.216,225
2361.27,226
2361.324,226
2361.378,226
2361.431,226
2361.485,225
2361.539,225
2361.593,226
2361.646,225
2361.7,226
2361.754,226
2361.808,226
2361.862,226
2361.915,225
2361.969,225
2362.023,226
2362.077,226
2362.13,225
2362.184,225
2362.238,225
2362.292,225
2362.345,226
2362.399,226
2362.453,226
2362.507,225
2362.56,225
2362.614,225
2362.668,225
2362.722,226
2362.775,225
2362.829,225
2362.883,225
2362.937,225
2362.99,225
2363.044,225
2363.098,225
2363.152,225
2363.205,225
2363.259,225
2363.313,226
2363.367,225
2363.421,226
2363.474,226
2363.528,225
2363.582,225
2363.636,225
2363.689,226
2363.743,225
2363.797,225
2363.851,225
2363.904,225
2363.958,226
2364.012,226
2364.066,226
2364.119,226
2364.173,226
2364.227,226
2364.281,226
2364.334,226
2364.388,226
2364.442,226
2364.496,226
2364.549,225
2364.603,225
2364.657,226
2364.711,225
2364.765,226
2364.818,226
2364.872,225
2364.926,225
2364.98,225
2365.033,226
2365.087,225
2365.141,226
2365.195,226
2365.248,225
2365.302,226
2365.356,226
2365.41,225
2365.463,225
2365.517,226
2365.571,225
2365.625,225
2365.678,225
2365.732,225
2365.786,225
2365.84,226
2365.942,225
2365.995,225
2366.049,226
2366.103,226
2366.157,226
2366.21,226
2366.264,226
2366.318,226
2366.372,225
2366.425,226
2366.479,226
2366.533,225
2366.587,226
2366.64,225
2366.694,225
2366.748,226
2366.802,226
2366.855,226
2366.909,225
2366.963,225
2367.017,225
2367.07,225
2367.124,225
2367.178,226
2367.232,226
2367.286,226
2367.339,225
2367.393,225
2367.447,226
2367.501,226
2367.554,226
2367.608,226
2367.662,226
2367.716,226
2367.769,225
2367.823,225
2367.877,226
2367.931,226
2367.984,226
2368.038,225
2368.092,226
2368.146,225
2368.199,225
2368.253,225
2368.307,226
2368.361,226
2368.414,225
2368.468,226
2368.522,225
2368.576,226
2368.63,226
2368.683,226
2368.737,225
2368.791,226
2368.845,225
2368.898,225
2368.952,225
2369.006,226
2369.06,225
2369.113,225
2369.167,225
2369.221,226
2369.275,225
2369.328,226
2369.382,225
2369.436,225
2369.49,225
2369.543,225
2369.597,226
2369.651,226
2369.705,226
2369.758,225
2369.812,225
2369.866,226
2369.92,226
2369.974,226
2370.027,225
2370.081,226
2370.135,225
2370.189,226
2370.242,226
2370.296,225
2370.35,225
2370.404,225
2370.457,226
2370.511,225
2370.565,226
2370.619,225
2370.672,225
2370.726,226
2370.78,226
2370.834,225
2370.887,226
2370.941,226
2370.995,225
2371.049,226
2371.102,225
2371.156,225
2371.21,226
2371.264,225
2371.371,226
2371.425,225
2371.479,226
2371.533,226
2371.586,226
2371.64,226
2371.694,225
2371.748,225
2371.801,225
2371.855,226
2371.909,225
2371.963,225
2372.016,226
2372.07,226
2372.124,226
2372.178,226
2372.231,226
2372.285,225
2372.339,225
2372.393,225
2372.446,226
2372.5,226
2372.554,226
2372.608,225
2372.662,226
2372.715,225
2372.769,226
2372.823,226
2372.877,226
2372.93,226
2372.984,226
2373.038,225
2373.092,225
2373.145,226
2373.199,226
2373.253,226
2373.307,226
2373.36,225
2373.414,226
2373.468,226
2373.522,225
2373.575,225
2373.629,225
2373.683,225
2373.737,226
2373.79,226
2373.844,226
2373.898,226
2373.952,226
2374.006,226
2374.059,226
2374.113,226
2374.167,225
2374.221,225
2374.274,226
2374.328,225
2374.382,226
2374.436,225
2374.489,225
2374.543,226
2374.597,225
2374.651,226
2374.704,226
2374.758,225
2374.812,225
2374.866,226
2374.919,226
2374.973,226
2375.027,225
2375.081,225
2375.134,225
2375.188,225
2375.242,225
2375.296,226
2375.349,225
2375.403,225
2375.457,226
2375.511,226
2375.565,226
2375.618,225
2375.672,225
2375.726,226
2375.78,225
2375.833,226
2375.887,225
2375.941,225
2375.995,226
2376.048,225
2376.102,226
2376.156,226
2376.21,225
2376.263,225
2376.317,225
2376.371,226
2376.425,226
2376.478,226
2376.532,225
2376.586,226
2376.64,225
2376.693,225
2376.795,226
2376.849,225
2376.903,225
2376.957,225
2377.01,225
2377.064,225
2377.118,226
2377.172,226
2377.225,226
2377.279,226
2377.333,226
2377.387,226
2377.44,225
2377.494,226
2377.548,226
2377.602,226
2377.655,225
2377.709,226
2377.763,225
2377.817,226
2377.871,226
2377.924,225
2377.978,225
2378.032,226
2378.086,226
2378.139,225
2378.193,226
2378.247,226
2378.301,225
2378.354,225
2378.408,225
2378.462,226
2378.516,226
2378.569,226
2378.623,226
2378.677,226
2378.731,226
2378.784,226
2378.838,226
2378.892,226
2378.946,226
2378.999,226
2379.053,226
2379.107,226
2379.161,226
2379.214,226
2379.268,226
2379.322,226
2379.376,226
2379.43,226
2379.483,226
2379.537,225
2379.591,225
2379.645,226
2379.698,225
2379.752,226
2379.806,225
2379.86,226
2379.913,226
2379.967,226
2380.021,226
2380.075,226
2380.128,226
2380.182,226
2380.236,225
2380.29,225
2380.343,226
2380.397,226
2380.451,226
2380.505,226
2380.558,226
2380.612,225
2380.666,226
2380.72,226
2380.773,225
2380.827,226
2380.881,226
2380.935,226
2380.989,226
2381.042,226
2381.096,226
2381.15,225
2381.204,225
2381.257,226
2381.311,226
2381.365,226
2381.419,226
2381.472,226
2381.526,226
2381.58,226
2381.634,225
2381.687,226
2381.741,225
2381.795,226
2381.849,225
2381.902,225
2381.956,226
2382.01,226
2382.064,225
2382.118,226
2382.225,225
2382.279,225
2382.333,226
2382.386,225
2382.44,226
2382.494,226
2382.548,226
2382.601,226
2382.655,226
2382.709,225
2382.763,225
2382.816,225
2382.87,225
2382.924,226
2382.978,226
2383.031,225
2383.085,225
2383.139,226
2383.193,225
2383.246,226
2383.3,226
2383.354,226
2383.408,225
2383.462,226
2383.515,225
2383.569,225
2383.623,226
2383.677,226
2383.73,225
2383.784,226
2383.838,226
2383.892,226
2383.945,225
2383.999,225
2384.053,226
2384.107,226
2384.16,226
2384.214,225
2384.268,225
2384.322,226
2384.375,225
2384.429,226
2384.483,225
2384.537,225
2384.59,226
2384.644,225
2384.698,225
2384.752,225
2384.805,225
2384.859,225
2384.913,226
2384.967,226
2385.021,225
2385.074,226
2385.128,226
2385.182,225
2385.236,226
2385.289,226
2385.343,226
2385.397,226
2385.451,226
2385.504,226
2385.558,226
2385.612,226
2385.666,226
2385.719,225
2385.773,225
2385.827,225
2385.881,225
2385.934,226
2385.988,226
2386.042,225
2386.096,225
2386.15,226
2386.203,226
2386.257,225
2386.311,225
2386.365,225
2386.418,225
2386.472,225
2386.526,226
2386.58,226
2386.633,226
2386.687,226
2386.741,225
2386.795,225
2386.848,225
2386.902,225
2386.956,225
2387.01,225
2387.063,226
2387.117,226
2387.171,225
2387.225,225
2387.278,225
2387.332,225
2387.386,225
2387.44,226
2387.493,225
2387.547,226
2387.649,226
2387.703,226
2387.757,226
2387.81,225
2387.864,225
2387.918,226
2387.972,225
2388.025,225
2388.079,226
2388.133,226
2388.187,226
2388.24,225
2388.294,226
2388.348,225
2388.402,225
2388.455,225
2388.509,226
2388.563,226
2388.617,226
2388.67,226
2388.724,225
2388.778,226
2388.832,226
2388.886,226
2388.939,225
2388.993,226
2389.047,225
2389.101,226
2389.154,225
2389.208,225
2389.262,225
2389.316,225
2389.369,225
2389.423,226
2389.477,225
2389.531,226
2389.584,226
2389.638,225
2389.692,226
2389.746,226
2389.799,226
2389.853,226
2389.907,225
2389.961,226
2390.014,226
2390.068,226
2390.122,226
2390.176,226
2390.23,226
2390.283,225
2390.337,226
2390.391,225
2390.445,226
2390.498,225
2390.552,226
2390.606,225
2390.66,226
2390.713,226
2390.767,226
2390.821,225
2390.875,225
2390.928,225
2390.982,226
2391.036,225
2391.09,226
2391.143,225
2391.197,225
2391.251,226
2391.305,226
2391.358,225
2391.412,226
2391.466,225
2391.52,225
2391.574,226
2391.627,225
2391.681,225
2391.735,225
2391.789,225
2391.842,225
2391.896,225
2391.95,225
2392.004,225
2392.057,226
2392.111,225
2392.165,225
2392.219,225
2392.272,225
2392.326,225
2392.38,225
2392.434,225
2392.487,225
2392.541,226
2392.595,225
2392.649,226
2392.702,225
2392.756,225
2392.81,225
2392.864,225
2392.917,225
2392.971,225
2393.073,225
2393.127,225
2393.18,225
2393.234,225
2393.288,225
2393.342,225
2393.396,225
2393.449,225
2393.503,225
2393.557,225
2393.611,225
2393.664,225
2393.718,226
2393.772,225
2393.826,226
2393.879,225
2393.933,225
2393.987,225
2394.041,225
2394.094,225
2394.148,225
2394.202,225
2394.256,225
2394.309,225
2394.363,225
2394.417,225
2394.471,225
2394.525,225
2394.578,225
2394.632,225
2394.686,225
2394.74,225
2394.793,225
2394.847,225
2394.901,225
2394.955,225
2395.008,225
2395.062,225
2395.116,225
2395.17,226
2395.223,225
2395.277,226
2395.331,225
2395.385,225
2395.438,225
2395.492,226
2395.546,226
2395.6,225
2395.653,225
2395.707,226
2395.761,226
2395.815,225
2395.869,226
2395.922,225
2395.976,226
2396.03,226
2396.084,226
2396.137,226
2396.191,226
2396.245,225
2396.299,225
2396.352,225
2396.406,226
2396.46,225
2396.514,226
2396.567,225
2396.621,225
2396.675,226
2396.729,226
2396.782,226
2396.836,225
2396.89,225
2396.944,226
2396.997,225
2397.051,226
2397.105,226
2397.159,226
2397.213,226
2397.266,225
2397.32,225
2397.374,225
2397.428,225
2397.481,225
2397.535,225
2397.589,226
2397.643,225
2397.696,226
2397.75,226
2397.804,226
2397.858,226
2397.911,226
2397.965,226
2398.019,226
2398.073,226
2398.126,226
2398.18,226
2398.234,225
2398.288,225
2398.342,226
2398.395,226
2398.503,226
2398.557,225
2398.61,225
2398.664,226
2398.718,225
2398.772,226
2398.825,226
2398.879,225
2398.933,225
2398.987,225
2399.04,225
2399.094,226
2399.148,225
2399.202,226
2399.255,226
2399.309,226
2399.363,226
2399.417,226
2399.47,226
2399.524,225
2399.578,226
2399.632,227
2399.686,226
2399.739,226
2399.793,226
2399.847,226
2399.901,225
2399.954,225
2400.008,226
2400.062,226
2400.116,226
2400.169,226
2400.223,226
2400.277,226
2400.331,225
2400.384,226
2400.438,225
2400.492,225
2400.546,225
2400.599,226
2400.653,226
2400.707,226
2400.761,226
2400.814,226
2400.868,226
2400.922,226
2400.976,226
2401.03,226
2401.083,226
2401.137,226
2401.191,226
2401.245,225
2401.298,225
2401.352,226
2401.406,226
2401.46,225
2401.513,226
2401.567,225
2401.621,226
2401.675,226
2401.728,226
2401.782,225
2401.836,226
2401.89,225
2401.943,226
2401.997,226
2402.051,226
2402.105,225
2402.158,225
2402.212,226
2402.266,226
2402.32,225
2402.373,226
2402.427,225
2402.481,226
2402.535,225
2402.589,225
2402.642,225
2402.696,225
2402.75,226
2402.804,226
2402.857,226
2402.911,226
2402.965,226
2403.019,226
2403.072,225
2403.126,225
2403.18,225
2403.234,225
2403.287,225
2403.341,225
2403.395,225
2403.449,226
2403.502,225
2403.556,226
2403.61,225
2403.664,225
2403.718,226
2403.771,226
2403.825,226
2403.927,225
2403.981,225
2404.034,225
2404.088,226
2404.142,225
2404.196,226
2404.249,226
2404.303,226
2404.357,226
2404.411,226
2404.464,226
2404.518,225
2404.572,225
2404.626,226
2404.679,225
2404.733,225
2404.787,226
2404.841,226
2404.894,225
2404.948,226
2405.002,226
2405.056,225
2405.11,226
2405.163,226
2405.217,226
2405.271,225
2405.325,225
2405.378,226
2405.432,226
2405.486,226
2405.54,225
2405.593,225
2405.647,225
2405.701,225
2405.755,225
2405.808,225
2405.862,225
2405.916,226
2405.97,226
2406.023,225
2406.077,225
2406.131,226
2406.185,226
2406.238,225
2406.292,225
2406.346,226
2406.4,225
2406.453,225
2406.507,225
2406.561,225
2406.615,226
2406.669,226
2406.722,225
2406.776,225
2406.83,225
2406.884,225
2406.937,226
2406.991,226
2407.045,226
2407.099,226
2407.152,226
2407.206,225
2407.26,226
2407.314,226
2407.367,225
2407.421,225
2407.475,226
2407.529,226
2407.582,226
2407.636,225
2407.69,225
2407.744,225
2407.797,225
2407.851,226
2407.905,225
2407.959,226
2408.013,225
2408.066,225
2408.12,225
2408.174,225
2408.228,225
2408.281,225
2408.335,225
2408.389,226
2408.443,225
2408.496,225
2408.55,226
2408.604,226
2408.658,226
2408.711,226
2408.765,226
2408.819,225
2408.873,226
2408.926,226
2408.98,226
2409.034,226
2409.088,225
2409.142,226
2409.195,225
2409.249,226
2409.351,226
2409.405,225
2409.458,226
2409.512,226
2409.566,226
2409.62,226
2409.673,226
2409.727,226
2409.781,226
2409.835,226
2409.888,226
2409.942,226
2409.996,225
2410.05,226
2410.103,226
2410.157,226
2410.211,226
2410.265,226
2410.318,226
2410.372,226
2410.426,225
2410.48,226
2410.534,226
2410.587,225
2410.641,226
2410.695,226
2410.749,226
2410.802,226
2410.856,226
2410.91,225
2410.964,226
2411.017,226
2411.071,226
2411.125,226
2411.179,225
2411.232,225
2411.286,225
2411.34,225
2411.394,226
2411.447,225
2411.501,225
2411.555,225
2411.609,225
2411.662,226
2411.716,225
2411.77,226
2411.824,225
2411.877,225
2411.931,226
2411.985,225
2412.039,225
2412.093,225
2412.146,225
2412.2,225
2412.254,225
2412.308,225
2412.361,226
2412.415,225
2412.469,225
2412.523,225
2412.576,226
2412.63,225
2412.684,225
2412.738,226
2412.791,225
2412.845,226
2412.899,226
2412.953,226
2413.006,225
2413.06,225
2413.114,225
2413.168,225
2413.221,225
2413.275,226
2413.329,225
2413.383,226
2413.437,225
2413.49,225
2413.544,225
2413.598,225
2413.652,225
2413.705,226
2413.759,225
2413.813,225
2413.867,225
2413.92,226
2413.974,225
2414.028,225
2414.082,225
2414.135,225
2414.189,225
2414.243,226
2414.297,226
2414.35,225
2414.404,225
2414.458,225
2414.512,226
2414.565,225
2414.619,225
2414.673,226
2414.888,226
2414.942,226
2414.996,226
2415.049,226
2415.103,226
2415.157,225
2415.211,226
2415.264,226
2415.318,226
2415.372,226
2415.426,226
2415.479,226
2415.533,226
2415.587,226
2415.641,226
2415.694,226
2415.748,226
2415.802,226
2415.856,226
2415.91,226
2415.963,225
2416.017,226
2416.071,226
2416.125,226
2416.178,226
2416.232,226
2416.286,226
2416.34,225
2416.393,225
2416.447,226
2416.501,226
2416.555,226
2416.608,226
2416.662,226
2416.716,226
2416.77,225
2416.823,226
2416.877,226
2416.931,225
2416.985,225
2417.038,225
2417.092,225
2417.146,225
2417.2,225
2417.253,225
2417.307,225
2417.361,225
2417.415,225
2417.469,225
2417.522,226
2417.576,226
2417.63,226
2417.684,226
2417.737,226
2417.791,226
2417.845,226
2417.899,226
2417.952,226
2418.006,226
2418.06,226
2418.114,226
2418.167,226
2418.221,226
2418.275,225
2418.329,225
2418.382,225
2418.436,226
2418.49,225
2418.544,225
2418.597,225
2418.651,225
2418.705,225
2418.759,225
2418.813,225
2418.866,225
2418.92,225
2418.974,225
2419.028,225
2419.081,225
2419.135,225
2419.189,225
2419.243,225
2419.296,225
2419.35,225
2419.404,225
2419.458,225
2419.511,225
2419.565,225
2419.619,225
2419.673,226
2419.726,225
2419.78,225
2419.834,226
2419.888,226
2419.942,226
2419.995,225
2420.049,225
2420.103,226
2420.157,226
2420.21,226
2420.312,226
2420.366,226
2420.42,226
2420.473,225
2420.527,226
2420.581,226
2420.635,225
2420.688,225
2420.742,225
2420.796,225
2420.85,225
2420.903,225
2420.957,225
2421.011,225
2421.065,225
2421.118,225
2421.172,226
2421.226,226
2421.28,226
2421.334,226
2421.387,225
2421.441,225
2421.495,225
2421.549,225
2421.602,226
2421.656,225
2421.71,225
2421.764,226
2421.817,226
2421.871,226
2421.925,226
2421.979,226
2422.032,226
2422.086,226
2422.14,226
2422.194,225
2422.247,225
2422.301,225
2422.355,225
2422.409,226
2422.462,226
2422.516,225
2422.57,225
2422.624,225
2422.677,225
2422.731,225
2422.785,226
2422.839,226
2422.893,225
2422.946,225
2423.0,225
2423.054,226
2423.108,225
2423.161,225
2423.215,226
2423.269,226
2423.323,226
2423.376,225
2423.43,225
2423.484,225
2423.538,225
2423.591,225
2423.645,226
2423.699,225
2423.753,226
2423.806,226
2423.86,225
2423.914,225
2423.968,226
2424.022,226
2424.075,225
2424.129,225
2424.183,225
2424.237,225
2424.29,225
2424.344,225
2424.398,225
2424.452,225
2424.505,225
2424.559,225
2424.613,225
2424.667,225
2424.72,225
2424.774,225
2424.828,225
2424.882,225
2424.935,225
2424.989,225
2425.043,225
2425.097,225
2425.15,225
2425.204,225
2425.258,225
2425.312,225
2425.365,226
2425.419,226
2425.473,226
2425.527,226
2425.581,225
2425.634,226
2425.736,226
2425.79,225
2425.844,225
2425.897,225
2425.951,225
2426.005,225
2426.059,225
2426.112,226
2426.166,226
2426.22,226
2426.274,225
2426.327,226
2426.381,225
2426.435,226
2426.489,226
2426.542,226
2426.596,226
2426.65,226
2426.704,225
2426.757,225
2426.811,225
2426.865,225
2426.919,226
2426.973,225
2427.026,225
2427.08,225
2427.134,225
2427.188,225
2427.241,226
2427.295,226
2427.349,226
2427.403,226
2427.456,225
2427.51,226
2427.564,226
2427.618,225
2427.671,225
2427.725,225
2427.779,226
2427.833,225
2427.886,225
2427.94,226
2427.994,225
2428.048,225
2428.101,225
2428.155,225
2428.209,225
2428.263,225
2428.317,225
2428.37,225
2428.424,225
2428.478,225
2428.532,225
2428.585,226
2428.639,225
2428.693,225
2428.747,225
2428.8,225
2428.854,225
2428.908,225
2428.962,225
2429.015,225
2429.069,225
2429.123,225
2429.177,225
2429.23,225
2429.284,225
2429.338,226
2429.392,225
2429.446,226
2429.499,226
2429.553,226
2429.607,225
2429.661,225
2429.714,226
2429.768,226
2429.822,225
2429.876,225
2429.929,225
2429.983,225
2430.037,225
2430.091,226
2430.144,225
2430.198,226
2430.252,225
2430.306,225
2430.359,225
2430.413,225
2430.467,226
2430.521,226
2430.574,225
2430.628,225
2430.682,225
2430.736,225
2430.789,225
2430.843,226
2430.897,226
2430.951,225
2431.005,225
2431.058,226
2431.166,225
2431.22,225
2431.273,225
2431.327,226
2431.381,226
2431.435,226
2431.488,225
2431.542,225
2431.596,226
2431.65,225
2431.703,226
2431.757,226
2431.811,226
2431.865,225
2431.918,225
2431.972,225
2432.026,225
2432.08,226
2432.133,225
2432.187,226
2432.241,226
2432.295,226
2432.349,226
2432.402,226
2432.456,226
2432.51,226
2432.564,226
2432.617,226
2432.671,226
2432.725,226
2432.779,226
2432.832,226
2432.886,226
2432.94,226
2432.994,226
2433.047,225
2433.101,226
2433.155,225
2433.209,225
2433.262,226
2433.316,226
2433.37,226
2433.424,225
2433.477,225
2433.531,226
2433.585,225
2433.639,226
2433.693,226
2433.746,225
2433.8,226
2433.854,225
2433.908,225
2433.961,225
2434.015,226
2434.069,225
2434.123,226
2434.176,226
2434.23,225
2434.284,226
2434.338,226
2434.391,226
2434.445,225
2434.499,225
2434.553,225
2434.606,225
2434.66,225
2434.714,226
2434.768,226
2434.822,226
2434.875,225
2434.929,226
2434.983,225
2435.037,226
2435.09,225
2435.144,225
2435.198,226
2435.252,226
2435.305,226
2435.359,226
2435.413,225
2435.467,225
2435.52,225
2435.574,225
2435.628,225
2435.682,225
2435.735,225
2435.789,226
2435.843,226
2435.897,225
2435.95,226
2436.004,225
2436.058,226
2436.112,225
2436.165,225
2436.219,225
2436.273,226
2436.327,226
2436.381,226
2436.434,225
2436.488,226
2436.59,225
2436.644,226
2436.697,225
2436.751,225
2436.805,225
2436.859,226
2436.912,226
2436.966,225
2437.02,225
2437.074,225
2437.127,225
2437.181,225
2437.235,226
2437.289,226
2437.342,225
2437.396,225
2437.45,225
2437.504,225
2437.557,225
2437.611,225
2437.665,225
2437.719,226
2437.773,225
2437.826,226
2437.88,226
2437.934,225
2437.988,225
2438.041,225
2438.095,226
2438.149,225
2438.203,225
2438.256,225
2438.31,225
2438.364,225
2438.418,225
2438.471,226
2438.525,225
2438.579,226
2438.633,225
2438.686,226
2438.74,225
2438.794,226
2438.848,226
2438.902,226
2438.955,226
2439.009,226
2439.063,226
2439.117,226
2439.17,226
2439.224,225
2439.278,226
2439.332,225
2439.385,225
2439.439,225
2439.493,226
2439.547,226
2439.6,226
2439.654,225
2439.708,225
2439.762,226
2439.815,225
2439.869,226
2439.923,226
2439.977,226
2440.03,225
2440.084,226
2440.138,226
2440.192,226
2440.246,226
2440.299,226
2440.353,226
2440.407,225
2440.461,225
2440.514,225
2440.568,225
2440.622,226
2440.676,226
2440.729,226
2440.783,226
2440.837,225
2440.891,225
2440.944,226
2440.998,225
2441.052,226
2441.106,225
2441.159,225
2441.213,225
2441.267,225
2441.321,226
2441.374,225
2441.428,226
2441.482,225
2441.536,226
2441.59,226
2441.643,226
2441.697,226
2441.751,226
2441.805,226
2441.858,226
2441.912,226
2442.014,226
2442.068,226
2442.121,225
2442.175,226
2442.229,226
2442.283,226
2442.336,225
2442.39,226
2442.444,225
2442.498,226
2442.551,226
2442.605,226
2442.659,225
2442.713,225
2442.766,225
2442.82,225
2442.874,226
2442.928,225
2442.981,225
2443.035,225
2443.089,225
2443.143,225
2443.197,225
2443.25,226
2443.304,225
2443.358,225
2443.412,225
2443.465,225
2443.519,225
2443.573,225
2443.627,225
2443.68,225
2443.734,226
2443.788,225
2443.842,225
2443.895,226
2443.949,226
2444.003,226
2444.057,226
2444.11,226
2444.164,226
2444.218,225
2444.272,226
2444.326,226
2444.379,226
2444.433,225
2444.487,226
2444.541,226
2444.594,225
2444.648,225
2444.702,225
2444.756,225
2444.809,226
2444.863,226
2444.917,225
2444.971,226
2445.024,225
2445.078,225
2445.132,225
2445.186,225
2445.239,225
2445.293,225
2445.347,225
2445.401,225
2445.454,225
2445.508,225
2445.562,225
2445.616,225
2445.67,226
2445.723,226
2445.777,226
2445.831,225
2445.885,225
2445.938,225
2445.992,225
2446.046,225
2446.1,225
2446.153,225
2446.207,226
2446.261,226
2446.315,225
2446.368,225
2446.422,226
2446.476,226
2446.53,226
2446.583,225
2446.637,226
2446.691,226
2446.745,226
2446.798,225
2446.852,226
2446.906,226
2446.96,226
2447.014,226
2447.067,225
2447.121,225
2447.175,225
2447.229,225
2447.282,226
2447.336,226
2447.444,225
2447.497,226
2447.551,226
2447.605,226
2447.659,225
2447.712,226
2447.766,226
2447.82,226
2447.874,226
2447.927,225
2447.981,225
2448.035,225
2448.089,226
2448.142,225
2448.196,225
2448.25,225
2448.304,225
2448.357,225
2448.411,226
2448.465,225
2448.519,226
2448.573,226
2448.626,226
2448.68,225
2448.734,226
2448.788,225
2448.841,225
2448.895,225
2448.949,225
2449.003,225
2449.056,225
2449.11,226
2449.164,226
2449.218,225
2449.271,226
2449.325,226
2449.379,225
2449.433,226
2449.486,225
2449.54,225
2449.594,226
2449.648,225
2449.701,225
2449.755,225
2449.809,225
2449.863,226
2449.917,225
2449.97,226
2450.024,226
2450.078,226
2450.132,225
2450.185,225
2450.239,226
2450.293,226
2450.347,225
2450.4,226
2450.454,226
2450.508,225
2450.562,226
2450.615,226
2450.669,226
2450.723,225
2450.777,225
2450.83,225
2450.884,226
2450.938,225
2450.992,225
2451.046,226
2451.099,226
2451.153,226
2451.207,225
2451.261,226
2451.314,226
2451.368,226
2451.422,226
2451.476,226
2451.529,226
2451.583,225
2451.637,226
2451.691,225
2451.744,226
2451.798,226
2451.852,225
2451.906,226
2451.959,226
2452.013,226
2452.067,226
2452.121,225
2452.174,225
2452.228,225
2452.282,226
2452.336,226
2452.39,226
2452.443,225
2452.497,226
2452.551,226
2452.605,225
2452.658,226
2452.712,225
2452.766,225
2452.868,225
2452.921,225
2452.975,225
2453.029,226
2453.083,226
2453.136,226
2453.19,226
2453.244,226
2453.298,225
2453.351,226
2453.405,226
2453.459,226
2453.513,226
2453.566,226
2453.62,226
2453.674,225
2453.728,226
2453.782,226
2453.835,226
2453.889,226
2453.943,226
2453.997,226
2454.05,226
2454.104,225
2454.158,225
2454.212,226
2454.265,226
2454.319,225
2454.373,226
2454.427,225
2454.48,225
2454.534,225
2454.588,225
2454.642,226
2454.695,226
2454.749,225
2454.803,226
2454.857,225
2454.91,225
2454.964,226
2455.018,226
2455.072,225
2455.126,226
2455.179,225
2455.233,225
2455.287,225
2455.341,225
2455.394,226
2455.448,226
2455.502,226
2455.556,225
2455.609,225
2455.663,226
2455.717,225
2455.771,225
2455.824,225
2455.878,225
2455.932,226
2455.986,226
2456.039,226
2456.093,225
2456.147,226
2456.201,226
2456.254,225
2456.308,226
2456.362,226
2456.416,226
2456.47,226
2456.523,226
2456.577,225
2456.631,226
2456.685,225
2456.738,225
2456.792,225
2456.846,225
2456.9,225
2456.953,226
2457.007,226
2457.061,225
2457.115,225
2457.168,225
2457.222,226
2457.276,226
2457.33,225
2457.383,225
2457.437,225
2457.491,225
2457.545,225
2457.598,225
2457.652,226
2457.706,226
2457.76,226
2457.813,226
2457.867,226
2457.921,226
2457.975,226
2458.029,225
2458.082,226
2458.136,226
2458.19,226
2458.292,226
2458.345,226
2458.399,226
2458.453,226
2458.507,226
2458.56,226
2458.614,226
2458.668,226
2458.722,226
2458.775,226
2458.829,226
2458.883,226
2458.937,226
2458.99,226
2459.044,226
2459.098,226
2459.152,226
2459.206,226
2459.259,225
2459.313,226
2459.367,225
2459.421,226
2459.474,226
2459.528,226
2459.582,226
2459.636,226
2459.689,226
2459.743,226
2459.797,226
2459.851,226
2459.904,226
2459.958,226
2460.012,226
2460.066,226
2460.119,226
2460.173,225
2460.227,226
2460.281,226
2460.334,226
2460.388,226
2460.442,226
2460.496,226
2460.549,225
2460.603,226
2460.657,226
2460.711,226
2460.765,226
2460.818,226
2460.872,225
2460.926,225
2460.98,225
2461.033,226
2461.087,226
2461.141,226
2461.195,225
2461.248,226
2461.302,226
2461.356,226
2461.41,226
2461.463,225
2461.517,225
2461.571,225
2461.625,225
2461.678,225
2461.732,225
2461.786,225
2461.84,226
2461.894,226
2461.947,225
2462.001,225
2462.055,226
2462.109,225
2462.162,226
2462.216,225
2462.27,225
2462.324,226
2462.377,226
2462.431,226
2462.485,225
2462.539,226
2462.592,225
2462.646,225
2462.7,226
2462.754,225
2462.807,226
2462.861,225
2462.915,225
2462.969,226
2463.022,226
2463.076,226
2463.13,226
2463.184,225
2463.238,226
2463.291,226
2463.345,226
2463.399,226
2463.453,226
2463.506,226
2463.56,225
2463.614,226
2463.721,226
2463.775,226
2463.829,226
2463.883,225
2463.936,226
2463.99,226
2464.044,226
2464.098,226
2464.151,225
2464.205,226
2464.259,225
2464.313,226
2464.367,226
2464.42,226
2464.474,226
2464.528,226
2464.581,225
2464.635,226
2464.689,226
2464.743,226
2464.797,226
2464.85,226
2464.904,225
2464.958,225
2465.012,225
2465.065,226
2465.119,226
2465.173,226
2465.227,225
2465.28,225
2465.334,225
2465.388,225
2465.442,225
2465.495,226
2465.549,225
2465.603,225
2465.657,225
2465.71,226
2465.764,226
2465.818,225
2465.872,225
2465.926,226
2465.979,226
2466.033,226
2466.087,226
2466.141,226
2466.194,226
2466.248,226
2466.302,226
2466.356,226
2466.409,226
2466.463,226
2466.517,226
2466.571,225
2466.624,226
2466.678,226
2466.732,226
2466.786,226
2466.839,226
2466.893,226
2466.947,226
2467.001,226
2467.054,226
2467.108,226
2467.162,225
2467.216,226
2467.27,226
2467.323,226
2467.377,226
2467.431,226
2467.485,226
2467.538,226
2467.592,226
2467.646,226
2467.7,225
2467.753,226
2467.807,226
2467.861,225
2467.915,225
2467.968,226
2468.022,226
2468.076,226
2468.13,225
2468.183,226
2468.237,226
2468.291,226
2468.345,226
2468.398,226
2468.452,225
2468.506,226
2468.56,225
2468.613,225
2468.667,225
2468.721,225
2468.775,225
2468.829,226
2468.882,225
2468.936,225
2468.99,226
2469.044,226
2469.145,226
2469.199,226
2469.253,226
2469.307,226
2469.36,225
2469.414,226
2469.468,226
2469.522,226
2469.575,226
2469.629,226
2469.683,225
2469.737,225
2469.79,226
2469.844,226
2469.898,225
2469.952,226
2470.005,225
2470.059,225
2470.113,225
2470.167,225
2470.221,225
2470.274,226
2470.328,226
2470.382,226
2470.436,226
2470.489,225
2470.543,225
2470.597,225
2470.651,225
2470.704,225
2470.758,225
2470.812,225
2470.866,225
2470.919,225
2470.973,226
2471.027,226
2471.081,226
2471.134,226
2471.188,226
2471.242,225
2471.296,226
2471.349,225
2471.403,226
2471.457,226
2471.511,225
2471.565,225
2471.618,226
2471.672,226
2471.726,226
2471.78,226
2471.833,225
2471.887,226
2471.941,226
2471.995,225
2472.048,225
2472.102,226
2472.156,225
2472.21,226
2472.263,226
2472.317,226
2472.371,226
2472.425,226
2472.478,226
2472.532,226
2472.586,226
2472.64,226
2472.694,227
2472.747,227
2472.801,226
2472.855,226
2472.909,226
2472.962,225
2473.016,225
2473.07,225
2473.124,225
2473.177,225
2473.231,226
2473.285,226
2473.339,226
2473.392,225
2473.446,225
2473.5,225
2473.554,226
2473.607,226
2473.661,225
2473.715,225
2473.769,225
2473.822,225
2473.876,225
2473.93,225
2473.984,225
2474.037,225
2474.091,225
2474.145,226
2474.199,225
2474.253,225
2474.306,226
2474.36,226
2474.414,225
2474.468,225
2474.569,225
2474.623,225
2474.677,225
2474.731,225
2474.784,225
2474.838,225
2474.892,225
2474.946,226
2474.999,226
2475.053,225
2475.107,225
2475.161,225
2475.214,226
2475.268,226
2475.322,225
2475.376,226
2475.429,225
2475.483,225
2475.537,225
2475.591,225
2475.645,225
2475.698,225
2475.752,225
2475.806,225
2475.86,225
2475.913,225
2475.967,225
2476.021,225
2476.075,225
2476.128,225
2476.182,226
2476.236,226
2476.29,226
2476.343,226
2476.397,226
2476.451,225
2476.505,225
2476.558,225
2476.612,226
2476.666,226
2476.72,226
2476.774,226
2476.827,225
2476.881,226
2476.935,226
2476.989,225
2477.042,225
2477.096,226
2477.15,225
2477.204,225
2477.257,225
2477.311,225
2477.365,225
2477.419,225
2477.472,226
2477.526,226
2477.58,226
2477.634,226
2477.687,226
2477.741,226
2477.795,226
2477.849,225
2477.902,225
2477.956,226
2478.01,226
2478.064,226
2478.117,225
2478.171,225
2478.225,225
2478.279,226
2478.333,226
2478.386,226
2478.44,226
2478.494,225
2478.548,225
2478.601,226
2478.655,225
2478.709,225
2478.763,226
2478.816,226
2478.87,226
2478.924,226
2478.978,226
2479.031,226
2479.085,226
2479.139,226
2479.193,226
2479.246,226
2479.3,226
2479.354,225
2479.408,225
2479.461,225
2479.515,225
2479.569,226
2479.623,225
2479.677,225
2479.73,226
2479.784,226
2479.838,226
2479.892,225
2479.999,225
2480.053,226
2480.107,226
2480.16,226
2480.214,225
2480.268,225
2480.322,226
2480.375,225
2480.429,225
2480.483,225
2480.537,225
2480.59,225
2480.644,225
2480.698,225
2480.752,225
2480.805,225
2480.859,225
2480.913,226
2480.967,226
2481.021,226
2481.074,226
2481.128,226
2481.182,226
2481.236,226
2481.289,225
2481.343,225
2481.397,226
2481.451,225
2481.504,225
2481.558,225
2481.612,225
2481.666,226
2481.719,226
2481.773,225
2481.827,226
2481.881,226
2481.934,226
2481.988,226
2482.042,226
2482.096,226
2482.149,225
2482.203,226
2482.257,226
2482.311,226
2482.365,226
2482.418,225
2482.472,226
2482.526,226
2482.58,226
2482.633,226
2482.687,225
2482.741,225
2482.795,225
2482.848,225
2482.902,225
2482.956,225
2483.01,226
2483.063,225
2483.117,225
2483.171,225
2483.225,225
2483.278,226
2483.332,226
2483.386,226
2483.44,226
2483.494,226
2483.547,226
2483.601,226
2483.655,226
2483.709,226
2483.762,226
2483.816,226
2483.87,226
2483.924,226
2483.977,226
2484.031,226
2484.085,226
2484.139,226
2484.192,225
2484.246,226
2484.3,226
2484.354,226
2484.407,226
2484.461,226
2484.515,225
2484.569,225
2484.622,225
2484.676,226
2484.73,225
2484.784,225
2484.838,226
2484.891,225
2484.945,226
2484.999,225
2485.053,225
2485.106,225
2485.16,226
2485.214,226
2485.268,226
2485.321,226
2485.423,226
2485.477,226
2485.531,226
2485.584,226
2485.638,226
2485.692,226
2485.746,226
2485.799,226
2485.853,225
2485.907,225
2485.961,225
2486.014,225
2486.068,225
2486.122,225
2486.176,225
2486.23,226
2486.283,226
2486.337,225
2486.391,225
2486.445,225
2486.498,225
2486.552,225
2486.606,225
2486.66,225
2486.713,226
2486.767,225
2486.821,226
2486.875,226
2486.928,225
2486.982,225
2487.036,225
2487.09,225
2487.143,225
2487.197,225
2487.251,225
2487.305,226
2487.358,226
2487.412,226
2487.466,226
2487.52,226
2487.574,226
2487.627,225
2487.681,225
2487.735,225
2487.789,226
2487.842,226
2487.896,225
2487.95,225
2488.004,225
2488.057,225
2488.111,225
2488.165,226
2488.219,226
2488.272,226
2488.326,225
2488.38,225
2488.434,225
2488.487,226
2488.541,225
2488.595,225
2488.649,225
2488.702,226
2488.756,226
2488.81,226
2488.864,226
2488.918,226
2488.971,225
2489.025,225
2489.079,225
2489.133,226
2489.186,226
2489.24,226
2489.294,226
2489.348,226
2489.401,226
2489.455,226
2489.509,226
2489.563,225
2489.616,226
2489.67,226
2489.724,226
2489.778,226
2489.831,226
2489.885,226
2489.939,226
2489.993,226
2490.046,226
2490.1,226
2490.154,226
2490.208,226
2490.262,226
2490.315,226
2490.369,226
2490.423,226
2490.477,226
2490.53,226
2490.584,226
2490.638,226
2490.692,226
2490.745,226
2490.847,225
2490.901,225
2490.955,225
2491.008,225
2491.062,225
2491.116,226
2491.17,226
2491.223,226
2491.277,226
2491.331,226
2491.385,226
2491.438,226
2491.492,226
2491.546,226
2491.6,226
2491.654,226
2491.707,226
2491.761,225
2491.815,226
2491.869,225
2491.922,225
2491.976,225
2492.03,225
2492.084,225
2492.137,225
2492.191,226
2492.245,226
2492.299,226
2492.352,226
2492.406,226
2492.46,226
2492.514,225
2492.567,225
2492.621,225
2492.675,225
2492.729,226
2492.782,226
2492.836,226
2492.89,226
2492.944,226
2492.997,225
2493.051,225
2493.105,225
2493.159,225
2493.213,225
2493.266,225
2493.32,225
2493.374,226
2493.428,226
2493.481,226
2493.535,226
2493.589,225
2493.643,225
2493.696,225
2493.75,226
2493.804,226
2493.858,226
2493.911,226
2493.965,225
2494.019,225
2494.073,225
2494.126,225
2494.18,225
2494.234,225
2494.288,225
2494.341,225
2494.395,225
2494.449,226
2494.503,226
2494.557,226
2494.61,226
2494.664,226
2494.718,226
2494.772,226
2494.825,226
2494.879,226
2494.933,226
2494.987,225
2495.04,225
2495.094,225
2495.148,226
2495.202,225
2495.255,226
2495.309,226
2495.363,226
2495.417,226
2495.47,226
2495.524,225
2495.578,226
2495.632,225
2495.686,226
2495.738,208
2495.788,149
2495.836,137
2495.883,130
2495.931,123
2495.978,114
2496.024,98
2496.069,83
2496.113,72
2496.212,61
2496.256,61
2496.3,62
2496.344,63
2496.388,63
2496.433,64
2496.477,65
2496.523,97
2496.568,90
2496.614,104
2496.668,225
2496.721,225
2496.775,225
2496.829,225
2496.883,225
2496.936,225
2496.99,226
2497.044,225
2497.098,225
2497.151,225
2497.205,225
2497.259,226
2497.313,225
2497.366,225
2497.42,225
2497.474,225
2497.528,225
2497.581,225
2497.635,225
2497.689,225
2497.743,225
2497.797,225
2497.85,226
2497.904,225
2497.958,225
2498.012,226
2498.065,226
2498.119,226
2498.173,226
2498.227,225
2498.28,226
2498.334,225
2498.388,226
2498.442,225
2498.495,226
2498.549,226
2498.603,225
2498.657,225
2498.71,225
2498.764,226
2498.818,226
2498.872,225
2498.925,225
2498.979,226
2499.033,226
2499.087,226
2499.141,225
2499.194,225
2499.248,225
2499.302,226
2499.356,226
2499.409,226
2499.463,226
2499.517,225
2499.571,226
2499.624,226
2499.678,225
2499.732,225
2499.786,226
2499.839,226
2499.893,226
2499.947,225
2500.001,225
2500.054,226
2500.108,226
2500.162,225
2500.216,225
2500.269,225
2500.323,225
2500.377,225
2500.431,226
2500.485,226
2500.538,225
2500.592,225
2500.646,225
2500.7,225
2500.753,225
2500.807,225
2500.861,226
2500.915,226
2500.968,225
2501.022,225
2501.076,225
2501.13,225
2501.183,225
2501.237,226
2501.291,226
2501.345,226
2501.398,225
2501.452,225
2501.554,225
2501.608,225
2501.661,225
2501.715,225
2501.769,225
2501.823,225
2501.877,225
2501.93,225
2501.984,225
2502.038,225
2502.092,225
2502.145,225
2502.199,226
2502.253,226
2502.307,225
2502.36,225
2502.414,225
2502.468,225
2502.522,225
2502.575,225
2502.629,225
2502.683,225
2502.737,226
2502.79,225
2502.844,226
2502.898,225
2502.952,225
2503.005,226
2503.059,226
2503.113,225
2503.167,225
2503.221,225
2503.274,225
2503.328,225
2503.382,226
2503.436,226
2503.489,226
2503.543,226
2503.597,225
2503.651,226
2503.704,226
2503.758,226
2503.812,225
2503.866,225
2503.919,226
2503.973,225
2504.027,225
2504.081,225
2504.134,225
2504.188,225
2504.242,226
2504.296,225
2504.349,225
2504.403,225
2504.457,225
2504.511,225
2504.565,226
2504.618,226
2504.672,226
2504.726,226
2504.78,225
2504.833,225
2504.887,226
2504.941,225
2504.995,225
2505.048,226
2505.102,225
2505.156,225
2505.21,225
2505.263,225
2505.317,226
2505.371,225
2505.425,225
2505.478,225
2505.532,225
2505.586,225
2505.64,225
2505.693,225
2505.747,225
2505.801,225
2505.855,225
2505.909,225
2505.962,226
2506.016,225
2506.07,225
2506.124,225
2506.177,225
2506.231,226
2506.285,225
2506.339,225
2506.392,225
2506.446,225
2506.5,225
2506.554,225
2506.607,225
2506.661,225
2506.715,225
2506.769,225
2506.822,225
2506.876,225
2506.978,225
2507.032,225
2507.086,225
2507.139,225
2507.193,226
2507.247,225
2507.301,225
2507.354,225
2507.408,225
2507.462,225
2507.516,225
2507.569,225
2507.623,225
2507.677,225
2507.731,226
2507.784,226
2507.838,225
2507.892,225
2507.946,225
2507.999,225
2508.053,225
2508.107,225
2508.161,225
2508.214,225
2508.268,225
2508.322,225
2508.376,225
2508.429,225
2508.483,225
2508.537,225
2508.591,225
2508.645,225
2508.698,225
2508.752,225
2508.806,225
2508.86,226
2508.913,226
2508.967,226
2509.021,225
2509.075,225
2509.128,225
2509.182,225
2509.236,225
2509.29,225
2509.343,225
2509.397,225
2509.451,226
2509.505,226
2509.558,225
2509.612,225
2509.666,225
2509.72,225
2509.773,225
2509.827,225
2509.881,226
2509.935,225
2509.989,225
2510.042,225
2510.096,225
2510.15,225
2510.204,225
2510.257,225
2510.311,225
2510.365,225
2510.419,225
2510.472,225
2510.526,225
2510.58,226
2510.634,226
2510.687,225
2510.741,225
2510.795,225
2510.849,225
2510.902,225
2510.956,225
2511.01,225
2511.064,225
2511.117,225
2511.171,225
2511.225,225
2511.279,225
2511.333,225
2511.386,225
2511.44,225
2511.494,225
2511.548,225
2511.601,225
2511.655,226
2511.709,226
2511.763,225
2511.816,225
2511.87,225
2511.924,225
2511.978,225
2512.031,225
2512.085,225
2512.139,225
2512.193,225
2512.246,225
2512.3,225
2512.408,226
2512.462,226
2512.515,226
2512.569,226
2512.623,226
2512.677,226
2512.73,226
2512.784,226
2512.838,225
2512.892,225
2512.945,225
2512.999,225
2513.053,226
2513.107,226
2513.16,226
2513.214,226
2513.268,226
2513.322,226
2513.375,226
2513.429,225
2513.483,226
2513.537,226
2513.59,226
2513.644,226
2513.698,225
2513.752,225
2513.805,225
2513.859,225
2513.913,225
2513.967,225
2514.021,226
2514.074,226
2514.128,226
2514.182,225
2514.236,226
2514.289,225
2514.343,225
2514.397,226
2514.451,225
2514.504,226
2514.558,226
2514.612,226
2514.666,226
2514.719,225
2514.773,225
2514.827,225
2514.881,226
2514.934,225
2514.988,226
2515.042,226
2515.096,227
2515.15,226
2515.203,225
2515.257,225
2515.311,226
2515.365,226
2515.418,225
2515.472,225
2515.526,225
2515.58,226
2515.633,225
2515.687,226
2515.741,226
2515.795,226
2515.848,226
2515.902,226
2515.956,226
2516.01,226
2516.063,226
2516.117,225
2516.171,225
2516.225,226
2516.278,225
2516.332,225
2516.386,225
2516.44,225
2516.494,226
2516.547,226
2516.601,225
2516.655,226
2516.709,226
2516.762,227
2516.816,225
2516.87,226
2516.924,225
2516.977,226
2517.031,226
2517.085,225
2517.139,226
2517.192,226
2517.246,226
2517.3,226
2517.354,226
2517.407,226
2517.461,225
2517.515,226
2517.569,226
2517.622,226
2517.676,225
2517.73,225
2517.832,226
2517.885,225
2517.939,225
2517.993,226
2518.047,226
2518.101,226
2518.154,226
2518.208,226
2518.262,226
2518.316,225
2518.369,225
2518.423,225
2518.477,226
2518.531,226
2518.584,226
2518.638,226
2518.692,226
2518.746,225
2518.799,226
2518.853,225
2518.907,226
2518.961,225
2519.014,226
2519.068,226
2519.122,226
2519.176,226
2519.229,225
2519.283,225
2519.337,226
2519.391,226
2519.445,226
2519.498,226
2519.552,225
2519.606,225
2519.66,225
2519.713,225
2519.767,225
2519.821,226
2519.875,225
2519.928,226
2519.982,225
2520.036,225
2520.09,225
2520.143,226
2520.197,226
2520.251,225
2520.305,225
2520.358,226
2520.412,226
2520.466,226
2520.52,226
2520.574,226
2520.627,226
2520.681,226
2520.735,226
2520.789,226
2520.842,226
2520.896,226
2520.95,226
2521.004,225
2521.057,226
2521.111,226
2521.165,226
2521.219,226
2521.272,226
2521.326,226
2521.38,226
2521.434,226
2521.487,225
2521.541,226
2521.595,226
2521.649,226
2521.702,226
2521.756,226
2521.81,225
2521.864,225
2521.917,225
2521.971,226
2522.025,226
2522.079,226
2522.133,226
2522.186,225
2522.24,225
2522.294,226
2522.348,226
2522.401,226
2522.455,226
2522.509,226
2522.563,226
2522.616,226
2522.67,226
2522.724,225
2522.778,226
2522.831,226
2522.885,225
2522.939,226
2522.993,226
2523.046,226
2523.1,226
2523.154,226
2523.256,226
2523.31,226
2523.363,226
2523.417,225
2523.471,226
2523.525,226
2523.578,226
2523.632,226
2523.686,225
2523.74,225
2523.793,226
2523.847,225
2523.901,225
2523.955,225
2524.008,226
2524.062,226
2524.116,225
2524.17,226
2524.223,226
2524.277,226
2524.331,226
2524.385,226
2524.438,226
2524.492,226
2524.546,226
2524.6,225
2524.653,225
2524.707,225
2524.761,225
2524.815,225
2524.869,225
2524.922,226
2524.976,225
2525.03,225
2525.084,225
2525.137,225
2525.191,226
2525.245,226
2525.299,226
2525.352,225
2525.406,225
2525.46,226
2525.514,226
2525.567,226
2525.621,226
2525.675,225
2525.729,225
2525.782,225
2525.836,225
2525.89,226
2525.944,226
2525.997,225
2526.051,226
2526.105,226
2526.159,225
2526.213,225
2526.266,225
2526.32,225
2526.374,226
2526.428,225
2526.481,226
2526.535,226
2526.589,226
2526.643,225
2526.696,225
2526.75,226
2526.804,225
2526.858,226
2526.911,226
2526.965,226
2527.019,226
2527.073,226
2527.126,225
2527.18,226
2527.234,226
2527.288,226
2527.342,226
2527.395,226
2527.449,225
2527.503,225
2527.557,225
2527.61,225
2527.664,226
2527.718,225
2527.772,225
2527.825,225
2527.879,225
2527.933,226
2527.987,225
2528.04,226
2528.094,226
2528.148,226
2528.202,226
2528.255,226
2528.309,225
2528.363,225
2528.417,225
2528.47,225
2528.524,225
2528.578,225
2528.686,226
2528.739,225
2528.793,226
2528.847,226
2528.901,226
2528.954,226
2529.008,226
2529.062,226
2529.116,226
2529.169,226
2529.223,226
2529.277,226
2529.331,226
2529.384,226
2529.438,226
2529.492,225
2529.546,225
2529.599,225
2529.653,226
2529.707,226
2529.761,226
2529.814,226
2529.868,226
2529.922,225
2529.976,225
2530.03,226
2530.083,225
2530.137,226
2530.191,226
2530.245,226
2530.298,225
2530.352,226
2530.406,226
2530.46,226
2530.513,225
2530.567,226
2530.621,226
2530.675,226
2530.728,225
2530.782,225
2530.836,225
2530.89,225
2530.943,226
2530.997,226
2531.051,225
2531.105,225
2531.158,226
2531.212,225
2531.266,226
2531.32,225
2531.373,225
2531.427,226
2531.481,226
2531.535,226
2531.589,226
2531.642,226
2531.696,226
2531.75,226
2531.804,226
2531.857,226
2531.911,226
2531.965,226
2532.019,225
2532.072,225
2532.126,226
2532.18,226
2532.234,225
2532.287,226
2532.341,226
2532.395,226
2532.449,226
2532.502,226
2532.556,226
2532.61,226
2532.664,226
2532.718,226
2532.771,225
2532.825,225
2532.879,225
2532.933,226
2532.986,226
2533.04,226
2533.094,225
2533.148,225
2533.201,226
2533.255,225
2533.309,225
2533.363,226
2533.416,226
2533.47,226
2533.524,225
2533.578,226
2533.631,226
2533.685,225
2533.739,226
2533.793,226
2533.846,226
2533.9,226
2533.954,225
2534.008,225
2534.11,226
2534.163,226
2534.217,226
2534.271,226
2534.325,225
2534.378,225
2534.432,225
2534.486,226
2534.54,226
2534.593,226
2534.647,226
2534.701,226
2534.755,225
2534.808,226
2534.862,225
2534.916,225
2534.97,226
2535.023,226
2535.077,225
2535.131,225
2535.185,226
2535.238,226
2535.292,226
2535.346,226
2535.4,226
2535.454,226
2535.507,225
2535.561,225
2535.615,226
2535.669,225
2535.722,226
2535.776,226
2535.83,226
2535.884,226
2535.937,226
2535.991,226
2536.045,226
2536.099,226
2536.152,226
2536.206,225
2536.26,226
2536.314,226
2536.367,226
2536.421,226
2536.475,225
2536.529,225
2536.582,226
2536.636,225
2536.69,226
2536.744,225
2536.797,225
2536.851,226
2536.905,226
2536.959,226
2537.013,226
2537.066,225
2537.12,225
2537.174,226
2537.228,225
2537.281,226
2537.335,226
2537.389,226
2537.443,226
2537.496,226
2537.55,226
2537.604,225
2537.658,225
2537.711,226
2537.765,226
2537.819,226
2537.873,225
2537.926,225
2537.98,225
2538.034,225
2538.088,225
2538.142,226
2538.195,226
2538.249,225
2538.303,226
2538.357,225
2538.41,225
2538.464,225
2538.518,225
2538.572,225
2538.625,225
2538.679,226
2538.733,225
2538.787,226
2538.84,226
2538.894,225
2538.948,225
2539.002,226
2539.055,226
2539.109,226
2539.163,226
2539.217,226
2539.27,226
2539.324,226
2539.378,226
2539.432,226
2539.534,226
2539.587,226
2539.641,225
2539.695,225
2539.749,226
2539.802,226
2539.856,226
2539.91,226
2539.964,226
2540.017,226
2540.071,225
2540.125,225
2540.179,225
2540.232,226
2540.286,225
2540.34,225
2540.394,225
2540.447,225
2540.501,226
2540.555,226
2540.609,225
2540.662,226
2540.716,226
2540.77,226
2540.824,225
2540.878,226
2540.931,225
2540.985,225
2541.039,225
2541.093,225
2541.146,226
2541.2,226
2541.254,226
2541.308,226
2541.361,226
2541.415,226
2541.469,225
2541.523,226
2541.576,226
2541.63,226
2541.684,226
2541.738,226
2541.791,226
2541.845,226
2541.899,226
2541.953,226
2542.006,226
2542.06,226
2542.114,226
2542.168,226
2542.222,226
2542.275,225
2542.329,226
2542.383,225
2542.437,226
2542.49,225
2542.544,225
2542.598,225
2542.652,225
2542.705,225
2542.759,226
2542.813,226
2542.867,225
2542.92,225
2542.974,225
2543.028,225
2543.082,225
2543.135,225
2543.189,225
2543.243,225
2543.297,225
2543.35,225
2543.404,225
2543.458,225
2543.512,225
2543.566,226
2543.619,226
2543.673,225
2543.727,225
2543.781,225
2543.834,225
2543.888,225
2543.942,225
2543.996,226
2544.049,226
2544.103,226
2544.157,226
2544.211,226
2544.264,225
2544.318,226
2544.372,226
2544.426,225
2544.479,226
2544.533,226
2544.587,226
2544.641,226
2544.694,226
2544.748,226
2544.802,225
2544.856,225
2544.963,225
2545.017,226
2545.071,226
2545.125,225
2545.178,226
2545.232,225
2545.286,226
2545.34,226
2545.393,225
2545.447,225
2545.501,225
2545.555,226
2545.608,226
2545.662,226
2545.716,225
2545.77,226
2545.823,225
2545.877,225
2545.931,226
2545.985,226
2546.038,226
2546.092,226
2546.146,226
2546.2,226
2546.253,225
2546.307,226
2546.361,226
2546.415,226
2546.469,226
2546.522,226
2546.576,226
2546.63,226
2546.684,226
2546.737,225
2546.791,226
2546.845,226
2546.899,226
2546.952,225
2547.006,225
2547.06,225
2547.114,225
2547.167,226
2547.221,226
2547.275,226
2547.329,226
2547.382,226
2547.436,226
2547.49,225
2547.544,226
2547.598,226
2547.651,226
2547.705,226
2547.759,226
2547.813,226
2547.866,225
2547.92,225
2547.974,225
2548.028,225
2548.081,226
2548.135,226
2548.189,226
2548.243,225
2548.296,225
2548.35,225
2548.404,225
2548.458,226
2548.511,226
2548.565,226
2548.619,225
2548.673,225
2548.726,226
2548.78,226
2548.834,226
2548.888,226
2548.942,226
2548.995,226
2549.049,226
2549.103,225
2549.157,226
2549.21,226
2549.264,226
2549.318,226
2549.372,226
2549.425,225
2549.479,225
2549.533,226
2549.587,226
2549.64,226
2549.694,226
2549.748,225
2549.802,225
2549.855,225
2549.909,225
2549.963,225
2550.017,225
2550.07,225
2550.124,225
2550.178,225
2550.232,225
2550.285,225
2550.387,226
2550.441,225
2550.495,225
2550.549,225
2550.602,226
2550.656,225
2550.71,226
2550.764,225
2550.817,226
2550.871,226
2550.925,225
2550.979,225
2551.032,225
2551.086,226
2551.14,226
2551.194,226
2551.247,226
2551.301,226
2551.355,226
2551.409,226
2551.462,226
2551.516,226
2551.57,226
2551.624,226
2551.678,226
2551.731,225
2551.785,225
2551.839,226
2551.893,226
2551.946,226
2552.0,226
2552.054,225
2552.108,225
2552.161,225
2552.215,226
2552.269,226
2552.323,226
2552.376,226
2552.43,226
2552.484,225
2552.538,225
2552.591,225
2552.645,225
2552.699,226
2552.753,226
2552.806,226
2552.86,226
2552.914,226
2552.968,226
2553.021,225
2553.075,225
2553.129,225
2553.183,226
2553.237,226
2553.29,226
2553.344,226
2553.398,226
2553.452,226
2553.505,225
2553.559,225
2553.613,226
2553.667,225
2553.72,225
2553.774,226
2553.828,225
2553.882,225
2553.935,225
2553.989,225
2554.043,226
2554.097,225
2554.15,226
2554.204,225
2554.258,225
2554.312,225
2554.365,225
2554.419,226
2554.473,226
2554.527,225
2554.581,226
2554.634,226
2554.688,225
2554.742,226
2554.796,226
2554.849,225
2554.903,225
2554.957,225
2555.011,226
2555.064,226
2555.118,226
2555.172,225
2555.226,225
2555.279,225
2555.333,226
2555.387,225
2555.441,225
2555.494,225
2555.548,225
2555.602,225
2555.656,226
2555.71,226
2555.811,226
2555.865,225
2555.919,226
2555.973,226
2556.026,226
2556.08,226
2556.134,225
2556.188,225
2556.241,225
2556.295,226
2556.349,225
2556.403,226
2556.456,226
2556.51,226
2556.564,226
2556.618,226
2556.671,226
2556.725,226
2556.779,226
2556.833,226
2556.886,225
2556.94,225
2556.994,225
2557.048,225
2557.101,225
2557.155,226
2557.209,226
2557.263,226
2557.317,226
2557.37,225
2557.424,226
2557.478,226
2557.532,226
2557.585,226
2557.639,225
2557.693,226
2557.747,226
2557.8,226
2557.854,226
2557.908,226
2557.962,226
2558.015,226
2558.069,226
2558.123,226
2558.177,225
2558.23,225
2558.284,225
2558.338,225
2558.392,225
2558.445,225
2558.499,225
2558.553,225
2558.607,225
2558.661,225
2558.714,225
2558.768,226
2558.822,226
2558.876,225
2558.929,225
2558.983,225
2559.037,225
2559.091,225
2559.144,225
2559.198,225
2559.252,225
2559.306,225
2559.359,225
2559.413,225
2559.467,225
2559.521,225
2559.574,225
2559.628,226
2559.682,226
2559.736,225
2559.789,225
2559.843,225
2559.897,225
2559.951,225
2560.005,225
2560.058,225
2560.112,226
2560.166,226
2560.22,226
2560.273,226
2560.327,226
2560.381,225
2560.435,225
2560.488,225
2560.542,225
2560.596,225
2560.65,225
2560.703,225
2560.757,225
2560.811,225
2560.865,225
2560.918,226
2560.972,226
2561.026,226
2561.08,225
2561.133,225
2561.241,226
2561.295,226
2561.349,226
2561.402,226
2561.456,226
2561.51,226
2561.564,226
2561.617,226
2561.671,226
2561.725,226
2561.779,226
2561.832,226
2561.886,226
2561.94,226
2561.994,226
2562.047,225
2562.101,225
2562.155,226
2562.209,226
2562.262,226
2562.316,226
2562.37,226
2562.424,226
2562.478,226
2562.531,225
2562.585,225
2562.639,225
2562.693,225
2562.746,225
2562.8,225
2562.854,225
2562.908,225
2562.961,225
2563.015,225
2563.069,226
2563.123,226
2563.176,226
2563.23,226
2563.284,226
2563.338,226
2563.391,226
2563.445,226
2563.499,226
2563.553,226
2563.606,226
2563.66,226
2563.714,226
2563.768,226
2563.822,226
2563.875,226
2563.929,226
2563.983,225
2564.037,225
2564.09,225
2564.144,225
2564.198,225
2564.252,225
2564.305,225
2564.359,225
2564.413,225
2564.467,226
2564.52,225
2564.574,226
2564.628,226
2564.682,226
2564.735,226
2564.789,226
2564.843,226
2564.897,226
2564.95,226
2565.004,226
2565.058,226
2565.112,226
2565.166,226
2565.219,226
2565.273,226
2565.327,226
2565.381,226
2565.434,226
2565.488,225
2565.542,226
2565.596,226
2565.649,226
2565.703,226
2565.757,225
2565.811,226
2565.864,225
2565.918,225
2565.972,225
2566.026,225
2566.079,225
2566.133,226
2566.187,225
2566.241,225
2566.294,225
2566.348,225
2566.402,225
2566.456,225
2566.509,225
2566.563,225
2566.681,225
2566.735,225
2566.789,225
2566.843,226
2566.896,225
2566.95,226
2567.004,226
2567.058,225
2567.111,226
2567.165,225
2567.219,225
2567.273,226
2567.326,225
2567.38,226
2567.434,226
2567.488,225
2567.541,225
2567.595,225
2567.649,225
2567.703,225
2567.757,225
2567.81,225
2567.864,225
2567.918,225
2567.972,225
2568.025,225
2568.079,225
2568.133,225
2568.187,225
2568.24,225
2568.294,225
2568.348,225
2568.402,225
2568.455,225
2568.509,225
2568.563,225
2568.617,225
2568.67,226
2568.724,225
2568.778,225
2568.832,225
2568.885,225
2568.939,225
2568.993,225
2569.047,225
2569.101,225
2569.154,225
2569.208,225
2569.262,225
2569.316,225
2569.369,225
2569.423,226
2569.477,225
2569.531,225
2569.584,225
2569.638,225
2569.692,225
2569.746,226
2569.799,226
2569.853,225
2569.907,225
2569.961,226
2570.014,226
2570.068,226
2570.122,225
2570.176,226
2570.23,226
2570.283,226
2570.337,226
2570.391,226
2570.445,226
2570.498,225
2570.552,226
2570.606,226
2570.66,226
2570.713,226
2570.767,225
2570.821,226
2570.875,225
2570.928,226
2570.982,226
2571.036,226
2571.09,226
2571.143,225
2571.197,225
2571.251,225
2571.305,225
2571.358,225
2571.412,225
2571.466,225
2571.52,226
2571.573,225
2571.627,225
2571.681,226
2571.735,225
2571.789,225
2571.842,226
2571.896,226
2571.95,225
2572.004,225
2572.111,225
2572.165,225
2572.219,226
2572.272,226
2572.326,226
2572.38,226
2572.434,225
2572.487,225
2572.541,226
2572.595,226
2572.649,225
2572.702,225
2572.756,226
2572.81,226
2572.864,226
2572.918,226
2572.971,225
2573.025,226
2573.079,226
2573.133,226
2573.186,226
2573.24,226
2573.294,226
2573.348,225
2573.401,226
2573.455,226
2573.509,225
2573.563,225
2573.616,225
2573.67,225
2573.724,225
2573.778,225
2573.831,225
2573.885,226
2573.939,225
2573.993,226
2574.046,226
2574.1,226
2574.154,225
2574.208,226
2574.262,226
2574.315,225
2574.369,226
2574.423,225
2574.477,226
2574.53,225
2574.584,226
2574.638,226
2574.692,226
2574.745,226
2574.799,226
2574.853,226
2574.907,225
2574.96,225
2575.014,225
2575.068,226
2575.122,225
2575.175,225
2575.229,225
2575.283,226
2575.337,225
2575.39,225
2575.444,226
2575.498,226
2575.552,225
2575.605,225
2575.659,225
2575.713,226
2575.767,226
2575.821,225
2575.874,225
2575.928,225
2575.982,225
2576.036,226
2576.089,226
2576.143,226
2576.197,226
2576.251,226
2576.304,226
2576.358,226
2576.412,226
2576.466,226
2576.519,225
2576.573,225
2576.627,226
2576.681,226
2576.734,226
2576.788,225
2576.842,225
2576.896,225
2576.949,225
2577.003,225
2577.057,225
2577.111,225
2577.165,225
2577.218,225
2577.272,226
2577.326,225
2577.38,226
2577.433,225
2577.535,226
2577.589,226
2577.643,226
2577.696,226
2577.75,225
2577.804,225
2577.858,226
2577.911,226
2577.965,226
2578.019,226
2578.073,226
2578.126,226
2578.18,225
2578.234,225
2578.288,225
2578.342,226
2578.395,226
2578.449,225
2578.503,226
2578.557,225
2578.61,225
2578.664,225
2578.718,226
2578.772,226
2578.825,226
2578.879,225
2578.933,226
2578.987,226
2579.04,226
2579.094,225
2579.148,226
2579.202,225
2579.255,226
2579.309,225
2579.363,226
2579.417,225
2579.47,225
2579.524,225
2579.578,225
2579.632,225
2579.686,226
2579.739,226
2579.793,225
2579.847,225
2579.901,225
2579.954,226
2580.008,226
2580.062,226
2580.116,225
2580.169,226
2580.223,226
2580.277,225
2580.331,225
2580.384,226
2580.438,225
2580.492,225
2580.546,225
2580.599,226
2580.653,226
2580.707,226
2580.761,226
2580.814,226
2580.868,225
2580.922,226
2580.976,225
2581.03,226
2581.083,226
2581.137,225
2581.191,225
2581.245,226
2581.298,225
2581.352,226
2581.406,226
2581.46,225
2581.513,226
2581.567,225
2581.621,226
2581.675,226
2581.728,226
2581.782,226
2581.836,226
2581.89,226
2581.943,226
2581.997,226
2582.051,225
2582.105,225
2582.158,226
2582.212,226
2582.266,226
2582.32,225
2582.374,226
2582.427,226
2582.481,226
2582.535,226
2582.589,226
2582.642,226
2582.696,225
2582.75,225
2582.804,225
2582.857,225
2582.959,226
2583.013,225
2583.067,226
2583.12,225
2583.174,226
2583.228,226
2583.282,226
2583.335,226
2583.389,225
2583.443,225
2583.497,226
2583.55,225
2583.604,226
2583.658,226
2583.712,225
2583.766,226
2583.819,225
2583.873,226
2583.927,226
2583.981,226
2584.034,225
2584.088,225
2584.142,225
2584.196,225
2584.249,226
2584.303,226
2584.357,226
2584.411,226
2584.464,225
2584.518,225
2584.572,225
2584.626,226
2584.679,226
2584.733,226
2584.787,225
2584.841,226
2584.894,225
2584.948,226
2585.002,226
2585.056,225
2585.109,225
2585.163,225
2585.217,226
2585.271,226
2585.325,226
2585.378,225
2585.432,225
2585.486,226
2585.54,225
2585.593,225
2585.647,225
2585.701,225
2585.755,226
2585.808,225
2585.862,225
2585.916,225
2585.97,225
2586.023,225
2586.077,225
2586.131,226
2586.185,225
2586.238,225
2586.292,226
2586.346,225
2586.4,226
2586.453,225
2586.507,225
2586.561,225
2586.615,225
2586.669,226
2586.722,226
2586.776,226
2586.83,225
2586.884,226
2586.937,225
2586.991,225
2587.045,225
2587.099,225
2587.152,226
2587.206,225
2587.26,226
2587.314,226
2587.367,226
2587.421,225
2587.475,226
2587.529,225
2587.582,226
2587.636,225
2587.69,225
2587.744,226
2587.797,225
2587.851,226
2587.905,225
2587.959,225
2588.013,225
2588.066,226
2588.12,226
2588.174,226
2588.228,226
2588.281,226
2588.389,226
2588.443,226
2588.496,226
2588.55,225
2588.604,226
2588.658,226
2588.711,225
2588.765,226
2588.819,225
2588.873,225
2588.926,226
2588.98,226
2589.034,225
2589.088,226
2589.142,226
2589.195,225
2589.249,225
2589.303,226
2589.357,226
2589.41,226
2589.464,225
2589.518,225
2589.572,225
2589.625,225
2589.679,226
2589.733,225
2589.787,226
2589.84,225
2589.894,225
2589.948,226
2590.002,226
2590.055,226
2590.109,226
2590.163,226
2590.217,225
2590.27,225
2590.324,226
2590.378,226
2590.432,226
2590.486,226
2590.539,226
2590.593,225
2590.647,225
2590.701,225
2590.754,226
2590.808,226
2590.862,225
2590.916,225
2590.969,226
2591.023,226
2591.077,225
2591.131,225
2591.184,225
2591.238,225
2591.292,226
2591.346,226
2591.399,226
2591.453,225
2591.507,225
2591.561,225
2591.614,226
2591.668,226
2591.722,226
2591.776,226
2591.829,225
2591.883,226
2591.937,225
2591.991,226
2592.045,226
2592.098,226
2592.152,226
2592.206,225
2592.26,226
2592.313,225
2592.367,225
2592.421,226
2592.475,226
2592.528,225
2592.582,225
2592.636,225
2592.69,225
2592.743,225
2592.797,225
2592.851,226
2592.905,226
2592.958,225
2593.012,225
2593.066,225
2593.12,225
2593.173,225
2593.227,225
2593.281,226
2593.335,226
2593.389,225
2593.442,226
2593.496,226
2593.55,225
2593.604,226
2593.657,225
2593.711,225
2593.813,226
2593.867,226
2593.92,225
2593.974,226
2594.028,226
2594.082,226
2594.135,226
2594.189,226
2594.243,226
2594.297,226
2594.351,226
2594.404,226
2594.458,226
2594.512,226
2594.566,226
2594.619,226
2594.673,225
2594.727,226
2594.781,225
2594.834,226
2594.888,226
2594.942,225
2594.996,226
2595.049,225
2595.103,225
2595.157,226
2595.211,226
2595.264,225
2595.318,226
2595.372,226
2595.426,226
2595.479,225
2595.533,225
2595.587,225
2595.641,225
2595.694,225
2595.748,225
2595.802,225
2595.856,225
2595.909,225
2595.963,226
2596.017,226
2596.071,226
2596.125,225
2596.178,225
2596.232,225
2596.286,226
2596.34,225
2596.393,226
2596.447,226
2596.501,226
2596.555,225
2596.608,226
2596.662,226
2596.716,226
2596.77,225
2596.823,226
2596.877,226
2596.931,225
2596.985,226
2597.038,226
2597.092,225
2597.146,225
2597.2,225
2597.253,225
2597.307,226
2597.361,226
2597.415,225
2597.469,225
2597.522,226
2597.576,225
2597.63,225
2597.684,225
2597.737,225
2597.791,225
2597.845,225
2597.899,225
2597.952,225
2598.006,225
2598.06,225
2598.114,226
2598.167,225
2598.221,225
2598.275,226
2598.329,226
2598.382,225
2598.436,225
2598.49,225
2598.544,225
2598.598,226
2598.651,225
2598.705,225
2598.759,225
2598.813,225
2598.866,226
2598.92,226
2598.974,226
2599.028,226
2599.081,226
2599.135,226
2599.237,225
2599.291,226
2599.344,225
2599.398,225
2599.452,225
2599.506,225
2599.559,226
2599.613,226
2599.667,226
2599.721,225
2599.774,226
2599.828,226
2599.882,225
2599.936,226
2599.99,226
2600.043,225
2600.097,226
2600.151,226
2600.205,226
2600.258,225
2600.312,226
2600.366,226
2600.42,226
2600.473,225
2600.527,226
2600.581,226
2600.635,226
2600.688,226
2600.742,226
2600.796,226
2600.85,226
2600.903,226
2600.957,226
2601.011,226
2601.065,225
2601.118,225
2601.172,226
2601.226,226
2601.28,226
2601.334,226
2601.387,225
2601.441,225
2601.495,226
2601.549,226
2601.602,226
2601.656,226
2601.71,225
2601.764,226
2601.817,226
2601.871,226
2601.925,226
2601.979,226
2602.032,225
2602.086,226
2602.14,226
2602.194,226
2602.247,225
2602.301,226
2602.355,225
2602.409,225
2602.462,226
2602.516,225
2602.57,225
2602.624,225
2602.678,226
2602.731,226
2602.785,225
2602.839,225
2602.893,225
2602.946,225
2603.0,226
2603.054,226
2603.108,225
2603.161,225
2603.215,226
2603.269,226
2603.323,227
2603.376,227
2603.43,226
2603.484,226
2603.538,226
2603.591,226
2603.645,226
2603.699,226
2603.753,226
2603.806,226
2603.86,226
2603.914,226
2603.968,226
2604.021,225
2604.075,226
2604.129,226
2604.183,226
2604.237,225
2604.29,226
2604.344,226
2604.398,226
2604.452,226
2604.505,226
2604.559,225
2604.667,225
2604.72,225
2604.774,226
2604.828,226
2604.882,225
2604.935,225
2604.989,226
2605.043,225
2605.097,225
2605.15,226
2605.204,226
2605.258,226
2605.312,225
2605.366,226
2605.419,226
2605.473,225
2605.527,226
2605.581,225
2605.634,225
2605.688,226
2605.742,225
2605.796,225
2605.849,225
2605.903,226
2605.957,226
2606.011,226
2606.064,226
2606.118,225
2606.172,226
2606.226,225
2606.279,226
2606.333,226
2606.387,225
2606.441,226
2606.494,226
2606.548,226
2606.602,226
2606.656,226
2606.709,226
2606.763,226
2606.817,225
2606.871,225
2606.925,226
2606.978,226
2607.032,226
2607.086,225
2607.14,225
2607.193,226
2607.247,226
2607.301,226
2607.355,225
2607.408,225
2607.462,226
2607.516,225
2607.57,226
2607.623,226
2607.677,226
2607.731,226
2607.785,225
2607.838,225
2607.892,225
2607.946,226
2608.0,226
2608.054,226
2608.107,226
2608.161,226
2608.215,226
2608.269,226
2608.322,225
2608.376,226
2608.43,226
2608.484,225
2608.537,226
2608.591,226
2608.645,226
2608.699,226
2608.752,225
2608.806,225
2608.86,226
2608.914,226
2608.967,226
2609.021,226
2609.075,226
2609.129,226
2609.182,226
2609.236,226
2609.29,226
2609.344,226
2609.397,225
2609.451,226
2609.505,226
2609.559,226
2609.613,226
2609.666,226
2609.72,226
2609.774,226
2609.828,225
2609.881,225
2609.935,226
2609.989,226
2610.091,226
2610.144,226
2610.198,226
2610.252,226
2610.306,226
2610.359,226
2610.413,226
2610.467,226
2610.521,225
2610.574,226
2610.628,226
2610.682,226
2610.736,226
2610.79,226
2610.843,226
2610.897,226
2610.951,226
2611.005,226
2611.058,226
2611.112,226
2611.166,225
2611.22,226
2611.273,226
2611.327,226
2611.381,225
2611.435,225
2611.488,225
2611.542,225
2611.596,225
2611.65,225
2611.703,225
2611.757,226
2611.811,226
2611.865,226
2611.918,226
2611.972,226
2612.026,226
2612.08,226
2612.133,225
2612.187,225
2612.241,225
2612.295,225
2612.349,225
2612.402,225
2612.456,225
2612.51,225
2612.564,225
2612.617,225
2612.671,225
2612.725,226
2612.779,225
2612.832,225
2612.886,225
2612.94,225
2612.994,226
2613.047,225
2613.101,225
2613.155,225
2613.209,226
2613.262,226
2613.316,225
2613.37,225
2613.424,225
2613.477,225
2613.531,225
2613.585,225
2613.639,225
2613.692,225
2613.746,225
2613.8,225
2613.854,225
2613.908,225
2613.961,225
2614.015,225
2614.069,225
2614.123,225
2614.176,225
2614.23,226
2614.284,226
2614.338,225
2614.391,225
2614.445,225
2614.499,225
2614.553,225
2614.606,225
2614.66,225
2614.714,225
2614.768,225
2614.821,225
2614.875,225
2614.929,225
2614.983,225
2615.036,225
2615.09,225
2615.144,225
2615.198,225
2615.252,225
2615.305,225
2615.359,225
2615.413,225
2615.515,225
2615.568,225
2615.622,225
2615.676,225
2615.73,225
2615.783,225
2615.837,225
2615.891,225
2615.945,225
2615.998,225
2616.052,225
2616.106,225
2616.16,225
2616.213,225
2616.267,226
2616.321,225
2616.375,225
2616.429,225
2616.482,225
2616.536,225
2616.59,225
2616.644,225
2616.697,225
2616.751,225
2616.805,225
2616.859,225
2616.912,225
2616.966,225
2617.02,225
2617.074,225
2617.127,225
2617.181,225
2617.235,225
2617.289,225
2617.342,225
2617.396,225
2617.45,225
2617.504,225
2617.557,225
2617.611,225
2617.665,225
2617.719,225
2617.773,225
2617.826,225
2617.88,225
2617.934,225
2617.988,225
2618.041,225
2618.095,226
2618.149,225
2618.203,225
2618.252,146
2618.3,138
2618.348,128
2618.395,121
2618.442,115
2618.489,109
2618.535,102
2618.581,96
2618.627,92
2618.673,88
2618.717,80
2618.762,71
2618.805,61
2618.849,53
2618.892,45
2618.935,41
2618.977,37
2619.019,36
2619.061,37
2619.104,35
2619.146,35
2619.188,35
2619.23,36
2619.272,35
2619.315,37
2619.357,38
2619.4,41
2619.443,56
2619.486,56
2619.53,71
2619.575,84
2619.62,82
2619.665,81
2619.71,81
2619.755,81
2619.8,82
2619.846,83
2619.891,84
2619.936,89
2619.989,225
2620.043,225
2620.097,225
2620.15,225
2620.204,225
2620.258,225
2620.312,225
2620.365,225
2620.419,225
2620.473,225
2620.581,225
2620.634,225
2620.688,225
2620.742,225
2620.796,225
2620.849,225
2620.903,225
2620.957,225
2621.011,225
2621.064,225
2621.118,225
2621.172,225
2621.226,225
2621.279,226
2621.333,225
2621.387,226
2621.441,225
2621.494,225
2621.548,225
2621.602,225
2621.656,225
2621.709,225
2621.763,225
2621.817,226
2621.871,225
2621.925,225
2621.978,225
2622.032,225
2622.086,225
2622.14,226
2622.193,225
2622.247,225
2622.301,225
2622.355,225
2622.408,225
2622.462,225
2622.516,225
2622.57,225
2622.623,225
2622.677,225
2622.731,225
2622.785,225
2622.838,225
2622.892,225
2622.946,225
2623.0,225
2623.053,225
2623.107,225
2623.161,225
2623.215,225
2623.269,225
2623.322,226
2623.376,225
2623.43,225
2623.484,225
2623.537,225
2623.591,225
2623.645,225
2623.699,225
2623.752,225
2623.806,225
2623.86,225
2623.914,225
2623.967,225
2624.021,225
2624.075,225
2624.129,225
2624.182,225
2624.236,225
2624.29,225
2624.344,225
2624.397,225
2624.451,225
2624.505,225
2624.559,225
2624.613,225
2624.666,225
2624.72,225
2624.774,225
2624.828,225
2624.881,225
2624.935,225
2624.989,225
2625.043,225
2625.096,226
2625.15,225
2625.204,225
2625.258,225
2625.311,225
2625.365,225
2625.419,225
2625.473,225
2625.526,226
2625.58,225
2625.634,225
2625.688,225
2625.741,225
2625.795,225
2625.849,226
2625.903,226
2626.005,225
2626.058,225
2626.112,225
2626.166,226
2626.22,226
2626.273,226
2626.327,225
2626.381,226
2626.435,225
2626.488,226
2626.542,226
2626.596,226
2626.65,225
2626.703,225
2626.757,225
2626.811,225
2626.865,226
2626.918,225
2626.972,225
2627.026,225
2627.08,226
2627.134,226
2627.187,226
2627.241,225
2627.295,225
2627.349,225
2627.402,226
2627.456,226
2627.51,226
2627.564,226
2627.617,226
2627.671,225
2627.725,225
2627.779,225
2627.832,225
2627.886,225
2627.94,225
2627.994,225
2628.047,225
2628.101,225
2628.155,225
2628.209,225
2628.262,225
2628.316,226
2628.37,225
2628.424,226
2628.477,225
2628.531,225
2628.585,225
2628.639,226
2628.693,225
2628.746,225
2628.8,225
2628.854,225
2628.908,225
2628.961,225
2629.015,225
2629.069,225
2629.123,225
2629.176,225
2629.23,225
2629.284,225
2629.338,225
2629.391,225
2629.445,225
2629.499,225
2629.553,225
2629.606,225
2629.66,225
2629.714,225
2629.768,225
2629.821,225
2629.875,226
2629.929,226
2629.983,225
2630.037,226
2630.09,225
2630.144,225
2630.198,225
2630.252,225
2630.305,225
2630.359,225
2630.413,225
2630.467,225
2630.52,225
2630.574,226
2630.628,226
2630.682,225
2630.733,184
2630.786,226
2630.837,168
2630.886,158
2630.936,151
2630.984,143
2631.033,136
2631.086,225
2631.14,225
2631.187,123
2631.234,111
2631.281,108
2631.375,104
2631.421,104
2631.475,225
2631.523,137
2631.569,102
2631.617,133
2631.663,99
2631.709,97
2631.755,98
2631.809,225
2631.862,225
2631.91,111
2631.957,117
2632.004,124
2632.058,225
2632.112,225
2632.166,225
2632.22,225
2632.273,225
2632.327,225
2632.381,225
2632.435,225
2632.488,225
2632.542,225
2632.596,225
2632.65,225
2632.703,226
2632.757,225
2632.811,225
2632.865,225
2632.918,225
2632.972,226
2633.026,225
2633.08,225
2633.133,225
2633.187,225
2633.241,225
2633.295,225
2633.348,225
2633.402,225
2633.456,225
2633.51,225
2633.564,225
2633.617,225
2633.671,225
2633.725,225
2633.779,225
2633.832,226
2633.886,225
2633.94,225
2633.994,225
2634.047,225
2634.101,225
2634.155,225
2634.209,225
2634.262,225
2634.316,225
2634.37,225
2634.424,225
2634.477,225
2634.531,225
2634.585,225
2634.639,225
2634.693,225
2634.746,225
2634.8,225
2634.854,225
2634.908,226
2634.961,225
2635.015,225
2635.069,225
2635.123,225
2635.176,225
2635.23,225
2635.284,225
2635.338,225
2635.391,225
2635.445,225
2635.499,225
2635.553,225
2635.606,225
2635.66,225
2635.714,225
2635.768,225
2635.821,225
2635.875,225
2635.929,225
2635.983,225
2636.037,225
2636.09,225
2636.144,225
2636.198,225
2636.252,225
2636.305,225
2636.359,225
2636.413,225
2636.467,225
2636.52,225
2636.574,225
2636.628,225
2636.735,225
2636.789,225
2636.843,225
2636.897,225
2636.95,225
2637.004,225
2637.058,225
2637.112,225
2637.165,225
2637.219,225
2637.273,225
2637.327,225
2637.381,225
2637.434,225
2637.488,225
2637.542,225
2637.596,225
2637.649,225
2637.703,225
2637.757,225
2637.811,225
2637.864,225
2637.918,225
2637.972,225
2638.026,225
2638.079,225
2638.133,225
2638.187,225
2638.241,225
2638.294,225
2638.348,225
2638.402,225
2638.456,225
2638.509,225
2638.563,225
2638.617,225
2638.671,225
2638.725,225
2638.778,226
2638.832,225
2638.886,225
2638.94,225
2638.993,225
2639.047,225
2639.101,226
2639.155,225
2639.208,226
2639.262,226
2639.316,226
2639.37,225
2639.423,225
2639.477,226
2639.531,226
2639.585,226
2639.638,225
2639.692,226
2639.746,226
2639.8,226
2639.853,225
2639.907,225
2639.961,226
2640.015,226
2640.069,226
2640.122,226
2640.176,225
2640.23,225
2640.284,226
2640.337,225
2640.391,225
2640.445,226
2640.499,226
2640.552,225
2640.606,226
2640.66,226
2640.714,226
2640.767,226
2640.821,226
2640.875,226
2640.929,225
2640.982,226
2641.036,225
2641.09,225
2641.144,225
2641.197,225
2641.251,226
2641.305,225
2641.359,226
2641.413,226
2641.466,226
2641.52,225
2641.574,225
2641.628,226
2641.681,225
2641.735,225
2641.789,226
2641.843,226
2641.896,226
2641.95,226
2642.004,226
2642.058,226
2642.159,226
2642.213,225
2642.267,226
2642.321,225
2642.374,226
2642.428,226
2642.482,226
2642.536,225
2642.589,226
2642.643,226
2642.697,225
2642.751,226
2642.805,226
2642.858,226
2642.912,226
2642.966,225
2643.02,225
2643.073,226
2643.127,225
2643.181,225
2643.235,225
2643.288,226
2643.342,225
2643.396,225
2643.45,226
2643.503,226
2643.557,226
2643.611,226
2643.665,225
2643.718,225
2643.772,225
2643.826,226
2643.88,225
2643.933,225
2643.987,226
2644.041,226
2644.095,225
2644.149,226
2644.202,225
2644.256,226
2644.31,226
2644.364,226
2644.417,226
2644.471,226
2644.525,225
2644.579,225
2644.632,225
2644.686,225
2644.74,225
2644.794,226
2644.847,226
2644.901,226
2644.955,226
2645.009,226
2645.062,225
2645.116,225
2645.17,225
2645.224,226
2645.278,226
2645.331,226
2645.385,226
2645.439,225
2645.493,225
2645.546,225
2645.6,225
2645.654,226
2645.708,226
2645.761,225
2645.815,225
2645.869,225
2645.923,225
2645.976,225
2646.03,226
2646.084,226
2646.138,226
2646.191,225
2646.245,225
2646.299,226
2646.353,226
2646.406,226
2646.46,225
2646.514,226
2646.568,225
2646.621,225
2646.675,226
2646.729,226
2646.783,226
2646.837,226
2646.89,226
2646.944,225
2646.998,226
2647.052,226
2647.105,226
2647.159,225
2647.213,226
2647.267,226
2647.32,225
2647.374,226
2647.428,226
2647.482,225
2647.583,226
2647.637,226
2647.691,226
2647.745,226
2647.798,226
2647.852,226
2647.906,226
2647.96,226
2648.013,225
2648.067,225
2648.121,226
2648.175,225
2648.229,226
2648.282,226
2648.336,226
2648.39,226
2648.444,226
2648.497,226
2648.551,226
2648.605,227
2648.659,226
2648.712,226
2648.766,225
2648.82,226
2648.874,226
2648.927,225
2648.981,226
2649.035,226
2649.089,226
2649.142,226
2649.196,225
2649.25,225
2649.304,225
2649.358,225
2649.411,226
2649.465,226
2649.519,226
2649.573,226
2649.626,225
2649.68,225
2649.734,226
2649.788,226
2649.841,226
2649.895,225
2649.949,226
2650.003,225
2650.056,226
2650.11,225
2650.164,226
2650.218,225
2650.271,225
2650.325,225
2650.379,225
2650.433,225
2650.486,225
2650.54,225
2650.594,225
2650.648,226
2650.702,226
2650.755,226
2650.809,225
2650.863,225
2650.917,226
2650.97,225
2651.024,226
2651.078,226
2651.132,225
2651.185,226
2651.239,226
2651.293,226
2651.347,225
2651.4,225
2651.454,226
2651.508,226
2651.562,226
2651.615,226
2651.669,226
2651.723,225
2651.777,226
2651.83,226
2651.884,225
2651.938,225
2651.992,225
2652.045,225
2652.099,226
2652.153,225
2652.207,225
2652.261,226
2652.314,226
2652.368,225
2652.422,226
2652.476,226
2652.529,225
2652.583,226
2652.637,226
2652.691,225
2652.744,226
2652.798,226
2652.852,225
2652.906,226
2653.013,226
2653.067,226
2653.121,226
2653.174,226
2653.228,226
2653.282,226
2653.336,225
2653.389,225
2653.443,226
2653.497,225
2653.551,225
2653.605,225
2653.658,225
2653.712,225
2653.766,226
2653.82,225
2653.873,225
2653.927,226
2653.981,226
2654.035,225
2654.088,225
2654.142,225
2654.196,225
2654.25,226
2654.303,225
2654.357,225
2654.411,225
2654.465,226
2654.518,225
2654.572,225
2654.626,225
2654.68,225
2654.734,225
2654.787,226
2654.841,226
2654.895,226
2654.949,225
2655.002,226
2655.056,226
2655.11,225
2655.164,226
2655.217,225
2655.271,226
2655.325,226
2655.379,225
2655.432,225
2655.486,225
2655.54,225
2655.594,226
2655.647,226
2655.701,226
2655.755,225
2655.809,226
2655.862,225
2655.916,226
2655.97,225
2656.024,225
2656.077,225
2656.131,225
2656.185,225
2656.239,225
2656.293,225
2656.346,225
2656.4,225
2656.454,225
2656.508,225
2656.561,225
2656.615,225
2656.669,225
2656.723,226
2656.776,225
2656.83,225
2656.884,225
2656.938,225
2656.991,226
2657.045,225
2657.099,225
2657.153,226
2657.206,225
2657.26,225
2657.314,225
2657.368,225
2657.421,225
2657.475,225
2657.529,226
2657.583,226
2657.637,226
2657.69,225
2657.744,225
2657.798,225
2657.852,226
2657.905,226
2657.959,225
2658.013,225
2658.067,225
2658.12,226
2658.174,226
2658.228,226
2658.282,225
2658.335,226
2658.437,226
2658.491,226
2658.545,225
2658.598,225
2658.652,226
2658.706,225
2658.76,226
2658.813,225
2658.867,225
2658.921,225
2658.975,226
2659.029,225
2659.082,226
2659.136,226
2659.19,225
2659.244,225
2659.297,226
2659.351,225
2659.405,225
2659.459,225
2659.512,226
2659.566,225
2659.62,225
2659.674,225
2659.727,226
2659.781,226
2659.835,225
2659.889,225
2659.942,226
2659.996,226
2660.05,226
2660.104,226
2660.157,225
2660.211,225
2660.265,226
2660.319,225
2660.373,226
2660.426,225
2660.48,226
2660.534,225
2660.588,225
2660.641,226
2660.695,226
2660.749,226
2660.803,225
2660.856,225
2660.91,226
2660.964,226
2661.018,225
2661.071,225
2661.125,225
2661.179,226
2661.233,226
2661.286,225
2661.34,226
2661.394,226
2661.448,226
2661.502,226
2661.555,225
2661.609,225
2661.663,226
2661.717,226
2661.77,226
2661.824,226
2661.878,226
2661.932,226
2661.985,225
2662.039,226
2662.093,226
2662.147,225
2662.2,226
2662.254,226
2662.308,226
2662.362,225
2662.415,225
2662.469,225
2662.523,225
2662.577,225
2662.63,225
2662.684,225
2662.738,225
2662.792,226
2662.846,225
2662.899,226
2662.953,225
2663.007,226
2663.061,226
2663.114,226
2663.168,226
2663.222,226
2663.276,226
2663.329,226
2663.383,226
2663.437,225
2663.491,225
2663.544,226
2663.598,225
2663.652,226
2663.706,226
2663.759,226
2663.861,226
2663.915,226
2663.969,226
2664.022,226
2664.076,226
2664.13,226
2664.184,226
2664.238,226
2664.291,226
2664.345,226
2664.399,226
2664.453,225
2664.506,225
2664.56,225
2664.614,225
2664.668,226
2664.721,226
2664.775,225
2664.829,225
2664.883,225
2664.936,225
2664.99,225
2665.044,226
2665.098,225
2665.151,226
2665.205,225
2665.259,225
2665.313,225
2665.366,225
2665.42,225
2665.474,225
2665.528,225
2665.582,226
2665.635,226
2665.689,226
2665.743,225
2665.797,226
2665.85,225
2665.904,225
2665.958,225
2666.012,225
2666.065,225
2666.119,225
2666.173,225
2666.227,225
2666.28,225
2666.334,226
2666.388,225
2666.442,225
2666.495,226
2666.549,226
2666.603,226
2666.657,226
2666.71,225
2666.764,226
2666.818,226
2666.872,226
2666.926,226
2666.979,226
2667.033,226
2667.087,225
2667.141,225
2667.194,226
2667.248,226
2667.302,225
2667.356,226
2667.409,225
2667.463,226
2667.517,226
2667.571,225
2667.624,225
2667.678,225
2667.732,226
2667.786,226
2667.839,226
2667.893,226
2667.947,225
2668.001,226
2668.054,226
2668.108,226
2668.162,226
2668.216,226
2668.269,225
2668.323,226
2668.377,226
2668.431,226
2668.485,226
2668.538,226
2668.592,226
2668.646,226
2668.7,226
2668.753,225
2668.807,226
2668.861,226
2668.915,226
2668.968,226
2669.022,226
2669.076,225
2669.13,226
2669.183,225
2669.291,225
2669.345,225
2669.398,225
2669.452,226
2669.506,226
2669.56,226
2669.614,226
2669.667,226
2669.721,225
2669.775,225
2669.829,225
2669.882,225
2669.936,225
2669.99,225
2670.044,225
2670.097,225
2670.151,226
2670.205,226
2670.259,226
2670.312,226
2670.366,226
2670.42,226
2670.474,225
2670.527,226
2670.581,226
2670.635,226
2670.689,225
2670.742,225
2670.796,225
2670.85,225
2670.904,225
2670.957,225
2671.011,225
2671.065,225
2671.119,226
2671.173,225
2671.226,226
2671.28,226
2671.334,226
2671.388,226
2671.441,226
2671.495,225
2671.549,225
2671.603,226
2671.656,226
2671.71,225
2671.764,225
2671.818,225
2671.871,225
2671.925,226
2671.979,225
2672.033,226
2672.086,225
2672.14,226
2672.194,225
2672.248,226
2672.301,225
2672.355,225
2672.409,225
2672.463,225
2672.517,225
2672.57,225
2672.624,225
2672.678,225
2672.732,225
2672.785,225
2672.839,225
2672.893,226
2672.947,226
2673.0,226
2673.054,226
2673.108,226
2673.162,226
2673.215,225
2673.269,226
2673.323,226
2673.377,225
2673.43,226
2673.484,226
2673.538,226
2673.592,226
2673.646,226
2673.699,225
2673.753,226
2673.807,226
2673.861,226
2673.914,226
2673.968,226
2674.022,226
2674.076,226
2674.129,226
2674.183,226
2674.237,225
2674.291,226
2674.344,226
2674.398,225
2674.452,225
2674.506,225
2674.559,225
2674.613,226
2674.715,225
2674.769,225
2674.822,225
2674.876,225
2674.93,225
2674.984,226
2675.037,225
2675.091,226
2675.145,225
2675.199,225
2675.253,226
2675.306,225
2675.36,225
2675.414,225
2675.468,225
2675.521,225
2675.575,226
2675.629,225
2675.683,225
2675.736,225
2675.79,226
2675.844,225
2675.898,225
2675.951,226
2676.005,226
2676.059,225
2676.113,226
2676.166,225
2676.22,225
2676.274,225
2676.328,226
2676.382,226
2676.435,226
2676.489,225
2676.543,225
2676.597,225
2676.65,225
2676.704,226
2676.758,225
2676.812,225
2676.865,226
2676.919,225
2676.973,226
2677.027,226
2677.08,226
2677.134,225
2677.188,226
2677.242,226
2677.295,225
2677.349,225
2677.403,225
2677.457,226
2677.51,225
2677.564,226
2677.618,226
2677.672,225
2677.725,225
2677.779,226
2677.833,225
2677.887,226
2677.941,226
2677.994,226
2678.048,226
2678.102,225
2678.156,226
2678.209,226
2678.263,226
2678.317,226
2678.371,225
2678.424,225
2678.478,225
2678.532,225
2678.586,226
2678.639,225
2678.693,226
2678.747,226
2678.801,226
2678.854,225
2678.908,225
2678.962,226
2679.016,225
2679.069,226
2679.123,226
2679.177,225
2679.231,226
2679.285,226
2679.338,226
2679.392,226
2679.446,226
2679.5,226
2679.553,225
2679.607,226
2679.661,226
2679.715,226
2679.768,225
2679.822,225
2679.876,226
2679.93,226
2679.983,226
2680.037,225
2680.139,226
2680.193,226
2680.246,225
2680.3,226
2680.354,226
2680.408,226
2680.462,226
2680.515,226
2680.569,225
2680.623,226
2680.677,225
2680.73,226
2680.784,226
2680.838,225
2680.892,226
2680.945,225
2680.999,225
2681.053,226
2681.107,226
2681.16,226
2681.214,225
2681.268,225
2681.322,225
2681.375,226
2681.429,226
2681.483,226
2681.537,226
2681.59,226
2681.644,226
2681.698,225
2681.752,225
2681.805,225
2681.859,225
2681.913,226
2681.967,226
2682.021,225
2682.074,226
2682.128,225
2682.182,225
2682.236,226
2682.289,225
2682.343,225
2682.397,226
2682.451,226
2682.504,225
2682.558,225
2682.612,226
2682.666,226
2682.719,226
2682.773,226
2682.827,226
2682.881,225
2682.934,226
2682.988,226
2683.042,226
2683.096,226
2683.149,225
2683.203,225
2683.257,225
2683.311,225
2683.365,225
2683.418,225
2683.472,225
2683.526,225
2683.58,226
2683.633,226
2683.687,226
2683.741,226
2683.795,226
2683.848,226
2683.902,226
2683.956,225
2684.01,225
2684.063,226
2684.117,225
2684.171,225
2684.225,226
2684.278,226
2684.332,225
2684.386,225
2684.44,226
2684.493,225
2684.547,225
2684.601,225
2684.655,226
2684.709,225
2684.762,225
2684.816,226
2684.87,225
2684.924,226
2684.977,226
2685.031,225
2685.085,226
2685.139,225
2685.192,225
2685.246,226
2685.3,226
2685.354,226
2685.407,225
2685.461,226
2685.569,226
2685.622,226
2685.676,226
2685.73,225
2685.784,226
2685.838,226
2685.891,226
2685.945,225
2685.999,226
2686.053,226
2686.106,226
2686.16,226
2686.214,225
2686.268,226
2686.321,225
2686.375,225
2686.429,226
2686.483,226
2686.536,225
2686.59,225
2686.644,225
2686.698,226
2686.751,226
2686.805,226
2686.859,225
2686.913,225
2686.966,226
2687.02,226
2687.074,226
2687.128,225
2687.181,226
2687.235,226
2687.289,226
2687.343,226
2687.397,225
2687.45,225
2687.504,226
2687.558,225
2687.612,226
2687.665,225
2687.719,226
2687.773,226
2687.827,226
2687.88,226
2687.934,226
2687.988,226
2688.042,226
2688.095,226
2688.149,226
2688.203,225
2688.257,226
2688.31,225
2688.364,226
2688.418,226
2688.472,226
2688.526,226
2688.579,226
2688.633,225
2688.687,226
2688.741,226
2688.794,226
2688.848,225
2688.902,225
2688.956,225
2689.009,226
2689.063,226
2689.117,225
2689.171,226
2689.224,226
2689.278,226
2689.332,226
2689.386,226
2689.439,226
2689.493,225
2689.547,226
2689.601,226
2689.654,226
2689.708,226
2689.762,226
2689.816,226
2689.869,225
2689.923,226
2689.977,226
2690.031,226
2690.085,226
2690.138,226
2690.192,226
2690.246,226
2690.3,226
2690.353,226
2690.407,226
2690.461,226
2690.515,226
2690.568,226
2690.622,226
2690.676,226
2690.73,225
2690.783,226
2690.837,226
2690.891,226
2690.993,226
2691.046,226
2691.1,225
2691.154,226
2691.208,225
2691.262,226
2691.315,226
2691.369,225
2691.423,225
2691.477,225
2691.53,225
2691.584,225
2691.638,225
2691.692,226
2691.745,225
2691.799,225
2691.853,226
2691.907,226
2691.96,226
2692.014,226
2692.068,225
2692.122,225
2692.175,225
2692.229,225
2692.283,225
2692.337,225
2692.39,226
2692.444,226
2692.498,226
2692.552,225
2692.605,225
2692.659,225
2692.713,226
2692.767,226
2692.821,226
2692.874,225
2692.928,225
2692.982,226
2693.036,225
2693.089,226
2693.143,225
2693.197,225
2693.251,225
2693.304,225
2693.358,226
2693.412,226
2693.466,226
2693.519,225
2693.573,226
2693.627,225
2693.681,226
2693.734,226
2693.788,226
2693.842,226
2693.896,225
2693.949,225
2694.003,226
2694.057,225
2694.111,226
2694.165,225
2694.218,226
2694.272,225
2694.326,225
2694.38,226
2694.433,226
2694.487,226
2694.541,226
2694.595,225
2694.648,225
2694.702,225
2694.756,225
2694.81,226
2694.863,225
2694.917,225
2694.971,225
2695.025,225
2695.078,225
2695.132,226
2695.186,226
2695.24,225
2695.294,226
2695.347,226
2695.401,226
2695.455,226
2695.509,226
2695.562,226
2695.616,226
2695.67,226
2695.724,226
2695.777,226
2695.831,225
2695.885,225
2695.939,225
2695.992,225
2696.046,225
2696.1,225
2696.154,226
2696.207,226
2696.261,225
2696.315,226
2696.417,226
2696.47,226
2696.524,226
2696.578,226
2696.632,226
2696.686,226
2696.739,226
2696.793,226
2696.847,226
2696.901,225
2696.954,226
2697.008,226
2697.062,225
2697.116,225
2697.169,225
2697.223,226
2697.277,225
2697.331,225
2697.384,225
2697.438,226
2697.492,226
2697.546,225
2697.599,225
2697.653,225
2697.707,225
2697.761,226
2697.814,226
2697.868,225
2697.922,225
2697.976,226
2698.03,226
2698.083,226
2698.137,226
2698.191,226
2698.245,225
2698.298,226
2698.352,226
2698.406,226
2698.46,225
2698.513,225
2698.567,225
2698.621,225
2698.675,226
2698.728,225
2698.782,226
2698.836,226
2698.89,226
2698.943,226
2698.997,226
2699.051,225
2699.105,226
2699.158,226
2699.212,226
2699.266,226
2699.32,226
2699.374,226
2699.427,226
2699.481,225
2699.535,225
2699.589,226
2699.642,226
2699.696,226
2699.75,226
2699.804,226
2699.857,226
2699.911,226
2699.965,225
2700.019,225
2700.072,225
2700.126,226
2700.18,226
2700.234,226
2700.287,226
2700.341,226
2700.395,226
2700.449,226
2700.502,226
2700.556,226
2700.61,226
2700.664,226
2700.718,226
2700.771,225
2700.825,226
2700.879,226
2700.933,226
2700.986,225
2701.04,225
2701.094,225
2701.148,225
2701.201,225
2701.255,226
2701.309,226
2701.363,225
2701.416,225
2701.47,225
2701.524,225
2701.578,225
2701.631,225
2701.685,225
2701.739,225
2701.846,225
2701.9,225
2701.954,225
2702.008,225
2702.061,225
2702.115,226
2702.169,225
2702.223,226
2702.277,225
2702.33,225
2702.384,225
2702.438,226
2702.492,226
2702.545,225
2702.599,226
2702.653,226
2702.707,226
2702.76,226
2702.814,226
2702.868,226
2702.922,226
2702.975,225
2703.029,226
2703.083,226
2703.137,225
2703.19,226
2703.244,226
2703.298,225
2703.352,225
2703.405,225
2703.459,225
2703.513,225
2703.567,225
2703.621,226
2703.674,225
2703.728,225
2703.782,225
2703.836,225
2703.889,225
2703.943,226
2703.997,226
2704.051,226
2704.104,225
2704.158,225
2704.212,225
2704.266,226
2704.319,226
2704.373,225
2704.427,226
2704.481,226
2704.534,226
2704.588,226
2704.642,225
2704.696,225
2704.749,225
2704.803,226
2704.857,226
2704.911,226
2704.965,226
2705.018,226
2705.072,225
2705.126,225
2705.18,226
2705.233,226
2705.287,226
2705.341,226
2705.395,225
2705.448,225
2705.502,225
2705.556,226
2705.61,226
2705.663,225
2705.717,226
2705.771,226
2705.825,225
2705.878,226
2705.932,226
2705.986,226
2706.04,226
2706.093,225
2706.147,226
2706.201,225
2706.255,225
2706.309,225
2706.362,226
2706.416,226
2706.47,225
2706.524,225
2706.577,225
2706.631,225
2706.685,226
2706.739,226
2706.792,226
2706.846,226
2706.9,226
2706.954,225
2707.007,225
2707.061,226
2707.115,226
2707.169,226
2707.27,225
2707.324,226
2707.378,226
2707.432,225
2707.486,226
2707.539,225
2707.593,225
2707.647,225
2707.701,225
2707.754,226
2707.808,226
2707.862,226
2707.916,225
2707.969,226
2708.023,226
2708.077,226
2708.131,226
2708.184,225
2708.238,226
2708.292,226
2708.346,225
2708.399,226
2708.453,226
2708.507,226
2708.561,226
2708.614,225
2708.668,226
2708.722,226
2708.776,225
2708.83,226
2708.883,225
2708.937,225
2708.991,226
2709.045,226
2709.098,226
2709.152,225
2709.206,226
2709.26,226
2709.313,226
2709.367,226
2709.421,226
2709.475,225
2709.528,226
2709.582,225
2709.636,225
2709.69,226
2709.743,225
2709.797,225
2709.851,226
2709.905,226
2709.958,225
2710.012,225
2710.066,225
2710.12,226
2710.174,226
2710.227,225
2710.281,225
2710.335,226
2710.389,226
2710.442,225
2710.496,225
2710.55,225
2710.604,226
2710.657,226
2710.711,225
2710.765,225
2710.819,225
2710.872,225
2710.926,225
2710.98,225
2711.034,225
2711.087,226
2711.141,226
2711.195,225
2711.249,226
2711.302,226
2711.356,226
2711.41,226
2711.464,226
2711.518,226
2711.571,225
2711.625,226
2711.679,226
2711.733,225
2711.786,226
2711.84,226
2711.894,226
2711.948,226
2712.001,226
2712.055,226
2712.109,226
2712.163,226
2712.216,225
2712.27,225
2712.324,225
2712.378,226
2712.431,226
2712.485,226
2712.539,226
2712.593,226
2712.711,225
2712.765,225
2712.818,225
2712.872,225
2712.926,225
2712.98,225
2713.033,225
2713.087,225
2713.141,225
2713.195,225
2713.248,226
2713.302,225
2713.356,226
2713.41,225
2713.463,225
2713.517,226
2713.571,225
2713.625,225
2713.678,225
2713.732,226
2713.786,225
2713.84,225
2713.894,226
2713.947,225
2714.001,225
2714.055,225
2714.109,225
2714.162,225
2714.216,226
2714.27,226
2714.324,225
2714.377,225
2714.431,225
2714.485,226
2714.539,226
2714.592,226
2714.646,226
2714.7,226
2714.754,225
2714.807,226
2714.861,225
2714.915,226
2714.969,226
2715.022,225
2715.076,226
2715.13,225
2715.184,225
2715.237,225
2715.291,225
2715.345,225
2715.399,225
2715.453,226
2715.506,225
2715.56,225
2715.614,225
2715.668,225
2715.721,225
2715.775,225
2715.829,226
2715.883,226
2715.936,225
2715.99,225
2716.044,225
2716.098,225
2716.151,225
2716.205,225
2716.259,225
2716.313,225
2716.366,225
2716.42,225
2716.474,226
2716.528,226
2716.581,225
2716.635,225
2716.689,225
2716.743,226
2716.797,226
2716.85,225
2716.904,225
2716.958,225
2717.012,225
2717.065,225
2717.119,225
2717.173,226
2717.227,226
2717.28,225
2717.334,225
2717.388,226
2717.442,226
2717.495,225
2717.549,225
2717.603,225
2717.657,225
2717.71,225
2717.764,225
2717.818,225
2717.872,225
2717.925,226
2717.979,225
2718.033,225
2718.141,226
2718.194,225
2718.248,225
2718.302,225
2718.356,225
2718.409,225
2718.463,225
2718.517,225
2718.571,225
2718.624,225
2718.678,225
2718.732,225
2718.786,225
2718.839,225
2718.893,225
2718.947,225
2719.001,225
2719.054,225
2719.108,225
2719.162,225
2719.216,225
2719.269,225
2719.323,225
2719.377,225
2719.431,225
2719.485,225
2719.538,225
2719.592,225
2719.646,225
2719.7,225
2719.753,225
2719.807,225
2719.861,225
2719.915,225
2719.968,225
2720.022,225
2720.076,225
2720.13,225
2720.183,225
2720.237,225
2720.291,225
2720.345,225
2720.398,225
2720.452,225
2720.506,225
2720.56,225
2720.613,225
2720.667,225
2720.721,225
2720.775,225
2720.829,225
2720.882,225
2720.936,225
2720.99,225
2721.044,225
2721.097,225
2721.151,225
2721.205,225
2721.259,225
2721.312,225
2721.366,225
2721.42,225
2721.474,225
2721.527,225
2721.581,225
2721.635,225
2721.689,226
2721.742,225
2721.796,225
2721.85,225
2721.904,225
2721.957,225
2722.011,225
2722.065,225
2722.119,225
2722.173,225
2722.226,225
2722.28,225
2722.334,225
2722.388,225
2722.441,225
2722.495,225
2722.549,225
2722.603,225
2722.656,226
2722.71,225
2722.764,225
2722.818,225
2722.871,226
2722.925,225
2722.979,225
2723.033,225
2723.086,225
2723.14,226
2723.194,226
2723.248,225
2723.301,225
2723.355,225
2723.409,225
2723.463,225
2723.565,225
2723.618,225
2723.672,226
2723.726,225
2723.78,226
2723.833,225
2723.887,225
2723.941,226
2723.995,225
2724.048,225
2724.102,225
2724.156,226
2724.21,225
2724.263,225
2724.317,225
2724.371,225
2724.425,226
2724.478,225
2724.532,225
2724.586,226
2724.64,226
2724.694,225
2724.747,226
2724.801,226
2724.855,226
2724.909,225
2724.962,226
2725.016,226
2725.07,225
2725.124,225
2725.177,225
2725.231,225
2725.285,225
2725.339,226
2725.392,225
2725.446,225
2725.5,225
2725.554,226
2725.607,225
2725.661,225
2725.715,226
2725.769,226
2725.822,226
2725.876,226
2725.93,226
2725.984,225
2726.038,225
2726.091,226
2726.145,226
2726.199,226
2726.253,226
2726.306,226
2726.36,226
2726.414,226
2726.468,226
2726.521,226
2726.575,225
2726.629,226
2726.683,226
2726.736,226
2726.79,225
2726.844,225
2726.898,225
2726.951,226
2727.005,226
2727.059,225
2727.113,225
2727.166,226
2727.22,226
2727.274,226
2727.328,226
2727.382,226
2727.435,226
2727.489,225
2727.543,226
2727.597,225
2727.65,226
2727.704,226
2727.758,226
2727.812,226
2727.865,226
2727.919,226
2727.973,226
2728.027,226
2728.08,226
2728.134,226
2728.188,225
2728.242,225
2728.295,225
2728.349,225
2728.403,225
2728.457,226
2728.51,226
2728.564,225
2728.618,225
2728.672,225
2728.725,225
2728.779,225
2728.833,225
2728.887,225
2728.989,225
2729.042,225
2729.096,225
2729.15,225
2729.204,225
2729.257,225
2729.311,226
2729.365,225
2729.419,226
2729.472,226
2729.526,225
2729.58,225
2729.634,225
2729.687,225
2729.741,225
2729.795,225
2729.849,225
2729.902,226
2729.956,225
2730.01,225
2730.064,225
2730.117,225
2730.171,225
2730.225,225
2730.279,225
2730.333,225
2730.386,225
2730.44,225
2730.494,225
2730.548,225
2730.601,225
2730.655,226
2730.709,225
2730.763,226
2730.816,225
2730.87,225
2730.924,225
2730.978,225
2731.031,226
2731.085,225
2731.139,226
2731.193,225
2731.246,225
2731.3,225
2731.354,225
2731.408,225
2731.461,225
2731.515,225
2731.569,225
2731.623,225
2731.677,225
2731.73,225
2731.784,225
2731.838,225
2731.892,225
2731.945,225
2731.999,225
2732.053,225
2732.107,225
2732.16,225
2732.214,225
2732.268,225
2732.322,225
2732.375,225
2732.429,225
2732.483,225
2732.537,225
2732.59,225
2732.644,225
2732.698,225
2732.752,225
2732.805,225
2732.859,225
2732.913,225
2732.967,225
2733.021,225
2733.074,225
2733.128,225
2733.182,225
2733.236,225
2733.289,225
2733.343,225
2733.397,225
2733.451,225
2733.504,225
2733.558,225
2733.612,225
2733.666,225
2733.719,225
2733.773,225
2733.827,225
2733.881,225
2733.934,225
2733.988,226
2734.042,225
2734.096,225
2734.149,226
2734.203,225
2734.257,225
2734.311,226
2734.418,226
2734.472,226
2734.526,225
2734.58,226
2734.633,226
2734.687,226
2734.741,225
2734.795,225
2734.848,226
2734.902,226
2734.956,226
2735.01,226
2735.063,226
2735.117,225
2735.171,226
2735.225,226
2735.278,226
2735.332,225
2735.386,225
2735.44,225
2735.493,225
2735.547,225
2735.601,225
2735.655,225
2735.709,225
2735.762,226
2735.816,225
2735.87,225
2735.924,225
2735.977,225
2736.031,225
2736.085,226
2736.139,226
2736.192,225
2736.246,225
2736.3,225
2736.354,225
2736.407,226
2736.461,225
2736.515,225
2736.569,225
2736.622,225
2736.676,225
2736.73,226
2736.784,225
2736.837,225
2736.891,226
2736.945,226
2736.999,225
2737.053,226
2737.106,226
2737.16,226
2737.214,226
2737.268,225
2737.321,225
2737.375,225
2737.429,226
2737.483,225
2737.536,225
2737.59,225
2737.644,225
2737.698,226
2737.751,225
2737.805,226
2737.859,225
2737.913,225
2737.966,226
2738.02,226
2738.074,225
2738.128,225
2738.182,225
2738.235,226
2738.289,225
2738.343,225
2738.397,226
2738.45,226
2738.504,226
2738.558,226
2738.612,226
2738.665,226
2738.719,225
2738.773,225
2738.827,225
2738.88,225
2738.934,225
2738.988,225
2739.042,225
2739.095,225
2739.149,225
2739.203,225
2739.257,225
2739.31,225
2739.364,225
2739.418,226
2739.472,225
2739.525,225
2739.579,226
2739.633,225
2739.687,225
2739.741,225
2739.842,226
2739.896,225
2739.95,225
2740.004,225
2740.057,225
2740.111,225
2740.165,225
2740.219,225
2740.272,225
2740.326,225
2740.38,225
2740.434,226
2740.487,225
2740.541,225
2740.595,225
2740.649,225
2740.702,225
2740.756,225
2740.81,225
2740.864,226
2740.917,225
2740.971,225
2741.025,225
2741.079,225
2741.133,225
2741.186,225
2741.24,225
2741.294,225
2741.348,225
2741.401,225
2741.455,226
2741.509,225
2741.563,225
2741.616,225
2741.67,225
2741.724,225
2741.778,225
2741.831,225
2741.885,225
2741.939,225
2741.993,225
2742.046,225
2742.1,225
2742.154,225
2742.208,225
2742.261,225
2742.315,225
2742.369,225
2742.423,225
2742.477,226
2742.53,225
2742.584,225
2742.638,225
2742.692,225
2742.745,225
2742.799,225
2742.853,225
2742.907,225
2742.96,225
2743.014,225
2743.068,225
2743.122,226
2743.175,225
2743.229,225
2743.283,225
2743.337,226
2743.39,225
2743.444,225
2743.498,225
2743.552,226
2743.605,225
2743.659,226
2743.713,226
2743.767,225
2743.821,225
2743.874,225
2743.928,225
2743.982,225
2744.036,225
2744.089,225
2744.143,225
2744.197,225
2744.251,226
2744.304,225
2744.358,225
2744.412,225
2744.466,226
2744.519,225
2744.573,226
2744.627,226
2744.681,226
2744.734,226
2744.788,225
2744.842,225
2744.896,225
2744.95,226
2745.003,225
2745.057,225
2745.111,225
2745.165,225
2745.266,225
2745.32,225
2745.374,225
2745.428,225
2745.481,225
2745.535,225
2745.589,226
2745.643,225
2745.696,225
2745.75,225
2745.804,225
2745.858,225
2745.911,225
2745.965,226
2746.019,225
2746.073,225
2746.126,226
2746.18,226
2746.234,225
2746.288,225
2746.341,225
2746.395,225
2746.449,225
2746.503,225
2746.557,225
2746.61,225
2746.664,225
2746.718,225
2746.772,226
2746.825,225
2746.879,225
2746.933,225
2746.987,225
2747.04,225
2747.094,225
2747.148,225
2747.202,225
2747.255,225
2747.309,225
2747.363,225
2747.417,225
2747.47,225
2747.524,226
2747.578,225
2747.632,225
2747.685,225
2747.739,225
2747.793,225
2747.847,225
2747.901,225
2747.954,225
2748.008,225
2748.062,225
2748.116,225
2748.169,225
2748.223,225
2748.277,226
2748.331,225
2748.384,225
2748.438,225
2748.492,225
2748.546,225
2748.599,225
2748.653,225
2748.707,225
2748.761,225
2748.814,225
2748.868,225
2748.922,225
2748.976,225
2749.029,225
2749.083,225
2749.137,225
2749.191,225
2749.245,225
2749.298,225
2749.352,225
2749.406,225
2749.46,225
2749.513,225
2749.567,225
2749.621,225
2749.675,225
2749.728,225
2749.782,225
2749.836,225
2749.89,225
2749.943,225
2749.997,225
2750.051,225
2750.105,225
2750.158,225
2750.212,225
2750.266,225
2750.32,225
2750.373,225
2750.427,225
2750.481,225
2750.535,225
2750.589,225
2750.696,225
2750.75,225
2750.804,225
2750.857,225
2750.911,225
2750.965,225
2751.019,225
2751.072,225
2751.126,225
2751.18,225
2751.234,225
2751.287,225
2751.341,225
2751.395,225
2751.449,226
2751.502,225
2751.556,225
2751.61,225
2751.664,225
2751.717,226
2751.771,225
2751.825,225
2751.879,225
2751.933,225
2751.986,225
2752.04,225
2752.094,225
2752.148,225
2752.201,225
2752.255,225
2752.309,225
2752.363,225
2752.416,225
2752.47,225
2752.524,225
2752.578,225
2752.631,225
2752.685,225
2752.739,225
2752.793,225
2752.846,225
2752.9,225
2752.954,225
2753.008,225
2753.061,225
2753.115,225
2753.169,225
2753.223,225
2753.277,225
2753.33,225
2753.384,225
2753.438,225
2753.492,225
2753.545,225
2753.599,225
2753.653,225
2753.707,225
2753.76,225
2753.814,225
2753.868,225
2753.922,225
2753.975,226
2754.029,226
2754.083,225
2754.137,226
2754.19,226
2754.244,226
2754.298,226
2754.352,226
2754.405,225
2754.459,225
2754.513,225
2754.567,225
2754.621,225
2754.674,225
2754.728,225
2754.782,225
2754.836,226
2754.889,225
2754.943,225
2754.997,225
2755.051,225
2755.104,225
2755.158,226
2755.212,225
2755.266,225
2755.319,225
2755.373,225
2755.427,226
2755.481,226
2755.534,225
2755.588,225
2755.642,225
2755.696,225
2755.75,226
2755.803,225
2755.857,225
2755.911,225
2755.965,225
2756.018,225
2756.12,226
2756.174,225
2756.228,225
2756.281,225
2756.335,225
2756.389,225
2756.443,225
2756.496,225
2756.55,226
2756.604,225
2756.658,225
2756.711,225
2756.765,225
2756.819,225
2756.873,225
2756.926,225
2756.98,225
2757.034,225
2757.088,225
2757.141,225
2757.195,225
2757.249,226
2757.303,225
2757.357,225
2757.41,225
2757.464,225
2757.518,225
2757.572,225
2757.625,225
2757.679,225
2757.733,226
2757.787,225
2757.84,225
2757.894,225
2757.948,225
2758.002,225
2758.055,225
2758.109,225
2758.163,225
2758.217,225
2758.27,225
2758.324,225
2758.378,225
2758.432,225
2758.485,225
2758.539,225
2758.593,225
2758.647,225
2758.701,225
2758.754,225
2758.808,225
2758.862,225
2758.916,225
2758.969,225
2759.023,225
2759.077,225
2759.131,225
2759.184,225
2759.238,225
2759.292,225
2759.346,225
2759.399,225
2759.453,225
2759.507,225
2759.561,225
2759.614,225
2759.668,225
2759.722,225
2759.776,225
2759.829,225
2759.883,225
2759.937,225
2759.991,225
2760.045,225
2760.098,225
2760.152,225
2760.206,225
2760.26,225
2760.313,225
2760.367,225
2760.421,225
2760.475,225
2760.528,225
2760.582,225
2760.636,225
2760.69,225
2760.743,225
2760.797,225
2760.851,225
2760.905,225
2760.958,225
2761.012,225
2761.066,225
2761.12,225
2761.173,225
2761.227,225
2761.281,225
2761.335,225
2761.389,225
2761.442,225
2761.544,225
2761.598,225
2761.652,225
2761.705,225
2761.759,225
2761.813,225
2761.867,225
2761.92,225
2761.974,225
2762.028,225
2762.082,225
2762.135,225
2762.189,225
2762.243,225
2762.297,225
2762.35,225
2762.404,225
2762.458,225
2762.512,225
2762.565,225
2762.619,225
2762.673,225
2762.727,225
2762.781,225
2762.834,225
2762.888,225
2762.942,225
2762.996,225
2763.049,225
2763.103,225
2763.157,225
2763.211,225
2763.264,225
2763.318,225
2763.372,225
2763.426,225
2763.479,225
2763.533,225
2763.587,225
2763.641,225
2763.694,225
2763.748,225
2763.802,225
2763.856,225
2763.909,225
2763.963,225
2764.017,225
2764.071,225
2764.125,225
2764.178,225
2764.232,225
2764.286,225
2764.34,225
2764.393,225
2764.447,225
2764.501,225
2764.555,225
2764.608,225
2764.662,225
2764.716,225
2764.77,225
2764.823,225
2764.877,225
2764.931,225
2764.985,225
2765.038,225
2765.092,225
2765.146,225
2765.2,225
2765.253,225
2765.307,225
2765.361,225
2765.415,225
2765.465,164
2765.515,160
2765.564,159
2765.614,159
2765.66,78
2765.705,74
2765.75,74
2765.799,163
2765.844,72
2765.888,72
2765.932,73
2765.985,225
2766.036,172
2766.082,112
2766.133,181
2766.187,234
2766.232,90
2766.278,91
2766.332,230
2766.419,230
2766.507,230
2766.594,230
2766.648,233
2766.692,75
2766.747,230
2766.8,227
2766.854,227
2766.959,183
2767.003,74
2767.048,74
2767.092,77
2767.143,185
2767.188,81
2767.239,184
2767.29,184
2767.335,78
2767.38,79
2767.434,225
2767.487,225
2767.541,225
2767.59,137
2767.643,225
2767.697,226
2767.75,225
2767.804,225
2767.853,138
2767.901,135
2767.954,226
2768.002,132
2768.05,131
2768.098,133
2768.152,226
2768.206,226
2768.259,226
2768.313,225
2768.362,136
2768.41,135
2768.458,135
2768.506,136
2768.554,137
2768.602,138
2768.65,137
2768.698,140
2768.748,184
2768.802,226
2768.855,225
2768.909,225
2768.963,226
2769.017,226
2769.07,225
2769.124,226
2769.178,226
2769.232,225
2769.286,226
2769.339,225
2769.393,225
2769.447,225
2769.501,225
2769.545,73
2769.598,225
2769.652,225
2769.706,225
2769.76,227
2769.814,226
2769.867,226
2769.921,226
2769.975,226
2770.02,85
2770.068,134
2770.122,226
2770.175,226
2770.229,226
2770.283,227
2770.337,227
2770.391,228
2770.444,230
2770.498,228
2770.543,78
2770.588,74
2770.632,73
2770.676,74
2770.721,79
2770.769,135
2770.823,233
2770.871,135
2770.915,73
2770.959,73
2771.013,230
2771.066,228
2771.12,229
2771.174,229
2771.218,68
2771.262,64
2771.306,64
2771.36,227
2771.414,226
2771.468,227
2771.521,226
2771.575,228
2771.619,50
2771.662,48
2771.715,227
2771.769,231
2771.823,229
2771.91,229
2771.964,228
2772.007,43
2772.098,42
2772.186,42
2772.273,42
2772.327,232
2772.381,231
2772.426,85
2772.473,118
2772.527,232
2772.58,227
2772.634,230
2772.688,226
2772.735,108
2772.78,73
2772.824,80
2772.869,67
2772.914,83
2772.958,69
2773.002,64
2773.046,67
2773.087,17
2773.129,17
2773.173,77
2773.219,81
2773.263,67
2773.308,81
2773.353,81
2773.398,77
2773.443,67
2773.487,76
2773.533,78
2773.578,75
2773.622,70
2773.666,65
2773.71,62
2773.754,58
2773.798,56
2773.841,55
2773.884,53
2773.927,50
2773.971,53
2774.024,230
2774.068,50
2774.111,54
2774.154,49
2774.197,49
2774.24,49
2774.283,45
2774.326,43
2774.37,49
2774.413,49
2774.456,41
2774.499,56
2774.542,52
2774.585,56
2774.629,57
2774.671,40
2774.713,40
2774.767,233
2774.809,40
2774.851,42
2774.895,40
2774.937,40
2774.979,41
2775.021,41
2775.064,42
2775.151,42
2775.194,41
2775.237,40
2775.291,233
2775.334,57
2775.377,43
2775.431,237
2775.474,44
2775.517,41
2775.56,56
2775.602,41
2775.689,41
2775.732,41
2775.786,238
2775.829,42
2775.872,42
2775.96,42
2776.047,42
2776.09,47
2776.133,40
2776.175,41
2776.218,43
2776.261,44
2776.315,234
2776.357,38
2776.4,37
2776.442,40
2776.484,38
2776.538,238
2776.58,37
2776.622,32
2776.666,57
2776.707,28
2776.75,29
2776.792,24
2776.881,16
2776.923,16
2776.965,44
2777.007,8
2777.047,9
2777.088,10
2777.13,10
2777.171,8
2777.211,11
2777.265,227
2777.306,9
2777.347,5
2777.388,16
2777.429,9
2777.47,8
2777.511,7
2777.551,5
2777.591,5
2777.632,16
2777.675,43
2777.716,16
2777.759,44
2777.8,6
2777.841,5
2777.894,226
2777.935,16
2777.977,16
2778.019,37
2778.06,5
2778.1,16
2778.142,16
2778.183,16
2778.237,226
2778.277,5
2778.318,9
2778.361,42
2778.402,9
2778.447,56
2778.489,47
2778.53,6
2778.572,40
2778.613,18
2778.656,43
2778.698,16
2778.74,43
2778.782,9
2778.823,9
2778.865,16
2778.906,16
2778.959,225
2779.0,6
2779.041,16
2779.083,16
2779.123,7
2779.166,56
2779.207,10
2779.25,45
2779.291,9
2779.333,9
2779.387,225
2779.428,16
2779.469,16
2779.51,5
2779.551,16
2779.597,105
2779.638,9
2779.679,9
2779.722,42
2779.764,16
2779.805,16
2779.859,225
2779.913,225
2779.954,16
2780.008,225
2780.049,16
2780.091,17
2780.132,16
2780.173,17
2780.227,225
2780.28,225
2780.334,225
2780.388,227
2780.429,15
2780.471,16
2780.512,16
2780.599,16
2780.64,13
2780.682,17
2780.723,7
2780.763,6
2780.803,7
2780.844,6
2780.884,6
2780.924,7
2780.965,9
2781.006,11
2781.047,9
2781.089,22
2781.13,9
2781.171,9
2781.307,9
2781.349,36
2781.436,36
2781.524,36
2781.567,43
2781.608,5
2781.648,5
2781.688,6
2781.729,6
2781.769,8
2781.809,6
2781.85,5
2781.89,5
2781.93,5
2781.971,6
2782.011,9
2782.052,9
2782.094,9
2782.135,12
2782.176,10
2782.218,10
2782.259,9
2782.3,11
2782.342,16
2782.383,16
2782.424,17
2782.465,5
2782.505,5
2782.546,5
2782.586,5
2782.626,6
2782.667,6
2782.707,6
2782.747,6
2782.788,5
2782.828,6
2782.868,9
2782.91,16
2782.951,16
2782.992,5
2783.032,5
2783.073,5
2783.113,7
2783.153,7
2783.194,7
2783.234,5
2783.274,6
2783.315,5
2783.355,5
2783.395,9
2783.442,95
2783.483,9
2783.524,6
2783.564,8
2783.605,9
2783.646,5
2783.686,4
2783.726,4
2783.767,5
2783.807,5
2783.848,16
2783.889,6
2783.929,6
2783.969,6
2784.01,6
2784.051,16
2784.092,17
2784.133,17
2784.174,10
2784.215,10
2784.256,6
2784.297,5
2784.337,5
2784.377,4
2784.418,6
2784.458,5
2784.498,5
2784.539,5
2784.579,5
2784.619,5
2784.66,5
2784.7,3
2784.74,4
2784.78,3
2784.821,4
2784.861,4
2784.901,4
2784.942,4
2784.982,4
2785.022,3
2785.063,3
2785.103,3
2785.143,3
2785.184,4
2785.224,4
2785.264,4
2785.305,4
2785.345,5
2785.385,4
2785.426,4
2785.515,5
2785.555,4
2785.595,4
2785.636,6
2785.676,5
2785.717,5
2785.757,6
2785.797,6
2785.838,6
2785.878,6
2785.918,6
2785.958,6
2785.999,5
2786.039,5
2786.079,5
2786.12,5
2786.16,6
2786.2,6
2786.241,16
2786.283,16
2786.324,16
2786.365,22
2786.406,10
2786.447,6
2786.488,17
2786.529,6
2786.569,5
2786.611,38
2786.652,6
2786.692,7
2786.734,43
2786.776,16
2786.817,6
2786.857,9
2786.898,9
2786.94,9
2787.028,9
2787.115,9
2787.202,9
2787.244,16
2787.331,16
2787.372,16
2787.413,5
2787.453,10
2787.541,10
2787.582,16
2787.624,16
2787.665,16
2787.706,5
2787.746,5
2787.786,4
2787.827,5
2787.867,5
2787.908,17
2787.949,6
2787.989,5
2788.029,5
2788.069,5
2788.11,7
2788.15,7
2788.19,6
2788.231,6
2788.271,10
2788.313,9
2788.354,6
2788.394,5
2788.481,5
2788.568,5
2788.61,16
2788.651,16
2788.692,16
2788.733,17
2788.775,16
2788.816,11
2788.857,9
2788.911,230
2788.965,232
2789.006,6
2789.046,9
2789.087,9
2789.141,230
2789.182,9
2789.224,9
2789.265,9
2789.306,8
2789.347,16
2789.434,16
2789.522,16
2789.563,16
2789.604,16
2789.645,16
2789.733,16
2789.774,18
2789.815,18
2789.857,16
2789.898,16
2789.939,17
2789.981,18
2790.068,18
2790.155,18
2790.244,16
2790.286,16
2790.327,16
2790.368,16
2790.41,16
2790.497,16
2790.538,16
2790.579,16
2790.62,8
2790.661,6
2790.701,6
2790.754,231
2790.795,6
2790.836,16
2790.877,14
2790.918,12
2790.959,9
2791.001,10
2791.042,9
2791.083,6
2791.123,7
2791.164,9
2791.205,7
2791.245,7
2791.286,9
2791.373,9
2791.415,19
2791.456,9
2791.497,10
2791.539,17
2791.579,10
2791.62,5
2791.661,6
2791.701,7
2791.788,7
2791.829,9
2791.871,18
2791.912,20
2791.954,22
2791.994,9
2792.037,43
2792.079,16
2792.12,12
2792.161,6
2792.248,6
2792.29,21
2792.331,22
2792.372,16
2792.413,14
2792.454,10
2792.496,16
2792.537,14
2792.578,16
2792.619,5
2792.659,5
2792.7,16
2792.788,16
2792.828,8
2792.869,7
2792.909,9
2792.95,7
2792.991,9
2793.032,8
2793.073,16
2793.16,16
2793.201,6
2793.241,8
2793.282,11
2793.323,16
2793.364,8
2793.404,6
2793.445,8
2793.485,9
2793.526,9
2793.568,12
2793.653,12
2793.693,9
2793.735,9
2793.822,9
2793.864,18
2793.951,18
2793.992,10
2794.033,8
2794.073,8
2794.114,10
2794.155,9
2794.196,5
2794.263,467
2794.305,22
2794.345,3
2794.396,182
2794.436,2
2794.476,2
2794.517,2
2794.557,2
2794.597,2
2794.638,2
2794.678,2
2794.718,2
2794.759,2
2794.847,2
2794.887,2
2794.928,2
2794.968,2
2795.008,2
2795.048,2
2795.089,2
2795.129,2
2795.169,2
2795.21,2
2795.25,2
2795.303,227
2795.357,227
2795.398,5
2795.438,5
2795.479,5
2795.519,5
2795.559,6
2795.6,9
2795.641,9
2795.682,9
2795.724,5
2795.764,3
2795.817,227
2795.871,226
2795.925,226
2795.966,6
2796.006,9
2796.048,16
2796.089,11
2796.142,226
2796.196,226
2796.237,9
2796.291,226
2796.345,227
2796.399,226
2796.44,16
2796.494,227
2796.548,227
2796.589,16
2796.63,16
2796.684,227
2796.727,50
2796.769,16
2796.822,227
2796.876,226
2796.93,226
2796.983,227
2797.037,227
2797.091,227
2797.145,226
2797.198,226
2797.252,226
2797.306,228
2797.394,228
2797.435,16
2797.522,16
2797.61,16
2797.651,16
2797.692,16
2797.734,17
2797.775,20
2797.816,21
2797.903,21
2797.945,25
2798.032,25
2798.074,29
2798.116,26
2798.159,29
2798.201,29
2798.243,31
2798.331,31
2798.375,69
2798.417,35
2798.504,35
2798.592,35
2798.634,38
2798.688,234
2798.73,39
2798.773,39
2798.86,39
2798.947,39
2799.034,39
2799.088,228
2799.132,71
2799.177,71
2799.221,71
2799.274,228
2799.319,71
2799.372,227
2799.417,70
2799.461,78
2799.506,77
2799.56,228
2799.614,229
2799.659,75
2799.704,74
2799.749,74
2799.802,228
2799.89,228
2799.987,49
2800.03,50
2800.073,56
2800.116,54
2800.16,55
2800.203,53
2800.246,54
2800.333,54
2800.377,54
2800.419,45
2800.463,56
2800.505,41
2800.548,41
2800.591,38
2800.633,36
2800.675,34
2800.717,29
2800.759,30
2800.802,48
2800.846,49
2800.9,231
2800.953,226
2801.007,227
2801.048,6
2801.088,5
2801.128,5
2801.182,235
2801.225,43
2801.279,227
2801.322,44
2801.375,226
2801.429,227
2801.483,227
2801.537,226
2801.591,227
2801.644,227
2801.698,227
2801.752,228
2801.806,227
2801.849,56
2801.903,227
2801.956,226
2802.01,226
2802.064,226
2802.118,226
2802.161,44
2802.215,227
2802.258,44
2802.311,226
2802.365,225
2802.409,47
2802.452,44
2802.495,43
2802.538,43
2802.581,43
2802.635,225
2802.676,16
2802.73,225
2802.773,45
2802.827,225
2802.881,225
2802.934,225
2802.988,224
2803.042,225
2803.096,225
2803.149,225
2803.203,225
2803.257,224
2803.298,9
2803.352,224
2803.396,49
2803.436,9
2803.478,9
2803.532,225
2803.573,16
2803.614,16
2803.656,16
2803.709,225
2803.763,224
2803.804,9
2803.846,16
2803.887,16
2803.928,16
2803.982,225
2804.023,16
2804.077,225
2804.131,225
2804.184,225
2804.226,16
2804.267,16
2804.308,16
2804.362,226
2804.416,226
2804.47,226
2804.523,227
2804.577,227
2804.631,228
2804.718,228
2804.806,228
2804.847,16
2804.949,227
2804.99,16
2805.031,16
2805.073,16
2805.126,228
2805.18,228
2805.234,227
2805.275,16
2805.329,227
2805.383,227
2805.426,49
2805.469,44
2805.512,42
2805.555,45
2805.598,43
2805.642,43
2805.683,16
2805.724,9
2805.778,226
2805.819,16
2805.861,16
2805.902,9
2805.943,16
2805.986,44
2806.04,225
2806.081,9
2806.122,9
2806.164,9
2806.218,225
2806.271,225
2806.313,16
2806.354,16
2806.408,225
2806.461,225
2806.515,225
2806.569,225
2806.623,225
2806.676,225
2806.73,225
2806.784,225
2806.838,225
2806.892,225
2806.945,225
2806.999,225
2807.053,225
2807.107,225
2807.16,225
2807.214,225
2807.268,225
2807.322,225
2807.363,16
2807.417,225
2807.46,50
2807.514,225
2807.555,16
2807.598,46
2807.641,47
2807.695,225
2807.749,224
2807.803,225
2807.844,16
2807.898,225
2807.941,46
2807.995,225
2808.036,9
2808.09,225
2808.143,225
2808.197,225
2808.239,16
2808.28,16
2808.321,16
2808.375,226
2808.416,16
2808.47,226
2808.524,225
2808.567,46
2808.621,226
2808.674,225
2808.718,49
2808.761,57
2808.814,225
2808.868,226
2808.922,225
2808.965,46
2809.009,56
2809.052,45
2809.105,225
2809.148,44
2809.192,44
2809.235,46
2809.289,225
2809.332,45
2809.386,225
2809.439,225
2809.483,45
2809.536,225
2809.59,225
2809.644,225
2809.698,225
2809.751,225
2809.841,16
2809.894,225
2809.948,225
2810.002,225
2810.056,225
2810.109,225
2810.153,46
2810.206,225
2810.26,225
2810.304,50
2810.347,49
2810.39,49
2810.444,225
2810.489,87
2810.542,225
2810.596,225
2810.65,226
2810.693,49
2810.737,50
2810.78,49
2810.823,46
2810.866,49
2810.92,225
2810.963,50
2811.006,46
2811.049,47
2811.093,56
2811.146,225
2811.2,225
2811.243,48
2811.287,49
2811.332,89
2811.375,49
2811.418,46
2811.461,47
2811.504,45
2811.55,87
2811.593,47
2811.636,47
2811.681,84
2811.726,82
2811.772,84
2811.825,225
2811.879,225
2811.933,225
2811.986,225
2812.04,225
2812.094,225
2812.137,50
2812.18,46
2812.234,225
2812.288,225
2812.333,75
2812.38,110
2812.427,112
2812.47,50
2812.517,111
2812.561,49
2812.605,75
2812.653,111
2812.7,112
2812.747,113
2812.794,113
2812.839,75
2812.892,224
2812.94,115
2812.983,56
2813.036,225
2813.09,225
2813.135,76
2813.18,76
2813.226,75
2813.271,75
2813.316,77
2813.359,50
2813.403,50
2813.446,50
2813.489,49
2813.542,225
2813.596,225
2813.643,114
2813.697,225
2813.744,115
2813.787,46
2813.831,50
2813.878,117
2813.931,225
2813.979,119
2814.026,119
2814.069,46
2814.112,46
2814.155,47
2814.203,124
2814.256,225
2814.309,225
2814.363,225
2814.417,225
2814.471,225
2814.524,225
2814.578,225
2814.67,56
2814.713,49
2814.758,77
2814.803,77
2814.846,49
2814.89,49
2814.933,49
2814.978,78
2815.021,47
2815.075,225
2815.121,92
2815.167,94
2815.211,56
2815.257,106
2815.31,225
2815.364,225
2815.417,225
2815.471,225
2815.525,225
2815.579,225
2815.632,226
2815.686,225
2815.729,46
2815.783,225
2815.837,225
2815.891,225
2815.944,225
2815.988,46
2816.041,226
2816.083,16
2816.126,51
2816.18,225
2816.233,225
2816.287,225
2816.341,225
2816.393,196
2816.446,226
2816.5,227
2816.588,227
2816.641,226
2816.695,231
2816.739,49
2816.78,16
2816.824,60
2816.911,60
2816.953,16
2816.995,36
2817.04,73
2817.093,235
2817.138,87
2817.183,83
2817.227,57
2817.313,57
2817.4,57
2817.487,57
2817.575,57
2817.624,157
2817.674,158
2817.724,160
2817.769,70
2817.856,70
2817.943,70
2818.031,70
2818.076,87
2818.122,94
2818.166,69
2818.21,69
2818.255,68
2818.299,70
2818.343,73
2818.385,29
2818.437,193
2818.488,191
2818.576,191
2818.617,16
2818.705,16
2818.746,16
2818.787,17
2818.828,16
2818.87,16
2818.911,16
2818.952,16
2818.994,17
2819.035,15
2819.076,16
2819.117,15
2819.205,15
2819.292,15
2819.38,15
2819.421,14
2819.462,16
2819.503,17
2819.545,18
2819.586,16
2819.627,16
2819.669,17
2819.756,17
2819.797,16
2819.884,16
2819.926,16
2820.021,16
2820.108,16
2820.196,16
2820.283,16
2820.37,16
2820.458,16
2820.499,16
2820.54,16
2820.581,16
2820.669,16
2820.756,16
2820.797,16
2820.885,16
2820.972,16
2821.06,16
2821.147,16
2821.188,16
2821.276,16
2821.363,16
2821.45,16
2821.492,16
2821.533,16
2821.574,12
2821.615,16
2821.703,16
2821.79,16
2821.877,16
2821.965,16
2822.052,16
2822.093,16
2822.181,16
2822.222,17
2822.309,17
2822.351,19
2822.392,19
2822.433,19
2822.475,21
2822.516,18
2822.557,19
2822.599,19
2822.64,19
2822.727,19
2822.77,38
2822.811,18
2822.852,19
2822.893,17
2822.935,20
2822.976,24
2823.017,23
2823.059,25
2823.101,25
2823.143,25
2823.185,25
2823.227,28
2823.269,28
2823.311,28
2823.354,29
2823.396,30
2823.438,31
2823.481,33
2823.523,40
2823.565,36
2823.607,30
2823.649,27
2823.692,29
2823.734,28
2823.776,24
2823.817,22
2823.858,24
2823.899,21
2823.943,52
2823.984,18
2824.071,18
2824.114,52
2824.158,56
2824.201,50
2824.244,49
2824.287,50
2824.33,49
2824.373,49
2824.416,43
2824.504,43
2824.547,49
2824.59,44
2824.633,43
2824.675,19
2824.718,52
2824.761,52
2824.805,56
2824.892,56
2824.979,56
2825.023,58
2825.111,58
2825.198,58
2825.285,58
2825.327,17
2825.368,16
2825.412,64
2825.453,16
2825.495,16
2825.584,17
2825.671,17
2825.759,17
2825.8,16
2825.887,16
2825.929,16
2825.97,16
2826.011,11
2826.052,16
2826.14,16
2826.181,19
2826.222,16
2826.264,16
2826.305,16
2826.392,16
2826.48,16
2826.567,16
2826.654,16
2826.696,16
2826.783,16
2826.824,16
2826.912,16
2826.953,16
2827.04,16
2827.128,16
2827.169,16
2827.256,16
2827.344,16
2827.385,16
2827.426,16
2827.47,61
2827.512,16
2827.553,16
2827.594,16
2827.682,16
2827.769,16
2827.856,16
2827.944,16
2827.985,16
2828.072,16
2828.114,16
2828.155,17
2828.196,16
2828.284,16
2828.325,16
2828.366,16
2828.407,12
2828.495,12
2828.536,16
2828.623,16
2828.711,16
2828.798,16
2828.839,16
2828.881,18
2828.922,16
2828.963,16
2829.004,16
2829.046,16
2829.09,61
2829.131,16
2829.219,16
2829.26,16
2829.301,9
2829.388,9
2829.429,7
2829.516,7
2829.604,7
2829.644,9
2829.686,6
2829.772,6
2829.813,7
2829.854,8
2829.894,17
2829.935,9
2830.023,9
2830.11,9
2830.151,6
2830.191,6
2830.232,9
2830.32,9
2830.361,9
2830.402,7
2830.489,7
2830.53,9
2830.617,9
2830.659,16
2830.699,9
2830.741,16
2830.782,11
2830.824,16
2830.911,16
2830.998,16
2831.04,16
2831.127,16
2831.214,16
2831.256,16
2831.297,15
2831.338,16
2831.379,16
2831.467,16
2831.602,16
2831.644,22
2831.731,22
2831.818,22
2831.862,59
2831.904,29
2831.992,29
2832.036,54
2832.078,50
2832.166,50
2832.209,49
2832.253,55
2832.296,56
2832.337,22
2832.38,50
2832.424,58
2832.468,57
2832.51,50
2832.554,57
2832.641,57
2832.684,49
2832.772,49
2832.815,56
2832.902,56
2832.989,56
2833.033,58
2833.121,58
2833.208,58
2833.296,58
2833.339,56
2833.381,35
2833.424,37
2833.467,49
2833.51,60
2833.554,56
2833.597,39
2833.64,57
2833.681,16
2833.724,44
2833.767,44
2833.808,16
2833.852,50
2833.894,39
2833.937,56
2833.978,16
2834.02,16
2834.062,43
2834.104,16
2834.146,24
2834.187,16
2834.228,17
2834.269,16
2834.31,13
2834.351,13
2834.393,12
2834.434,13
2834.475,13
2834.517,13
2834.558,13
2834.599,12
2834.64,12
2834.682,12
2834.723,12
2834.764,12
2834.806,12
2834.847,12
2834.888,13
2834.929,13
2834.971,12
2835.012,13
2835.053,12
2835.095,13
2835.136,12
2835.177,12
2835.218,13
2835.26,12
2835.301,12
2835.342,12
2835.383,12
2835.425,13
2835.466,12
2835.507,12
2835.549,12
2835.59,12
2835.631,12
2835.672,12
2835.714,12
2835.755,12
2835.796,13
2835.838,12
2835.879,12
2835.92,12
2835.961,12
2836.003,12
2836.044,12
2836.085,12
2836.127,12
2836.168,12
2836.209,12
2836.25,12
2836.34,12
2836.381,12
2836.422,12
2836.463,12
2836.505,12
2836.546,12
2836.587,13
2836.629,12
2836.67,12
2836.711,12
2836.752,12
2836.794,12
2836.835,12
2836.876,12
2836.918,12
2836.959,12
2837.0,13
2837.041,12
2837.083,12
2837.124,12
2837.165,13
2837.207,13
2837.248,12
2837.289,13
2837.33,14
2837.372,12
2837.413,13
2837.454,12
2837.495,13
2837.537,12
2837.578,12
2837.619,12
2837.661,12
2837.702,13
2837.743,12
2837.784,12
2837.826,12
2837.867,12
2837.908,12
2837.95,13
2837.991,13
2838.032,13
2838.073,12
2838.115,14
2838.156,12
2838.197,13
2838.239,14
2838.28,14
2838.321,14
2838.362,14
2838.404,14
2838.445,14
2838.486,14
2838.528,14
2838.569,14
2838.61,14
2838.651,14
2838.693,14
2838.734,14
2838.775,14
2838.817,14
2838.858,12
2838.899,12
2838.94,12
2838.982,13
2839.023,14
2839.064,12
2839.105,14
2839.147,14
2839.188,14
2839.229,14
2839.271,14
2839.312,14
2839.353,12
2839.394,13
2839.436,12
2839.477,12
2839.518,12
2839.559,12
2839.601,12
2839.642,12
2839.683,13
2839.725,12
2839.766,12
2839.807,12
2839.848,12
2839.89,12
2839.931,12
2839.972,13
2840.014,12
2840.055,12
2840.096,12
2840.137,12
2840.179,12
2840.22,12
2840.261,12
2840.303,12
2840.344,12
2840.385,12
2840.426,12
2840.516,12
2840.557,12
2840.598,13
2840.639,12
2840.681,12
2840.722,13
2840.763,12
2840.805,12
2840.846,12
2840.887,12
2840.928,12
2840.97,13
2841.011,12
2841.052,12
2841.094,13
2841.135,12
2841.176,12
2841.217,12
2841.259,12
2841.3,13
2841.341,12
2841.383,12
2841.424,12
2841.465,13
2841.506,12
2841.548,13
2841.589,13
2841.63,13
2841.671,12
2841.713,13
2841.754,12
2841.795,12
2841.837,12
2841.878,12
2841.919,12
2841.96,13
2842.002,12
2842.043,12
2842.084,12
2842.126,12
2842.167,12
2842.208,13
2842.249,12
2842.291,13
2842.332,13
2842.373,12
2842.415,12
2842.456,12
2842.497,12
2842.538,12
2842.58,12
2842.621,12
2842.662,13
2842.703,12
2842.745,12
2842.786,12
2842.827,12
2842.869,12
2842.91,12
2842.951,12
2842.992,13
2843.034,12
2843.075,12
2843.116,13
2843.158,13
2843.199,13
2843.24,12
2843.281,13
2843.323,13
2843.364,12
2843.405,12
2843.447,13
2843.488,13
2843.529,13
2843.57,13
2843.612,15
2843.653,13
2843.694,16
2843.735,13
2843.777,13
2843.818,13
2843.859,14
2843.901,14
2843.942,12
2843.983,12
2844.024,12
2844.066,12
2844.107,12
2844.148,12
2844.19,12
2844.231,12
2844.272,12
2844.313,12
2844.355,12
2844.396,12
2844.437,12
2844.478,12
2844.52,12
2844.561,12
2844.602,12
2844.692,12
2844.733,12
2844.774,12
2844.815,12
2844.857,12
2844.898,12
2844.939,12
2844.981,12
2845.022,12
2845.063,12
2845.104,12
2845.146,12
2845.187,12
2845.228,12
2845.27,12
2845.311,12
2845.352,12
2845.393,12
2845.435,12
2845.476,12
2845.517,12
2845.558,12
2845.6,12
2845.641,12
2845.682,12
2845.724,12
2845.765,12
2845.806,12
2845.847,12
2845.889,12
2845.93,12
2845.971,12
2846.013,12
2846.054,12
2846.095,12
2846.136,12
2846.178,12
2846.219,14
2846.26,10
2846.301,9
2846.343,17
2846.384,6
2846.424,5
2846.464,5
2846.505,12
2846.546,4
2846.586,4
2846.626,2
2846.667,3
2846.707,2
2846.747,3
2846.788,2
2846.828,2
2846.868,1
2846.909,1
2846.949,3
2846.989,1
2847.03,2
2847.07,2
2847.11,3
2847.151,5
2847.191,3
2847.231,2
2847.271,2
2847.312,4
2847.352,3
2847.392,2
2847.433,3
2847.473,3
2847.513,3
2847.554,3
2847.594,3
2847.635,4
2847.675,4
2847.715,6
2847.756,5
2847.796,5
2847.836,4
2847.876,4
2847.917,2
2847.957,2
2847.997,3
2848.038,3
2848.078,2
2848.118,2
2848.159,7
2848.199,3
2848.239,2
2848.28,3
2848.32,3
2848.36,2
2848.4,3
2848.441,2
2848.481,3
2848.521,2
2848.562,4
2848.602,4
2848.642,3
2848.683,3
2848.723,3
2848.812,4
2848.853,7
2848.936,7
2849.022,7
2849.11,7
2849.197,7
2849.284,7
2849.372,7
2849.413,17
2849.5,17
2849.541,3
2849.581,1
2849.622,2
2849.662,2
2849.702,2
2849.743,1
2849.783,1
2849.823,2
2849.863,1
2849.904,2
2849.944,2
2849.984,2
2850.025,2
2850.065,2
2850.105,2
2850.146,2
2850.186,4
2850.226,3
2850.267,4
2850.307,3
2850.347,3
2850.388,7
2850.428,3
2850.468,3
2850.509,3
2850.549,9
2850.59,2
2850.631,2
2850.671,2
2850.711,2
2850.751,2
2850.792,2
2850.832,2
2850.872,2
2850.913,2
2850.953,2
2850.993,3
2851.034,2
2851.074,3
2851.114,2
2851.155,2
2851.195,2
2851.235,2
2851.276,2
2851.316,2
2851.356,3
2851.397,2
2851.437,2
2851.477,2
2851.518,2
2851.558,3
2851.598,3
2851.639,2
2851.679,3
2851.719,2
2851.76,2
2851.8,2
2851.84,3
2851.88,2
2851.921,3
2851.961,2
2852.002,3
2852.042,4
2852.082,6
2852.123,7
2852.163,6
2852.203,9
2852.245,6
2852.285,16
2852.326,7
2852.366,4
2852.407,8
2852.447,8
2852.488,13
2852.529,13
2852.57,5
2852.61,5
2852.651,7
2852.691,5
2852.731,10
2852.773,13
2852.814,2
2852.854,8
2852.894,2
2852.935,4
2852.975,2
2853.015,3
2853.056,2
2853.096,4
2853.136,3
2853.226,4
2853.266,5
2853.306,6
2853.349,47
2853.392,45
2853.435,36
2853.477,32
2853.518,16
2853.561,45
2853.603,17
2853.644,12
2853.687,56
2853.728,9
2853.769,9
2853.81,9
2853.852,10
2853.894,30
2853.935,9
2853.977,17
2854.018,6
2854.058,8
2854.099,10
2854.14,5
2854.18,5
2854.22,7
2854.261,8
2854.301,7
2854.341,9
2854.383,7
2854.423,7
2854.464,16
2854.505,16
2854.546,16
2854.588,16
2854.628,9
2854.67,10
2854.711,9
2854.752,9
2854.794,16
2854.835,9
2854.876,9
2854.917,5
2854.957,5
2854.998,5
2855.039,20
2855.08,16
2855.121,7
2855.161,6
2855.201,6
2855.242,7
2855.282,7
2855.322,6
2855.363,6
2855.403,4
2855.443,5
2855.484,8
2855.524,5
2855.564,4
2855.604,4
2855.645,4
2855.685,4
2855.725,5
2855.766,5
2855.806,5
2855.846,5
2855.887,5
2855.927,5
2855.967,6
2856.01,41
2856.05,13
2856.092,13
2856.133,5
2856.173,5
2856.213,6
2856.254,16
2856.295,8
2856.338,60
2856.382,61
2856.424,16
2856.465,10
2856.507,20
2856.548,17
2856.589,17
2856.63,5
2856.67,6
2856.71,6
2856.751,5
2856.791,5
2856.831,5
2856.872,6
2856.912,6
2856.952,5
2856.993,8
2857.033,7
2857.073,6
2857.114,6
2857.154,9
2857.195,9
2857.237,9
2857.278,7
2857.428,9
2857.469,9
2857.51,9
2857.552,9
2857.593,9
2857.634,9
2857.675,9
2857.717,16
2857.758,16
2857.8,16
2857.841,16
2857.882,19
2857.923,16
2857.965,15
2858.006,18
2858.047,18
2858.089,16
2858.13,16
2858.171,9
2858.215,57
2858.256,16
2858.297,16
2858.338,11
2858.379,9
2858.421,16
2858.462,16
2858.503,16
2858.545,16
2858.586,15
2858.627,15
2858.668,16
2858.71,16
2858.751,16
2858.792,16
2858.834,16
2858.875,16
2858.916,15
2858.957,16
2858.999,16
2859.04,16
2859.081,16
2859.123,16
2859.164,16
2859.205,16
2859.246,16
2859.288,16
2859.329,16
2859.37,16
2859.411,16
2859.453,15
2859.494,16
2859.535,16
2859.577,16
2859.618,16
2859.659,16
2859.7,16
2859.742,15
2859.783,16
2859.824,16
2859.866,16
2859.907,16
2859.948,16
2859.989,16
2860.031,16
2860.072,16
2860.113,16
2860.155,16
2860.196,16
2860.237,16
2860.278,15
2860.32,16
2860.361,16
2860.402,16
2860.443,16
2860.485,15
2860.526,16
2860.567,16
2860.609,16
2860.65,16
2860.691,16
2860.732,16
2860.774,16
2860.815,16
2860.856,16
2860.898,15
2860.939,16
2860.98,15
2861.021,16
2861.063,16
2861.104,15
2861.145,16
2861.187,15
2861.228,16
2861.269,16
2861.31,16
2861.352,16
2861.393,16
2861.434,16
2861.475,15
2861.517,16
2861.606,16
2861.647,16
2861.689,16
2861.73,16
2861.771,16
2861.812,16
2861.854,16
2861.895,16
2861.936,16
2861.978,16
2862.019,16
2862.06,15
2862.101,16
2862.143,16
2862.184,16
2862.225,16
2862.267,16
2862.308,16
2862.349,16
2862.39,16
2862.432,16
2862.473,16
2862.514,16
2862.555,16
2862.597,16
2862.638,16
2862.679,16
2862.721,16
2862.762,15
2862.803,16
2862.844,15
2862.886,15
2862.927,16
2862.968,16
2863.01,16
2863.051,16
2863.092,16
2863.133,16
2863.175,16
2863.216,15
2863.257,16
2863.299,15
2863.34,16
2863.381,15
2863.422,16
2863.464,16
2863.505,16
2863.546,16
2863.587,16
2863.629,16
2863.67,16
2863.711,16
2863.753,16
2863.794,16
2863.835,16
2863.876,16
2863.918,16
2863.959,16
2864.0,16
2864.042,15
2864.083,16
2864.124,16
2864.165,16
2864.207,16
2864.248,16
2864.289,16
2864.331,16
2864.372,16
2864.413,16
2864.454,16
2864.496,16
2864.537,16
2864.578,16
2864.619,16
2864.661,16
2864.702,16
2864.743,16
2864.785,15
2864.826,15
2864.867,16
2864.908,16
2864.95,16
2864.991,16
2865.032,16
2865.074,16
2865.115,16
2865.156,16
2865.197,16
2865.239,16
2865.28,16
2865.321,15
2865.363,15
2865.404,16
2865.445,16
2865.486,16
2865.528,16
2865.569,16
2865.61,16
2865.651,16
2865.693,16
2865.788,16
2865.829,16
2865.87,16
2865.912,15
2865.953,16
2865.994,16
2866.035,16
2866.077,16
2866.118,16
2866.159,16
2866.201,16
2866.242,15
2866.283,16
2866.324,16
2866.366,16
2866.407,15
2866.448,16
2866.49,16
2866.531,16
2866.572,15
2866.613,16
2866.655,15
2866.696,16
2866.737,16
2866.779,16
2866.82,16
2866.861,15
2866.902,16
2866.944,16
2866.985,15
2867.026,16
2867.067,15
2867.109,16
2867.15,16
2867.191,16
2867.233,16
2867.274,16
2867.315,16
2867.356,15
2867.398,15
2867.439,16
2867.48,16
2867.522,16
2867.563,16
2867.604,16
2867.645,16
2867.687,15
2867.728,16
2867.769,15
2867.811,16
2867.852,16
2867.893,16
2867.934,16
2867.976,15
2868.017,16
2868.058,17
2868.099,16
2868.141,16
2868.182,16
2868.223,16
2868.265,16
2868.306,16
2868.347,16
2868.388,16
2868.43,17
2868.471,17
2868.512,17
2868.554,17
2868.595,16
2868.636,16
2868.677,16
2868.719,21
2868.76,22
2868.801,16
2868.842,9
2868.884,16
2868.925,16
2868.966,16
2869.008,16
2869.048,8
2869.088,3
2869.129,5
2869.17,15
2869.211,16
2869.252,16
2869.294,16
2869.335,16
2869.376,16
2869.418,16
2869.459,16
2869.5,16
2869.541,16
2869.583,21
2869.624,16
2869.665,9
2869.707,15
2869.748,17
2869.789,16
2869.83,9
2869.872,16
2869.961,16
2870.002,16
2870.044,16
2870.084,9
2870.126,9
2870.167,6
2870.207,6
2870.248,8
2870.288,16
2870.33,16
2870.371,16
2870.412,16
2870.453,16
2870.495,16
2870.536,16
2870.577,16
2870.618,11
2870.66,16
2870.701,16
2870.742,16
2870.784,16
2870.825,16
2870.869,57
2870.909,16
2870.951,16
2870.992,16
2871.034,37
2871.076,17
2871.117,16
2871.158,16
2871.199,16
2871.241,16
2871.282,16
2871.323,16
2871.364,16
2871.406,16
2871.447,16
2871.488,16
2871.53,16
2871.571,16
2871.612,16
2871.653,16
2871.695,16
2871.736,16
2871.777,16
2871.819,16
2871.86,16
2871.901,16
2871.942,16
2871.984,16
2872.025,16
2872.066,16
2872.108,16
2872.149,18
2872.19,17
2872.231,17
2872.273,18
2872.315,40
2872.358,42
2872.399,17
2872.441,16
2872.482,16
2872.523,16
2872.564,16
2872.606,16
2872.647,16
2872.688,16
2872.73,16
2872.771,16
2872.812,16
2872.853,17
2872.895,29
2872.938,29
2872.98,29
2873.022,29
2873.064,18
2873.107,56
2873.148,17
2873.19,18
2873.231,16
2873.272,16
2873.313,16
2873.357,56
2873.4,56
2873.443,56
2873.486,56
2873.53,56
2873.573,56
2873.616,56
2873.659,56
2873.702,56
2873.746,56
2873.789,56
2873.832,51
2873.875,44
2873.919,57
2873.962,58
2874.005,58
2874.048,58
2874.091,58
2874.183,56
2874.227,56
2874.27,56
2874.313,56
2874.356,56
2874.399,56
2874.443,56
2874.486,56
2874.527,17
2874.57,56
2874.611,17
2874.653,17
2874.696,56
2874.739,56
2874.782,56
2874.826,56
2874.869,56
2874.91,15
2874.951,16
2874.992,16
2875.034,16
2875.077,57
2875.12,57
2875.207,57
2875.251,62
2875.295,56
2875.336,18
2875.377,15
2875.421,49
2875.462,16
2875.503,16
2875.544,16
2875.587,32
2875.628,16
2875.669,16
2875.71,16
2875.752,16
2875.793,16
2875.836,38
2875.878,37
2875.92,37
2875.962,37
2876.004,37
2876.048,56
2876.091,50
2876.134,50
2876.177,50
2876.22,50
2876.263,50
2876.307,56
2876.35,56
2876.393,56
2876.437,56
2876.477,16
2876.519,16
2876.606,16
2876.693,16
2876.781,16
2876.868,16
2876.91,17
2876.953,56
2876.996,56
2877.037,17
2877.078,16
2877.12,16
2877.161,16
2877.202,16
2877.243,16
2877.285,17
2877.326,17
2877.367,16
2877.455,16
2877.496,16
2877.54,58
2877.583,49
2877.627,58
2877.715,58
2877.759,58
2877.846,58
2877.934,58
2878.021,58
2878.108,58
2878.196,58
2878.283,58
2878.327,58
2878.415,58
2878.502,58
2878.543,15
2878.587,58
2878.631,58
2878.675,58
2878.717,16
2878.758,16
2878.8,16
2878.841,16
2878.928,16
2878.972,58
2879.016,58
2879.06,49
2879.103,49
2879.194,49
2879.237,49
2879.281,49
2879.324,58
2879.368,49
2879.411,49
2879.454,49
2879.498,49
2879.541,58
2879.629,58
2879.673,58
2879.717,49
2879.76,58
2879.804,59
2879.892,59
2879.936,58
2879.98,58
2880.024,58
2880.068,49
2880.112,58
2880.155,58
2880.198,57
2880.241,58
2880.284,49
2880.327,49
2880.414,49
2880.458,49
2880.501,58
2880.546,58
2880.59,58
2880.633,49
2880.677,49
2880.72,49
2880.763,49
2880.806,49
2880.849,49
2880.893,49
2880.936,49
2880.979,44
2881.022,44
2881.065,49
2881.109,49
2881.152,49
2881.195,49
2881.238,44
2881.281,49
2881.324,44
2881.367,44
2881.411,44
2881.454,49
2881.497,49
2881.541,49
2881.584,58
2881.628,58
2881.669,8
2881.709,8
2881.749,4
2881.79,8
2881.83,7
2881.87,7
2881.91,5
2881.951,5
2881.991,4
2882.032,8
2882.072,16
2882.116,56
2882.159,56
2882.202,58
2882.246,58
2882.333,58
2882.377,58
2882.465,58
2882.552,58
2882.596,58
2882.639,57
2882.682,58
2882.77,58
2882.814,56
2882.857,61
2882.945,61
2882.989,61
2883.033,58
2883.077,58
2883.165,58
2883.209,58
2883.253,61
2883.34,61
2883.428,61
2883.515,61
2883.559,58
2883.647,58
2883.691,60
2883.735,59
2883.822,59
2883.91,59
2883.953,58
2883.997,56
2884.04,60
2884.084,56
2884.127,56
2884.219,56
2884.263,58
2884.35,58
2884.394,58
2884.482,58
2884.526,59
2884.613,59
2884.657,58
2884.701,56
2884.744,56
2884.788,56
2884.828,16
2884.872,56
2884.915,56
2884.959,56
2885.002,56
2885.045,56
2885.132,56
2885.175,56
2885.219,56
2885.306,56
2885.393,56
2885.437,59
2885.478,17
2885.52,16
2885.561,16
2885.602,16
2885.644,16
2885.685,16
2885.726,16
2885.767,16
2885.809,16
2885.85,17
2885.937,17
2886.025,17
2886.066,17
2886.107,17
2886.148,16
2886.19,16
2886.231,16
2886.273,30
2886.315,17
2886.356,16
2886.397,16
2886.438,16
2886.48,16
2886.521,16
2886.562,16
2886.605,36
2886.647,36
2886.688,16
2886.729,16
2886.771,16
2886.812,16
2886.853,16
2886.894,16
2886.936,16
2886.977,16
2887.018,16
2887.06,16
2887.101,16
2887.142,16
2887.183,16
2887.225,16
2887.266,16
2887.307,16
2887.348,16
2887.39,16
2887.431,16
2887.472,16
2887.514,16
2887.555,16
2887.596,16
2887.637,16
2887.679,16
2887.72,16
2887.761,16
2887.803,16
2887.844,15
2887.885,16
2887.926,15
2887.968,16
2888.009,16
2888.05,16
2888.091,15
2888.133,16
2888.174,16
2888.215,16
2888.257,16
2888.298,16
2888.339,16
2888.38,16
2888.422,22
2888.463,16
2888.504,16
2888.546,16
2888.587,16
2888.629,36
2888.67,16
2888.712,16
2888.801,16
2888.842,17
2888.884,16
2888.925,16
2888.966,16
2889.007,16
2889.049,16
2889.09,16
2889.131,16
2889.172,16
2889.215,31
2889.257,32
2889.298,16
2889.339,15
2889.381,16
2889.422,16
2889.509,16
2889.551,16
2889.592,16
2889.633,16
2889.675,16
2889.716,16
2889.757,16
2889.8,49
2889.843,48
2889.885,16
2889.928,44
2889.969,16
2890.011,19
2890.052,17
2890.095,43
2890.136,16
2890.178,16
2890.219,16
2890.26,16
2890.301,16
2890.343,16
2890.384,16
2890.425,16
2890.467,16
2890.508,16
2890.549,16
2890.59,16
2890.632,16
2890.673,16
2890.714,16
2890.757,36
2890.798,16
2890.839,16
2890.88,16
2890.922,16
2890.963,16
2891.004,16
2891.045,16
2891.09,66
2891.134,64
2891.175,16
2891.216,16
2891.258,16
2891.3,29
2891.387,29
2891.475,29
2891.562,29
2891.649,29
2891.694,67
2891.781,67
2891.825,66
2891.866,17
2891.908,17
2891.95,30
2891.991,17
2892.032,17
2892.074,17
2892.115,17
2892.156,17
2892.198,17
2892.239,17
2892.281,29
2892.323,29
2892.365,29
2892.407,29
2892.449,17
2892.49,17
2892.532,17
2892.573,17
2892.614,17
2892.655,17
2892.697,17
2892.738,17
2892.779,17
2892.822,44
2892.865,38
2892.908,44
2892.951,44
2892.994,38
2893.036,36
2893.078,36
2893.119,16
2893.16,17
2893.202,17
2893.292,31
2893.336,57
2893.379,64
2893.421,17
2893.462,16
2893.503,16
2893.544,16
2893.586,16
2893.627,16
2893.668,16
2893.709,16
2893.751,16
2893.792,16
2893.833,16
2893.875,16
2893.916,16
2893.957,16
2893.998,16
2894.04,16
2894.081,16
2894.122,16
2894.164,16
2894.205,16
2894.246,16
2894.287,16
2894.329,16
2894.37,16
2894.411,16
2894.452,16
2894.494,16
2894.535,16
2894.576,16
2894.618,16
2894.659,16
2894.7,16
2894.741,16
2894.783,16
2894.824,16
2894.865,16
2894.907,16
2894.948,16
2894.989,16
2895.03,16
2895.072,16
2895.113,16
2895.154,16
2895.196,16
2895.237,16
2895.278,16
2895.319,16
2895.361,16
2895.402,16
2895.443,16
2895.484,16
2895.526,16
2895.567,16
2895.608,16
2895.65,16
2895.691,16
2895.732,16
2895.773,16
2895.815,16
2895.856,16
2895.897,16
2895.939,16
2895.98,16
2896.021,16
2896.062,16
2896.104,16
2896.145,16
2896.186,16
2896.228,16
2896.269,16
2896.31,16
2896.351,16
2896.393,16
2896.48,16
2896.524,57
2896.567,56
2896.61,56
2896.653,56
2896.696,56
2896.74,56
2896.783,56
2896.824,16
2896.867,56
2896.911,56
2896.951,16
2896.993,16
2897.036,56
2897.08,57
2897.123,67
2897.167,63
2897.211,63
2897.256,64
2897.297,16
2897.341,63
2897.385,63
2897.427,16
2897.471,64
2897.566,16
2897.61,64
2897.654,65
2897.698,62
2897.742,56
2897.785,56
2897.828,56
2897.871,56
2897.915,56
2897.958,56
2898.001,56
2898.045,67
2898.088,57
2898.132,57
2898.175,57
2898.218,51
2898.26,43
2898.305,62
2898.346,18
2898.388,22
2898.429,22
2898.47,22
2898.514,61
2898.558,62
2898.6,17
2898.641,17
2898.683,22
2898.724,17
2898.765,17
2898.806,17
2898.848,20
2898.889,18
2898.93,17
2898.971,18
2899.015,62
2899.059,62
2899.103,61
2899.145,17
2899.186,17
2899.228,18
2899.271,61
2899.313,17
2899.354,18
2899.396,17
2899.439,62
2899.483,59
2899.528,58
2899.569,16
2899.611,16
2899.652,16
2899.693,16
2899.734,16
2899.776,16
2899.817,16
2899.858,16
2899.9,16
2899.941,16
2899.984,57
2900.028,57
2900.071,63
2900.115,62
2900.159,60
2900.204,60
2900.248,60
2900.292,60
2900.334,18
2900.377,60
2900.419,16
2900.46,16
2900.502,22
2900.543,20
2900.584,16
2900.625,16
2900.667,16
2900.71,56
2900.751,9
2900.792,9
2900.833,10
2900.875,10
2900.916,16
2900.958,17
2900.999,16
2901.04,16
2901.081,10
2901.122,10
2901.164,16
2901.205,11
2901.246,16
2901.288,16
2901.329,16
2901.37,16
2901.412,16
2901.453,16
2901.495,39
2901.536,16
2901.578,17
2901.62,43
2901.663,39
2901.705,36
2901.747,16
2901.837,43
2901.881,43
2901.924,38
2901.966,39
2902.008,44
2902.052,44
2902.095,43
2902.136,17
2902.179,43
2902.222,43
2902.266,47
2902.309,49
2902.352,49
2902.396,49
2902.439,49
2902.482,49
2902.525,49
2902.568,49
2902.612,49
2902.655,49
2902.696,18
2902.739,49
2902.782,49
2902.824,17
2902.867,49
2902.908,17
2902.95,17
2902.991,18
2903.032,17
2903.073,17
2903.115,18
2903.156,18
2903.197,18
2903.24,49
2903.284,49
2903.325,18
2903.366,18
2903.408,19
2903.451,49
2903.494,49
2903.535,18
2903.576,17
2903.62,49
2903.663,49
2903.706,49
2903.749,49
2903.793,57
2903.835,43
2903.879,45
2903.922,45
2903.965,45
2904.008,45
2904.051,43
2904.094,43
2904.138,42
2904.181,43
2904.224,43
2904.267,43
2904.31,40
2904.353,43
2904.396,43
2904.439,43
2904.482,43
2904.525,40
2904.568,43
2904.611,43
2904.654,42
2904.697,40
2904.739,43
2904.783,42
2904.826,43
2904.869,43
2904.912,43
2904.955,43
2904.999,43
2905.042,43
2905.084,16
2905.126,43
2905.17,43
2905.213,43
2905.256,42
2905.299,43
2905.342,43
2905.386,45
2905.429,43
2905.472,43
2905.515,43
2905.558,45
2905.602,43
2905.645,43
2905.688,42
2905.731,43
2905.774,43
2905.818,43
2905.861,43
2905.904,43
2905.947,43
2905.99,42
2906.078,42
2906.165,42
2906.301,42
2906.388,42
2906.476,42
2906.563,42
2906.65,42
2906.738,42
2906.825,42
2906.868,52
2906.912,60
2906.956,61
2907.0,59
2907.044,52
2907.086,29
2907.128,29
2907.172,52
2907.214,29
2907.256,29
2907.3,58
2907.344,59
2907.388,52
2907.431,51
2907.475,59
2907.518,42
2907.562,59
2907.606,60
2907.65,60
2907.694,60
2907.739,61
2907.783,60
2907.87,60
2907.914,60
2907.958,61
2908.003,61
2908.047,61
2908.091,61
2908.132,16
2908.174,16
2908.215,16
2908.256,16
2908.298,16
2908.339,16
2908.38,16
2908.421,16
2908.463,16
2908.504,16
2908.546,36
2908.588,16
2908.629,16
2908.67,16
2908.711,16
2908.753,16
2908.794,16
2908.835,16
2908.876,16
2908.918,16
2908.959,16
2909.0,16
2909.042,16
2909.083,16
2909.124,16
2909.165,16
2909.207,16
2909.248,16
2909.289,16
2909.331,16
2909.372,16
2909.413,16
2909.454,16
2909.496,16
2909.537,16
2909.578,16
2909.62,16
2909.661,16
2909.702,16
2909.743,16
2909.785,16
2909.826,16
2909.867,16
2909.908,16
2909.95,16
2909.991,16
2910.032,16
2910.074,16
2910.115,16
2910.156,16
2910.197,16
2910.239,16
2910.28,16
2910.321,16
2910.363,16
2910.404,16
2910.445,16
2910.486,16
2910.528,16
2910.569,16
2910.61,16
2910.652,16
2910.693,16
2910.734,16
2910.775,16
2910.865,16
2910.906,16
2910.947,16
2910.988,16
2911.03,16
2911.071,16
2911.112,16
2911.154,16
2911.195,16
2911.236,16
2911.277,16
2911.319,16
2911.36,16
2911.401,16
2911.443,16
2911.484,16
2911.525,16
2911.566,16
2911.608,16
2911.649,16
2911.69,16
2911.732,16
2911.773,16
2911.814,16
2911.855,16
2911.897,16
2911.938,16
2911.979,16
2912.02,16
2912.062,16
2912.103,16
2912.144,16
2912.186,16
2912.227,16
2912.268,16
2912.309,16
2912.351,16
2912.392,16
2912.433,16
2912.475,16
2912.516,16
2912.557,16
2912.598,16
2912.64,16
2912.681,16
2912.722,16
2912.764,16
2912.805,16
2912.846,16
2912.887,16
2912.929,16
2912.97,16
2913.011,16
2913.052,16
2913.094,16
2913.135,16
2913.176,16
2913.218,16
2913.259,16
2913.3,16
2913.341,16
2913.383,16
2913.424,16
2913.465,16
2913.507,16
2913.548,16
2913.589,16
2913.63,16
2913.672,16
2913.713,16
2913.754,16
2913.796,16
2913.837,16
2913.878,16
2913.919,16
2913.961,16
2914.002,16
2914.043,16
2914.084,16
2914.126,16
2914.167,16
2914.208,16
2914.25,16
2914.291,16
2914.332,16
2914.373,16
2914.415,16
2914.456,16
2914.497,16
2914.539,16
2914.58,16
2914.621,16
2914.662,16
2914.704,16
2914.791,16
2914.878,16
2914.966,16
2915.053,16
2915.14,16
2915.228,16
2915.363,16
2915.407,62
2915.495,62
2915.582,62
2915.669,62
2915.757,62
2915.844,62
2915.932,62
2916.019,62
2916.061,29
2916.103,29
2916.145,29
2916.233,29
2916.275,29
2916.317,29
2916.359,29
2916.402,29
2916.444,29
2916.486,29
2916.528,29
2916.616,29
2916.66,59
2916.704,59
2916.748,58
2916.79,29
2916.832,29
2916.874,29
2916.918,58
2916.96,29
2917.004,58
2917.049,58
2917.092,42
2917.135,42
2917.178,42
2917.221,42
2917.265,42
2917.308,42
2917.351,42
2917.394,42
2917.437,42
2917.481,42
2917.524,42
2917.612,42
2917.699,42
2917.786,42
2917.874,42
2917.961,42
2918.003,29
2918.091,29
2918.178,29
2918.265,29
2918.353,29
2918.44,29
2918.527,29
2918.615,29
2918.702,29
2918.789,29
2918.877,29
2918.964,29
2919.052,29
2919.139,29
2919.226,29
2919.314,29
2919.401,29
2919.488,29
2919.576,29
2919.663,29
2919.75,29
2919.795,65
2919.839,65
2919.926,65
2920.013,65
2920.101,65
2920.188,65
2920.276,65
2920.363,65
2920.45,65
2920.538,65
2920.625,65
2920.712,65
2920.8,65
2920.887,65
2920.974,65
2921.062,65
2921.149,65
2921.236,65
2921.324,65
2921.411,65
2921.499,65
2921.586,65
2921.673,65
2921.761,65
2921.848,65
2921.935,65
2922.023,65
2922.11,65
2922.197,65
2922.285,65
2922.372,65
2922.46,65
2922.595,65
2922.682,65
2922.77,65
2922.857,65
2922.944,65
2923.032,65
2923.119,65
2923.206,65
2923.294,65
2923.381,65
2923.468,65
2923.556,65
2923.643,65
2923.687,60
2923.775,60
2923.862,60
2923.949,60
2924.037,60
2924.124,60
2924.168,61
2924.212,57
2924.299,57
2924.343,61
2924.387,61
2924.475,61
2924.517,30
2924.559,30
2924.603,59
2924.647,61
2924.691,59
2924.735,62
2924.823,62
2924.91,62
2924.953,42
2925.041,42
2925.128,42
2925.216,42
2925.26,63
2925.303,56
2925.347,64
2925.391,57
2925.434,64
2925.475,10
2925.517,16
2925.558,16
2925.6,16
2925.641,16
2925.682,16
2925.724,22
2925.764,10
2925.806,11
2925.847,9
2925.888,9
2925.93,9
2925.971,9
2926.012,9
2926.053,9
2926.095,9
2926.136,9
2926.177,9
2926.218,9
2926.26,9
2926.301,9
2926.342,9
2926.384,9
2926.425,9
2926.466,9
2926.507,9
2926.549,9
2926.59,9
2926.631,9
2926.673,9
2926.714,9
2926.755,9
2926.796,9
2926.838,9
2926.879,9
2926.92,9
2926.962,9
2927.003,9
2927.044,9
2927.085,9
2927.127,9
2927.168,9
2927.209,9
2927.25,9
2927.292,9
2927.333,9
2927.374,9
2927.416,9
2927.457,9
2927.498,9
2927.539,9
2927.581,9
2927.622,9
2927.663,9
2927.705,9
2927.746,9
2927.787,9
2927.828,9
2927.918,9
2927.959,9
2928.0,9
2928.042,9
2928.083,9
2928.124,9
2928.165,9
2928.207,9
2928.248,9
2928.289,9
2928.33,9
2928.372,9
2928.413,9
2928.454,9
2928.496,9
2928.537,9
2928.578,9
2928.619,9
2928.661,9
2928.702,9
2928.743,9
2928.785,9
2928.826,9
2928.867,9
2928.908,9
2928.95,9
2928.991,9
2929.032,9
2929.074,9
2929.115,9
2929.156,9
2929.197,9
2929.239,9
2929.28,9
2929.321,9
2929.362,9
2929.404,9
2929.445,9
2929.486,9
2929.528,9
2929.569,9
2929.61,9
2929.651,9
2929.693,9
2929.734,9
2929.775,9
2929.817,9
2929.858,9
2929.899,9
2929.94,9
2929.982,9
2930.023,9
2930.064,9
2930.106,9
2930.147,9
2930.188,9
2930.229,9
2930.271,9
2930.312,9
2930.353,9
2930.394,9
2930.436,9
2930.477,9
2930.518,9
2930.56,9
2930.601,9
2930.642,9
2930.683,9
2930.725,9
2930.766,11
2930.808,16
2930.849,16
2930.89,16
2930.931,15
2930.973,11
2931.014,11
2931.055,11
2931.096,11
2931.138,11
2931.179,11
2931.22,11
2931.261,11
2931.303,11
2931.344,11
2931.385,11
2931.427,11
2931.468,11
2931.509,11
2931.551,15
2931.592,11
2931.633,11
2931.674,11
2931.716,11
2931.757,11
2931.798,11
2931.839,11
2931.881,11
2931.922,11
2931.963,11
2932.005,11
2932.094,11
2932.135,16
2932.176,11
2932.218,11
2932.259,11
2932.3,11
2932.341,11
2932.383,16
2932.424,16
2932.466,15
2932.507,16
2932.548,16
2932.589,16
2932.631,16
2932.672,11
2932.713,11
2932.755,15
2932.796,11
2932.837,16
2932.878,11
2932.919,11
2932.961,11
2933.002,11
2933.043,11
2933.085,11
2933.126,11
2933.167,11
2933.208,11
2933.25,11
2933.291,11
2933.332,11
2933.373,11
2933.415,11
2933.456,11
2933.497,11
2933.539,11
2933.58,11
2933.621,11
2933.662,11
2933.704,11
2933.745,11
2933.786,11
2933.827,9
2933.869,9
2933.91,16
2933.952,16
2933.993,16
2934.034,16
2934.076,16
2934.117,16
2934.158,16
2934.199,16
2934.241,16
2934.282,16
2934.323,16
2934.364,16
2934.406,16
2934.447,16
2934.488,16
2934.53,16
2934.571,16
2934.612,16
2934.653,16
2934.695,16
2934.736,16
2934.777,16
2934.819,16
2934.86,16
2934.901,16
2934.942,16
2934.984,16
2935.025,16
2935.066,16
2935.108,16
2935.149,16
2935.19,16
2935.231,16
2935.273,16
2935.314,16
2935.355,16
2935.396,16
2935.438,16
2935.479,16
2935.52,16
2935.562,16
2935.603,16
2935.644,16
2935.685,16
2935.727,16
2935.768,16
2935.81,35
2935.854,57
2935.895,17
2935.938,56
2935.982,56
2936.025,56
2936.066,16
2936.107,16
2936.148,16
2936.189,16
2936.284,16
2936.326,16
2936.367,16
2936.408,16
2936.45,16
2936.491,16
2936.532,16
2936.573,16
2936.615,16
2936.656,16
2936.697,16
2936.739,16
2936.78,16
2936.821,16
2936.862,16
2936.904,16
2936.945,16
2936.986,16
2937.028,16
2937.069,16
2937.11,16
2937.151,16
2937.193,16
2937.234,16
2937.275,16
2937.316,16
2937.358,16
2937.399,16
2937.44,16
2937.482,16
2937.523,16
2937.564,16
2937.605,16
2937.647,15
2937.688,15
2937.729,16
2937.771,16
2937.812,16
2937.853,16
2937.894,16
2937.936,17
2937.977,16
2938.018,16
2938.06,16
2938.101,16
2938.142,16
2938.183,16
2938.226,36
2938.267,16
2938.308,16
2938.349,17
2938.391,17
2938.432,16
2938.473,17
2938.515,17
2938.556,17
2938.597,16
2938.638,16
2938.68,16
2938.721,16
2938.762,16
2938.804,17
2938.845,17
2938.886,17
2938.928,35
2938.97,16
2939.012,36
2939.054,36
2939.097,36
2939.138,16
2939.18,36
2939.221,16
2939.264,35
2939.306,36
2939.347,17
2939.388,16
2939.431,35
2939.473,36
2939.515,36
2939.556,17
2939.597,16
2939.639,15
2939.68,18
2939.721,17
2939.763,17
2939.804,16
2939.846,36
2939.887,17
2939.929,16
2939.97,17
2940.011,17
2940.055,61
2940.097,17
2940.138,16
2940.179,17
2940.222,36
2940.263,16
2940.304,16
2940.345,17
2940.387,17
2940.476,17
2940.517,16
2940.558,17
2940.6,16
2940.642,35
2940.683,17
2940.725,17
2940.766,17
2940.807,17
2940.848,17
2940.89,17
2940.931,15
2940.972,16
2941.013,16
2941.055,17
2941.096,18
2941.137,16
2941.181,49
2941.224,49
2941.265,16
2941.306,16
2941.348,16
2941.389,16
2941.43,16
2941.473,52
2941.517,56
2941.56,58
2941.601,16
2941.642,16
2941.684,16
2941.725,16
2941.766,16
2941.807,16
2941.849,16
2941.89,16
2941.931,16
2942.019,16
2942.059,9
2942.101,9
2942.142,9
2942.183,9
2942.224,8
2942.265,9
2942.306,10
2942.347,10
2942.389,17
2942.43,16
2942.472,17
2942.513,17
2942.554,16
2942.596,16
2942.637,16
2942.678,16
2942.719,16
2942.807,16
2942.894,16
2942.981,16
2943.069,16
2943.156,16
2943.244,16
2943.331,16
2943.375,62
2943.462,62
2943.504,16
2943.546,30
2943.588,30
2943.63,30
2943.672,16
2943.714,30
2943.756,30
2943.799,36
2943.841,36
2943.884,57
2943.926,30
2943.968,30
2944.01,16
2944.053,45
2944.094,16
2944.135,10
2944.176,10
2944.217,8
2944.258,8
2944.298,8
2944.338,6
2944.379,8
2944.419,7
2944.459,7
2944.5,7
2944.54,10
2944.581,3
2944.621,3
2944.662,3
2944.702,3
2944.742,3
2944.783,3
2944.823,3
2944.863,3
2944.904,3
2944.944,3
2944.984,3
2945.073,3
2945.114,3
2945.154,4
2945.195,9
2945.237,31
2945.281,57
2945.323,36
2945.365,36
2945.408,36
2945.449,30
2945.491,16
2945.532,16
2945.576,61
2945.618,16
2945.659,16
2945.7,16
2945.742,30
2945.786,57
2945.828,30
2945.87,30
2945.912,31
2945.954,29
2945.997,30
2946.04,56
2946.084,56
2946.127,56
2946.214,56
2946.258,63
2946.3,31
2946.342,30
2946.386,56
2946.428,31
2946.471,56
2946.513,31
2946.557,56
2946.6,56
2946.642,31
2946.686,56
2946.727,30
2946.771,56
2946.814,56
2946.857,56
2946.901,56
2946.944,56
2946.987,56
2947.03,56
2947.073,52
2947.116,52
2947.159,51
2947.203,51
2947.246,51
2947.289,50
2947.332,51
2947.375,51
2947.419,51
2947.462,51
2947.505,52
2947.548,51
2947.591,51
2947.635,52
2947.678,51
2947.721,51
2947.764,51
2947.807,51
2947.851,51
2947.894,51
2947.937,51
2947.98,51
2948.023,51
2948.067,51
2948.11,51
2948.153,51
2948.196,50
2948.239,51
2948.283,51
2948.326,50
2948.369,50
2948.412,49
2948.455,49
2948.499,51
2948.542,51
2948.585,49
2948.628,50
2948.671,50
2948.716,70
2948.757,16
2948.801,66
2948.845,56
2948.887,51
2948.931,50
2948.974,51
2949.017,50
2949.058,16
2949.1,16
2949.141,16
2949.184,56
2949.228,56
2949.271,56
2949.312,16
2949.353,16
2949.445,55
2949.488,54
2949.531,56
2949.575,68
2949.619,68
2949.663,68
2949.707,68
2949.751,66
2949.795,51
2949.836,16
2949.877,16
2949.918,16
2949.96,19
2950.001,16
2950.042,16
2950.084,16
2950.125,16
2950.166,16
2950.207,16
2950.249,16
2950.292,57
2950.334,29
2950.376,29
2950.418,16
2950.459,16
2950.5,16
2950.541,16
2950.585,49
2950.628,49
2950.67,30
2950.712,29
2950.754,16
2950.795,16
2950.838,45
2950.881,45
2950.923,30
2950.966,30
2951.008,30
2951.049,16
2951.091,16
2951.133,29
2951.175,29
2951.217,29
2951.259,29
2951.302,29
2951.344,29
2951.387,50
2951.429,29
2951.471,29
2951.514,30
2951.601,30
2951.689,30
2951.776,30
2951.863,30
2951.951,30
2951.994,59
2952.082,59
2952.17,59
2952.257,59
2952.344,59
2952.388,58
2952.432,61
2952.52,61
2952.564,59
2952.652,59
2952.695,59
2952.738,37
2952.78,37
2952.823,37
2952.866,58
2952.909,58
2952.953,58
2952.998,58
2953.042,58
2953.086,58
2953.13,58
2953.174,59
2953.262,59
2953.349,59
2953.437,59
2953.48,51
2953.524,59
2953.568,59
2953.612,52
2953.655,58
2953.698,37
2953.74,37
2953.784,58
2953.828,59
2953.872,59
2953.916,59
2953.961,59
2954.005,58
2954.049,58
2954.091,29
2954.134,29
2954.176,29
2954.218,35
2954.261,35
2954.303,35
